unsigned char output_pcm[] = {
  0x7f, 0x7f, 0x7f, 0x7f, 0x7f, 0x7f, 0x7f, 0x7f, 0x7f, 0x7f, 0x7f, 0x7f,
  0x7f, 0x7f, 0x7f, 0x7f, 0x7f, 0x7f, 0x7f, 0x7f, 0x7f, 0x7f, 0x7f, 0x7f,
  0x7f, 0x7f, 0x7f, 0x7f, 0x7f, 0x7f, 0x7f, 0x7f, 0x7f, 0x7f, 0x7f, 0x7f,
  0x7f, 0x7f, 0x7f, 0x7f, 0x7f, 0x7f, 0x7f, 0x7f, 0x7f, 0x7f, 0x7f, 0x7f,
  0x7f, 0x7f, 0x7f, 0x7f, 0x7f, 0x7f, 0x7f, 0x7f, 0x7f, 0x7f, 0x7f, 0x7f,
  0x7f, 0x7f, 0x7f, 0x7f, 0x7f, 0x7e, 0x7f, 0x7e, 0x7f, 0x7e, 0x7f, 0x7e,
  0x7f, 0x7e, 0x7f, 0x7f, 0x7e, 0x7f, 0x7e, 0x7f, 0x7e, 0x7f, 0x7e, 0x7f,
  0x7e, 0x7f, 0x7e, 0x7f, 0x7e, 0x7e, 0x7f, 0x7e, 0x7e, 0x7e, 0x7f, 0x7e,
  0x7f, 0x7e, 0x7f, 0x7f, 0x7e, 0x7f, 0x7e, 0x7f, 0x7e, 0x7f, 0x7f, 0x7f,
  0x7e, 0x7f, 0x7f, 0x7e, 0x7f, 0x7e, 0x7f, 0x7e, 0x7f, 0x80, 0x7f, 0x7e,
  0x7f, 0x7f, 0x7e, 0x7f, 0x7f, 0x7f, 0x7e, 0x7f, 0x7f, 0x7e, 0x7f, 0x7e,
  0x7e, 0x7f, 0x7e, 0x7f, 0x7f, 0x7e, 0x7f, 0x7e, 0x7f, 0x7e, 0x7f, 0x7f,
  0x7e, 0x7e, 0x7f, 0x7e, 0x7f, 0x7e, 0x7e, 0x7f, 0x7e, 0x7f, 0x7e, 0x7f,
  0x7f, 0x7e, 0x7f, 0x7e, 0x7f, 0x7e, 0x7f, 0x7e, 0x7f, 0x7e, 0x7f, 0x7f,
  0x7f, 0x7e, 0x7f, 0x7f, 0x7e, 0x7f, 0x7f, 0x7f, 0x7e, 0x7e, 0x7f, 0x7f,
  0x7f, 0x7e, 0x7f, 0x7f, 0x7e, 0x7d, 0x80, 0x7f, 0x7e, 0x7f, 0x7e, 0x7f,
  0x7e, 0x7e, 0x80, 0x7f, 0x7d, 0x7e, 0x7f, 0x80, 0x7c, 0x7e, 0x81, 0x7e,
  0x7e, 0x7e, 0x7f, 0x7f, 0x7d, 0x7f, 0x7f, 0x7e, 0x7f, 0x7e, 0x7f, 0x7e,
  0x7e, 0x80, 0x7e, 0x7e, 0x7e, 0x7f, 0x7f, 0x7e, 0x7f, 0x7f, 0x7e, 0x7e,
  0x7f, 0x7f, 0x7f, 0x7e, 0x80, 0x7f, 0x7e, 0x7e, 0x7f, 0x80, 0x7d, 0x7f,
  0x7f, 0x7f, 0x7e, 0x7f, 0x7f, 0x7f, 0x7e, 0x7f, 0x7f, 0x7f, 0x7e, 0x7e,
  0x7f, 0x7e, 0x7f, 0x7f, 0x7f, 0x7e, 0x7e, 0x7f, 0x7e, 0x7f, 0x7e, 0x7e,
  0x7f, 0x7f, 0x7e, 0x7f, 0x7f, 0x7e, 0x7e, 0x7f, 0x7f, 0x7e, 0x7f, 0x7e,
  0x7f, 0x7e, 0x7e, 0x80, 0x7f, 0x7e, 0x7f, 0x7f, 0x80, 0x7c, 0x7f, 0x80,
  0x7e, 0x7f, 0x7e, 0x81, 0x7e, 0x7d, 0x81, 0x7f, 0x7e, 0x7e, 0x80, 0x82,
  0x7d, 0x7e, 0x81, 0x7f, 0x7e, 0x7e, 0x80, 0x7f, 0x7d, 0x7e, 0x80, 0x80,
  0x7d, 0x7d, 0x80, 0x7e, 0x7d, 0x80, 0x80, 0x7e, 0x7d, 0x7f, 0x7f, 0x7e,
  0x7e, 0x7f, 0x7f, 0x7e, 0x7e, 0x7f, 0x7f, 0x7d, 0x7e, 0x80, 0x7f, 0x7e,
  0x7f, 0x7e, 0x7e, 0x7e, 0x7f, 0x7f, 0x7e, 0x7f, 0x7f, 0x7e, 0x7f, 0x7e,
  0x80, 0x7f, 0x7e, 0x7f, 0x7f, 0x7f, 0x7e, 0x7f, 0x7f, 0x7e, 0x7f, 0x7f,
  0x7f, 0x80, 0x7d, 0x7e, 0x80, 0x7e, 0x7e, 0x7e, 0x80, 0x7e, 0x7e, 0x80,
  0x80, 0x7f, 0x7e, 0x7e, 0x81, 0x7f, 0x7e, 0x80, 0x80, 0x7e, 0x7d, 0x81,
  0x80, 0x7e, 0x7e, 0x7f, 0x7f, 0x7e, 0x7d, 0x80, 0x81, 0x7d, 0x7e, 0x81,
  0x80, 0x7a, 0x81, 0x81, 0x7d, 0x7d, 0x7f, 0x82, 0x7e, 0x7d, 0x7f, 0x7f,
  0x7e, 0x7b, 0x80, 0x82, 0x7a, 0x7e, 0x80, 0x81, 0x7e, 0x7d, 0x83, 0x7e,
  0x7d, 0x80, 0x7f, 0x81, 0x7c, 0x7e, 0x81, 0x7f, 0x7e, 0x7e, 0x82, 0x7f,
  0x7d, 0x80, 0x7e, 0x7f, 0x7f, 0x7e, 0x81, 0x80, 0x7f, 0x7f, 0x7f, 0x7f,
  0x7e, 0x80, 0x80, 0x7e, 0x7f, 0x7f, 0x7e, 0x7f, 0x7f, 0x7f, 0x7f, 0x7e,
  0x7f, 0x7e, 0x7f, 0x7e, 0x7f, 0x7f, 0x7e, 0x7e, 0x81, 0x7f, 0x7e, 0x7f,
  0x7f, 0x7f, 0x7e, 0x7f, 0x81, 0x7f, 0x7d, 0x7e, 0x82, 0x80, 0x7b, 0x7f,
  0x82, 0x7d, 0x7d, 0x80, 0x81, 0x7e, 0x7c, 0x7f, 0x83, 0x7d, 0x7d, 0x81,
  0x82, 0x7c, 0x7c, 0x83, 0x81, 0x7c, 0x7f, 0x80, 0x81, 0x7d, 0x7e, 0x82,
  0x7f, 0x7c, 0x7d, 0x82, 0x80, 0x7c, 0x80, 0x82, 0x7d, 0x7e, 0x80, 0x81,
  0x7e, 0x7d, 0x7f, 0x7f, 0x80, 0x7d, 0x80, 0x81, 0x7c, 0x7f, 0x80, 0x80,
  0x7d, 0x7d, 0x80, 0x7e, 0x7f, 0x7e, 0x7f, 0x80, 0x7d, 0x7e, 0x80, 0x7f,
  0x7e, 0x7e, 0x80, 0x7f, 0x7e, 0x80, 0x7f, 0x80, 0x7e, 0x7e, 0x80, 0x7f,
  0x7e, 0x7e, 0x81, 0x7f, 0x7c, 0x81, 0x80, 0x7e, 0x7f, 0x7f, 0x80, 0x7e,
  0x7f, 0x80, 0x7e, 0x7f, 0x7e, 0x80, 0x80, 0x7c, 0x80, 0x7f, 0x7d, 0x7e,
  0x7f, 0x81, 0x7d, 0x7e, 0x83, 0x80, 0x7e, 0x7f, 0x81, 0x80, 0x7a, 0x7f,
  0x84, 0x80, 0x7c, 0x7f, 0x83, 0x7e, 0x7b, 0x81, 0x81, 0x7c, 0x7c, 0x7f,
  0x82, 0x7e, 0x7b, 0x82, 0x83, 0x7b, 0x7c, 0x82, 0x81, 0x7b, 0x7d, 0x82,
  0x7f, 0x7e, 0x7e, 0x80, 0x80, 0x7c, 0x7d, 0x82, 0x81, 0x7d, 0x7f, 0x80,
  0x7f, 0x7d, 0x80, 0x80, 0x7e, 0x7f, 0x7e, 0x80, 0x81, 0x7d, 0x7e, 0x80,
  0x7f, 0x7e, 0x7f, 0x81, 0x7d, 0x7e, 0x80, 0x7f, 0x80, 0x7e, 0x7e, 0x80,
  0x7e, 0x7e, 0x7f, 0x81, 0x7d, 0x7c, 0x82, 0x7f, 0x7d, 0x80, 0x7f, 0x80,
  0x7e, 0x7e, 0x81, 0x7e, 0x7f, 0x7e, 0x82, 0x7f, 0x7d, 0x83, 0x81, 0x7c,
  0x7f, 0x81, 0x7f, 0x7e, 0x7e, 0x80, 0x7f, 0x7d, 0x7f, 0x82, 0x7f, 0x7b,
  0x80, 0x82, 0x7e, 0x7d, 0x80, 0x81, 0x7d, 0x7e, 0x80, 0x80, 0x7f, 0x7d,
  0x81, 0x81, 0x7a, 0x80, 0x82, 0x7f, 0x7a, 0x7e, 0x83, 0x7c, 0x7e, 0x7f,
  0x80, 0x7e, 0x7d, 0x80, 0x81, 0x7e, 0x7d, 0x7f, 0x83, 0x7e, 0x7a, 0x83,
  0x80, 0x7f, 0x7f, 0x7f, 0x81, 0x7d, 0x7d, 0x7f, 0x82, 0x80, 0x7e, 0x80,
  0x82, 0x7d, 0x7e, 0x81, 0x7f, 0x7e, 0x7d, 0x80, 0x80, 0x7f, 0x7e, 0x7f,
  0x82, 0x7d, 0x7e, 0x81, 0x80, 0x7c, 0x7f, 0x7f, 0x80, 0x7f, 0x80, 0x80,
  0x7e, 0x7e, 0x7d, 0x80, 0x7f, 0x7e, 0x7f, 0x81, 0x7d, 0x80, 0x82, 0x7e,
  0x7e, 0x80, 0x81, 0x7d, 0x7e, 0x82, 0x7f, 0x7e, 0x7f, 0x80, 0x82, 0x7c,
  0x7c, 0x83, 0x7e, 0x7c, 0x81, 0x83, 0x80, 0x79, 0x80, 0x83, 0x7c, 0x7f,
  0x7f, 0x81, 0x7e, 0x7b, 0x84, 0x83, 0x7d, 0x7d, 0x81, 0x82, 0x79, 0x7f,
  0x84, 0x7e, 0x7e, 0x7d, 0x81, 0x82, 0x7e, 0x7f, 0x7f, 0x80, 0x7c, 0x7d,
  0x84, 0x7e, 0x7c, 0x80, 0x7f, 0x7f, 0x7e, 0x80, 0x7f, 0x7f, 0x7e, 0x7f,
  0x84, 0x7f, 0x7c, 0x80, 0x82, 0x7f, 0x7d, 0x81, 0x82, 0x7c, 0x7d, 0x7f,
  0x83, 0x81, 0x7b, 0x81, 0x83, 0x7d, 0x7c, 0x83, 0x83, 0x7b, 0x7d, 0x82,
  0x80, 0x7e, 0x7e, 0x81, 0x82, 0x7c, 0x7d, 0x83, 0x82, 0x7a, 0x7e, 0x84,
  0x7e, 0x7f, 0x80, 0x7f, 0x7e, 0x7e, 0x80, 0x81, 0x7f, 0x7e, 0x7f, 0x80,
  0x7e, 0x7d, 0x83, 0x7e, 0x79, 0x81, 0x81, 0x7d, 0x80, 0x81, 0x7f, 0x7c,
  0x7e, 0x82, 0x80, 0x7f, 0x7e, 0x81, 0x80, 0x7b, 0x80, 0x84, 0x7d, 0x7c,
  0x80, 0x80, 0x7f, 0x80, 0x7f, 0x80, 0x7f, 0x7e, 0x7f, 0x82, 0x80, 0x7c,
  0x80, 0x82, 0x7e, 0x80, 0x80, 0x7f, 0x7f, 0x7e, 0x80, 0x81, 0x80, 0x7c,
  0x7d, 0x84, 0x7d, 0x7d, 0x83, 0x7e, 0x80, 0x7e, 0x80, 0x81, 0x7e, 0x7f,
  0x7e, 0x82, 0x80, 0x7b, 0x85, 0x81, 0x7a, 0x80, 0x82, 0x81, 0x7c, 0x7f,
  0x81, 0x7c, 0x7f, 0x7e, 0x83, 0x82, 0x78, 0x80, 0x81, 0x7d, 0x7e, 0x82,
  0x84, 0x7a, 0x7d, 0x84, 0x7f, 0x7f, 0x7e, 0x80, 0x81, 0x7e, 0x7f, 0x82,
  0x7f, 0x7c, 0x80, 0x82, 0x7f, 0x7f, 0x80, 0x7e, 0x7e, 0x80, 0x80, 0x80,
  0x7f, 0x7e, 0x7e, 0x80, 0x7e, 0x80, 0x82, 0x7d, 0x7d, 0x81, 0x82, 0x7e,
  0x81, 0x82, 0x7d, 0x7e, 0x80, 0x7f, 0x80, 0x7e, 0x7d, 0x80, 0x7f, 0x7e,
  0x7f, 0x83, 0x7e, 0x7c, 0x81, 0x80, 0x7f, 0x7f, 0x7e, 0x7f, 0x80, 0x7f,
  0x7f, 0x82, 0x81, 0x7b, 0x7f, 0x83, 0x80, 0x7e, 0x7f, 0x7f, 0x80, 0x7e,
  0x7f, 0x84, 0x80, 0x79, 0x7e, 0x83, 0x7e, 0x7c, 0x81, 0x81, 0x7c, 0x7e,
  0x82, 0x82, 0x7e, 0x7c, 0x80, 0x82, 0x7c, 0x7c, 0x83, 0x81, 0x7b, 0x7f,
  0x84, 0x80, 0x7c, 0x80, 0x80, 0x7e, 0x7e, 0x80, 0x83, 0x7f, 0x7b, 0x81,
  0x82, 0x7f, 0x7c, 0x82, 0x80, 0x7b, 0x81, 0x82, 0x80, 0x7f, 0x7e, 0x80,
  0x7f, 0x7e, 0x7f, 0x7f, 0x80, 0x7c, 0x7f, 0x84, 0x7e, 0x80, 0x81, 0x7d,
  0x7f, 0x7f, 0x82, 0x7f, 0x7f, 0x81, 0x7c, 0x82, 0x80, 0x7e, 0x80, 0x7d,
  0x7f, 0x81, 0x7f, 0x80, 0x7e, 0x7f, 0x7f, 0x7e, 0x83, 0x7f, 0x80, 0x80,
  0x7c, 0x80, 0x81, 0x7f, 0x7e, 0x80, 0x80, 0x7e, 0x7f, 0x82, 0x81, 0x7e,
  0x7e, 0x80, 0x81, 0x7f, 0x7b, 0x84, 0x83, 0x78, 0x7f, 0x84, 0x80, 0x7c,
  0x7e, 0x84, 0x7f, 0x7d, 0x80, 0x83, 0x80, 0x7a, 0x80, 0x86, 0x7d, 0x7c,
  0x81, 0x82, 0x7c, 0x7c, 0x85, 0x81, 0x7f, 0x7e, 0x80, 0x84, 0x7e, 0x7d,
  0x82, 0x80, 0x7e, 0x7e, 0x84, 0x7f, 0x7c, 0x82, 0x80, 0x80, 0x80, 0x7f,
  0x80, 0x7e, 0x7e, 0x80, 0x81, 0x80, 0x7e, 0x80, 0x80, 0x7c, 0x80, 0x80,
  0x7e, 0x80, 0x80, 0x7e, 0x80, 0x81, 0x7f, 0x7f, 0x81, 0x7d, 0x7e, 0x81,
  0x81, 0x7f, 0x7f, 0x80, 0x7e, 0x81, 0x80, 0x7f, 0x82, 0x7d, 0x7e, 0x82,
  0x7f, 0x7f, 0x7f, 0x81, 0x7f, 0x7d, 0x84, 0x80, 0x7d, 0x80, 0x7e, 0x82,
  0x80, 0x7d, 0x82, 0x7f, 0x7d, 0x80, 0x83, 0x81, 0x7a, 0x82, 0x83, 0x7a,
  0x80, 0x80, 0x80, 0x80, 0x7b, 0x82, 0x81, 0x7d, 0x7e, 0x81, 0x83, 0x7a,
  0x7f, 0x87, 0x7c, 0x7c, 0x80, 0x82, 0x80, 0x7c, 0x80, 0x82, 0x7e, 0x7b,
  0x81, 0x86, 0x7e, 0x7a, 0x81, 0x82, 0x7c, 0x7e, 0x82, 0x80, 0x7f, 0x7e,
  0x80, 0x82, 0x7e, 0x7e, 0x80, 0x81, 0x7e, 0x7e, 0x82, 0x80, 0x7e, 0x7f,
  0x7f, 0x82, 0x80, 0x7e, 0x80, 0x80, 0x80, 0x7d, 0x83, 0x83, 0x7c, 0x80,
  0x7f, 0x80, 0x81, 0x7e, 0x81, 0x80, 0x7e, 0x7f, 0x7f, 0x82, 0x7c, 0x7e,
  0x84, 0x7c, 0x80, 0x81, 0x80, 0x7f, 0x7d, 0x82, 0x80, 0x7e, 0x81, 0x7e,
  0x80, 0x7e, 0x7f, 0x83, 0x80, 0x7c, 0x81, 0x81, 0x7e, 0x7f, 0x82, 0x81,
  0x7c, 0x80, 0x83, 0x80, 0x7d, 0x80, 0x80, 0x80, 0x7c, 0x80, 0x87, 0x7c,
  0x7c, 0x82, 0x80, 0x7f, 0x7e, 0x85, 0x83, 0x7b, 0x7f, 0x80, 0x80, 0x7e,
  0x7b, 0x86, 0x82, 0x7b, 0x81, 0x83, 0x80, 0x7c, 0x80, 0x85, 0x7e, 0x80,
  0x80, 0x80, 0x82, 0x7d, 0x7f, 0x84, 0x7e, 0x7e, 0x80, 0x82, 0x80, 0x7d,
  0x82, 0x7f, 0x7e, 0x7f, 0x7d, 0x83, 0x81, 0x7e, 0x80, 0x82, 0x80, 0x7d,
  0x81, 0x82, 0x7e, 0x7f, 0x80, 0x81, 0x81, 0x7d, 0x80, 0x83, 0x80, 0x7d,
  0x81, 0x83, 0x7c, 0x7e, 0x84, 0x80, 0x7f, 0x80, 0x80, 0x7f, 0x7e, 0x7f,
  0x82, 0x81, 0x7d, 0x80, 0x80, 0x7e, 0x7f, 0x81, 0x81, 0x7b, 0x80, 0x83,
  0x7e, 0x80, 0x80, 0x80, 0x80, 0x7b, 0x82, 0x83, 0x7e, 0x7f, 0x7f, 0x86,
  0x7a, 0x7e, 0x87, 0x7b, 0x7d, 0x80, 0x80, 0x83, 0x79, 0x82, 0x80, 0x79,
  0x89, 0x7a, 0x8c, 0x75, 0x72, 0x83, 0x85, 0x7b, 0x7f, 0x8e, 0x7b, 0x7f,
  0x80, 0x82, 0x80, 0x7b, 0x85, 0x76, 0x8b, 0x76, 0x8c, 0x6c, 0x8c, 0x75,
  0x80, 0x7f, 0x7c, 0x89, 0x75, 0x88, 0x80, 0x88, 0x74, 0x85, 0x83, 0x7c,
  0x79, 0x84, 0x88, 0x7a, 0x8c, 0x6a, 0x93, 0x60, 0x93, 0x6e, 0x97, 0x6e,
  0x86, 0x92, 0x74, 0x84, 0x7f, 0x8b, 0x78, 0x86, 0x7d, 0x8d, 0x73, 0x88,
  0x88, 0x77, 0x87, 0x6d, 0x94, 0x6e, 0x8d, 0x7d, 0x87, 0x73, 0x87, 0x87,
  0x75, 0x7e, 0x7b, 0x94, 0x6b, 0x8a, 0x87, 0x86, 0x75, 0x73, 0x87, 0x89,
  0x6f, 0x7b, 0x9a, 0x70, 0x82, 0x78, 0x94, 0x79, 0x6d, 0x92, 0x71, 0x88,
  0x6b, 0x90, 0x89, 0x82, 0x76, 0x92, 0x78, 0x7d, 0x82, 0x88, 0x81, 0x76,
  0x8b, 0x76, 0x83, 0x7c, 0x89, 0x82, 0x79, 0x90, 0x76, 0x89, 0x72, 0x8e,
  0x82, 0x7e, 0x7a, 0x8b, 0x79, 0x7c, 0x81, 0x8c, 0x7e, 0x72, 0x90, 0x77,
  0x7f, 0x78, 0x87, 0x81, 0x81, 0x83, 0x83, 0x8c, 0x6c, 0x85, 0x80, 0x7f,
  0x7b, 0x84, 0x86, 0x77, 0x82, 0x87, 0x7b, 0x78, 0x85, 0x6f, 0x86, 0x71,
  0x86, 0x81, 0x79, 0x86, 0x7e, 0x82, 0x74, 0x81, 0x8a, 0x7a, 0x7a, 0x8b,
  0x83, 0x73, 0x82, 0x85, 0x7b, 0x73, 0x8a, 0x81, 0x84, 0x6e, 0x8a, 0x85,
  0x7b, 0x7d, 0x81, 0x93, 0x69, 0x80, 0x92, 0x79, 0x78, 0x7c, 0x83, 0x83,
  0x72, 0x81, 0x90, 0x79, 0x7f, 0x79, 0x90, 0x7a, 0x72, 0x8f, 0x83, 0x7b,
  0x81, 0x88, 0x7d, 0x83, 0x78, 0x84, 0x7a, 0x7c, 0x82, 0x7b, 0x85, 0x80,
  0x82, 0x84, 0x7a, 0x7f, 0x86, 0x6f, 0x84, 0x8b, 0x7e, 0x7f, 0x7d, 0x90,
  0x74, 0x7e, 0x81, 0x83, 0x7b, 0x7b, 0x82, 0x86, 0x7a, 0x78, 0x8a, 0x83,
  0x76, 0x7e, 0x89, 0x7a, 0x7b, 0x86, 0x83, 0x7e, 0x79, 0x8b, 0x7a, 0x83,
  0x81, 0x80, 0x87, 0x7b, 0x81, 0x85, 0x79, 0x7d, 0x8a, 0x7e, 0x7e, 0x7f,
  0x8d, 0x7b, 0x75, 0x89, 0x82, 0x78, 0x7b, 0x86, 0x81, 0x7f, 0x77, 0x90,
  0x85, 0x6d, 0x81, 0x85, 0x7f, 0x6d, 0x85, 0x90, 0x76, 0x7a, 0x8e, 0x7f,
  0x82, 0x78, 0x84, 0x90, 0x72, 0x7e, 0x86, 0x83, 0x7b, 0x7c, 0x8f, 0x7d,
  0x7a, 0x83, 0x89, 0x7b, 0x84, 0x82, 0x80, 0x81, 0x7d, 0x81, 0x84, 0x7e,
  0x80, 0x82, 0x7a, 0x83, 0x7c, 0x85, 0x7a, 0x80, 0x8b, 0x73, 0x82, 0x89,
  0x7b, 0x7c, 0x81, 0x83, 0x81, 0x75, 0x85, 0x85, 0x7c, 0x81, 0x80, 0x89,
  0x76, 0x73, 0x8a, 0x85, 0x77, 0x82, 0x89, 0x82, 0x7a, 0x7c, 0x88, 0x7c,
  0x7c, 0x83, 0x83, 0x83, 0x7a, 0x85, 0x88, 0x7a, 0x7c, 0x8c, 0x7a, 0x80,
  0x81, 0x82, 0x7b, 0x7e, 0x8a, 0x80, 0x7d, 0x81, 0x83, 0x7c, 0x7a, 0x81,
  0x8a, 0x7e, 0x75, 0x8b, 0x87, 0x71, 0x7c, 0x8e, 0x80, 0x78, 0x7b, 0x8e,
  0x7d, 0x75, 0x85, 0x82, 0x86, 0x76, 0x7e, 0x91, 0x7c, 0x75, 0x8a, 0x83,
  0x7a, 0x7f, 0x85, 0x84, 0x76, 0x84, 0x83, 0x7d, 0x84, 0x79, 0x7e, 0x85,
  0x7c, 0x82, 0x86, 0x79, 0x89, 0x81, 0x7d, 0x83, 0x7f, 0x82, 0x74, 0x86,
  0x8d, 0x76, 0x82, 0x87, 0x7e, 0x83, 0x7a, 0x85, 0x85, 0x73, 0x82, 0x84,
  0x85, 0x75, 0x7e, 0x8e, 0x79, 0x76, 0x8c, 0x84, 0x79, 0x82, 0x84, 0x82,
  0x7c, 0x7c, 0x89, 0x83, 0x77, 0x7e, 0x87, 0x81, 0x7c, 0x82, 0x8c, 0x75,
  0x7d, 0x89, 0x7c, 0x80, 0x81, 0x81, 0x82, 0x7b, 0x81, 0x83, 0x78, 0x82,
  0x84, 0x82, 0x7c, 0x7c, 0x8e, 0x7e, 0x73, 0x8c, 0x86, 0x77, 0x7d, 0x83,
  0x85, 0x7b, 0x79, 0x8d, 0x83, 0x79, 0x7c, 0x87, 0x85, 0x73, 0x7f, 0x91,
  0x7c, 0x77, 0x85, 0x81, 0x7f, 0x7c, 0x81, 0x85, 0x7d, 0x7d, 0x81, 0x82,
  0x83, 0x7d, 0x83, 0x84, 0x7c, 0x84, 0x80, 0x7b, 0x87, 0x80, 0x7a, 0x81,
  0x83, 0x80, 0x7c, 0x82, 0x89, 0x79, 0x7b, 0x85, 0x81, 0x82, 0x77, 0x87,
  0x8d, 0x73, 0x79, 0x8c, 0x82, 0x7d, 0x7b, 0x8b, 0x84, 0x70, 0x87, 0x84,
  0x7f, 0x83, 0x7b, 0x87, 0x7f, 0x72, 0x89, 0x83, 0x79, 0x83, 0x82, 0x88,
  0x77, 0x7f, 0x8b, 0x75, 0x83, 0x87, 0x7f, 0x82, 0x7b, 0x81, 0x86, 0x79,
  0x83, 0x85, 0x7e, 0x7d, 0x80, 0x8c, 0x79, 0x7c, 0x8b, 0x7e, 0x77, 0x84,
  0x87, 0x80, 0x7f, 0x81, 0x84, 0x7c, 0x79, 0x82, 0x88, 0x7c, 0x7b, 0x87,
  0x86, 0x76, 0x7a, 0x89, 0x7c, 0x79, 0x83, 0x80, 0x82, 0x7d, 0x7f, 0x8a,
  0x7f, 0x7d, 0x82, 0x80, 0x82, 0x79, 0x83, 0x86, 0x7c, 0x88, 0x80, 0x78,
  0x87, 0x82, 0x78, 0x82, 0x81, 0x80, 0x7b, 0x80, 0x88, 0x7e, 0x7f, 0x82,
  0x86, 0x83, 0x72, 0x84, 0x8e, 0x73, 0x78, 0x8d, 0x86, 0x79, 0x7d, 0x8b,
  0x89, 0x78, 0x7f, 0x84, 0x83, 0x7b, 0x79, 0x8c, 0x87, 0x73, 0x89, 0x8a,
  0x79, 0x80, 0x83, 0x84, 0x7d, 0x7e, 0x86, 0x80, 0x80, 0x82, 0x7e, 0x84,
  0x7c, 0x7e, 0x88, 0x75, 0x7d, 0x8b, 0x7b, 0x7e, 0x83, 0x84, 0x7c, 0x76,
  0x88, 0x85, 0x79, 0x83, 0x80, 0x81, 0x7f, 0x76, 0x8f, 0x83, 0x75, 0x85,
  0x81, 0x7d, 0x78, 0x84, 0x8c, 0x7a, 0x81, 0x87, 0x7d, 0x81, 0x7d, 0x7f,
  0x86, 0x79, 0x7f, 0x85, 0x80, 0x7e, 0x82, 0x84, 0x7f, 0x7f, 0x84, 0x7b,
  0x7d, 0x85, 0x7c, 0x7c, 0x88, 0x84, 0x7d, 0x82, 0x81, 0x82, 0x7e, 0x7b,
  0x85, 0x85, 0x79, 0x7e, 0x89, 0x85, 0x75, 0x80, 0x8f, 0x76, 0x78, 0x89,
  0x82, 0x83, 0x78, 0x81, 0x8e, 0x78, 0x7b, 0x87, 0x85, 0x7b, 0x75, 0x8f,
  0x85, 0x70, 0x83, 0x85, 0x80, 0x82, 0x7e, 0x85, 0x80, 0x75, 0x84, 0x85,
  0x7f, 0x80, 0x7e, 0x87, 0x7d, 0x81, 0x8d, 0x77, 0x7f, 0x86, 0x77, 0x81,
  0x84, 0x84, 0x81, 0x7b, 0x84, 0x83, 0x7a, 0x81, 0x83, 0x84, 0x7d, 0x75,
  0x8c, 0x81, 0x74, 0x86, 0x86, 0x81, 0x80, 0x7d, 0x86, 0x7c, 0x7d, 0x87,
  0x80, 0x82, 0x7e, 0x7c, 0x88, 0x7d, 0x7e, 0x89, 0x7c, 0x81, 0x83, 0x7e,
  0x82, 0x80, 0x86, 0x7e, 0x7b, 0x8a, 0x7d, 0x7b, 0x88, 0x7f, 0x83, 0x7e,
  0x7d, 0x8c, 0x7b, 0x79, 0x85, 0x86, 0x7c, 0x79, 0x8a, 0x88, 0x72, 0x7f,
  0x8a, 0x80, 0x7f, 0x7e, 0x87, 0x82, 0x76, 0x7f, 0x8c, 0x7e, 0x76, 0x87,
  0x89, 0x7b, 0x7a, 0x8c, 0x86, 0x75, 0x81, 0x84, 0x7f, 0x80, 0x7c, 0x86,
  0x86, 0x76, 0x80, 0x88, 0x7f, 0x80, 0x81, 0x83, 0x7d, 0x7c, 0x89, 0x7b,
  0x7e, 0x8a, 0x7a, 0x82, 0x81, 0x7b, 0x84, 0x7d, 0x83, 0x89, 0x7b, 0x81,
  0x81, 0x85, 0x82, 0x78, 0x90, 0x81, 0x71, 0x88, 0x85, 0x81, 0x83, 0x80,
  0x8b, 0x7f, 0x7b, 0x84, 0x80, 0x84, 0x7c, 0x7f, 0x8e, 0x75, 0x7f, 0x86,
  0x7a, 0x88, 0x82, 0x79, 0x82, 0x85, 0x7c, 0x86, 0x78, 0x8a, 0x7e, 0x77,
  0x8d, 0x77, 0x83, 0x7a, 0x77, 0x95, 0x78, 0x7d, 0x86, 0x81, 0x82, 0x70,
  0x85, 0x90, 0x74, 0x86, 0x82, 0x87, 0x76, 0x75, 0x8b, 0x81, 0x76, 0x82,
  0x8a, 0x7d, 0x7c, 0x82, 0x83, 0x89, 0x78, 0x78, 0x8c, 0x82, 0x7b, 0x84,
  0x89, 0x7a, 0x78, 0x87, 0x7f, 0x86, 0x7b, 0x80, 0x8f, 0x7a, 0x82, 0x82,
  0x86, 0x81, 0x72, 0x94, 0x7a, 0x7e, 0x8c, 0x6f, 0x90, 0x7a, 0x77, 0x87,
  0x74, 0x8f, 0x6f, 0x7d, 0x8e, 0x6a, 0x8e, 0x73, 0x7a, 0x94, 0x6d, 0x90,
  0x7e, 0x83, 0x84, 0x6a, 0x98, 0x76, 0x7a, 0x8d, 0x6d, 0x90, 0x79, 0x77,
  0x91, 0x7a, 0x89, 0x73, 0x88, 0x91, 0x6c, 0x90, 0x82, 0x7b, 0x8f, 0x6f,
  0x8b, 0x83, 0x77, 0x7f, 0x7f, 0x8b, 0x6f, 0x7b, 0x8d, 0x7e, 0x82, 0x7a,
  0x85, 0x8b, 0x7e, 0x7e, 0x7d, 0x94, 0x71, 0x72, 0x97, 0x7a, 0x84, 0x7c,
  0x86, 0x91, 0x6f, 0x87, 0x81, 0x87, 0x82, 0x65, 0x9d, 0x83, 0x69, 0x8c,
  0x7b, 0x8c, 0x77, 0x7c, 0x95, 0x6a, 0x84, 0x7d, 0x7c, 0x94, 0x69, 0x82,
  0x8e, 0x76, 0x89, 0x7d, 0x89, 0x81, 0x79, 0x8b, 0x78, 0x89, 0x7e, 0x74,
  0x8d, 0x7a, 0x7f, 0x83, 0x82, 0x85, 0x7a, 0x85, 0x7d, 0x82, 0x87, 0x7a,
  0x84, 0x83, 0x7e, 0x84, 0x88, 0x83, 0x7b, 0x86, 0x81, 0x7d, 0x86, 0x7c,
  0x81, 0x83, 0x82, 0x80, 0x7f, 0x88, 0x79, 0x84, 0x85, 0x7a, 0x89, 0x7b,
  0x7f, 0x83, 0x7b, 0x88, 0x78, 0x8b, 0x88, 0x75, 0x8f, 0x78, 0x84, 0x85,
  0x74, 0x94, 0x79, 0x7c, 0x88, 0x7c, 0x92, 0x6e, 0x83, 0x9c, 0x69, 0x82,
  0x82, 0x85, 0x8a, 0x68, 0x8f, 0x84, 0x79, 0x8a, 0x76, 0x94, 0x75, 0x6f,
  0x90, 0x7d, 0x7e, 0x7b, 0x83, 0x8d, 0x72, 0x80, 0x88, 0x80, 0x80, 0x77,
  0x8a, 0x86, 0x78, 0x7f, 0x89, 0x84, 0x78, 0x83, 0x84, 0x7e, 0x80, 0x7a,
  0x86, 0x84, 0x7d, 0x7f, 0x7d, 0x8d, 0x75, 0x7b, 0x8e, 0x74, 0x89, 0x7d,
  0x7a, 0x8e, 0x7a, 0x83, 0x83, 0x83, 0x86, 0x72, 0x8e, 0x82, 0x73, 0x8f,
  0x7b, 0x85, 0x89, 0x7d, 0x86, 0x7c, 0x83, 0x7d, 0x82, 0x8b, 0x75, 0x85,
  0x88, 0x78, 0x88, 0x81, 0x80, 0x80, 0x83, 0x86, 0x77, 0x8b, 0x80, 0x7c,
  0x8c, 0x78, 0x87, 0x86, 0x76, 0x87, 0x87, 0x80, 0x7b, 0x85, 0x8c, 0x74,
  0x83, 0x8f, 0x7d, 0x84, 0x83, 0x83, 0x86, 0x7b, 0x7c, 0x8b, 0x8a, 0x77,
  0x85, 0x8c, 0x81, 0x75, 0x83, 0x8c, 0x73, 0x85, 0x85, 0x7e, 0x8f, 0x6c,
  0x80, 0x95, 0x71, 0x85, 0x7e, 0x86, 0x81, 0x71, 0x98, 0x7a, 0x7d, 0x89,
  0x6c, 0x92, 0x7d, 0x73, 0x94, 0x80, 0x86, 0x7c, 0x80, 0x95, 0x72, 0x87,
  0x82, 0x75, 0x92, 0x72, 0x85, 0x92, 0x73, 0x80, 0x83, 0x87, 0x7c, 0x79,
  0x8a, 0x7e, 0x80, 0x82, 0x7b, 0x8b, 0x7e, 0x79, 0x85, 0x89, 0x7a, 0x7b,
  0x89, 0x7c, 0x80, 0x87, 0x7f, 0x86, 0x7f, 0x82, 0x81, 0x7f, 0x88, 0x7c,
  0x89, 0x82, 0x79, 0x8c, 0x79, 0x7c, 0x8b, 0x80, 0x82, 0x80, 0x87, 0x7d,
  0x77, 0x87, 0x80, 0x84, 0x81, 0x7e, 0x8a, 0x7a, 0x7f, 0x85, 0x85, 0x80,
  0x74, 0x8d, 0x7f, 0x77, 0x8b, 0x81, 0x8b, 0x77, 0x77, 0x89, 0x7e, 0x87,
  0x7d, 0x84, 0x8d, 0x71, 0x87, 0x89, 0x7a, 0x86, 0x7d, 0x89, 0x84, 0x79,
  0x89, 0x83, 0x85, 0x81, 0x7b, 0x8e, 0x82, 0x7c, 0x85, 0x81, 0x84, 0x7e,
  0x82, 0x86, 0x82, 0x77, 0x81, 0x85, 0x80, 0x82, 0x79, 0x8b, 0x80, 0x72,
  0x90, 0x84, 0x80, 0x83, 0x78, 0x91, 0x7f, 0x7b, 0x8d, 0x79, 0x8a, 0x75,
  0x7c, 0x97, 0x6f, 0x87, 0x88, 0x7a, 0x8a, 0x72, 0x89, 0x83, 0x77, 0x90,
  0x76, 0x8a, 0x85, 0x70, 0x8f, 0x7a, 0x7e, 0x88, 0x78, 0x85, 0x7f, 0x82,
  0x80, 0x7a, 0x8f, 0x79, 0x7d, 0x82, 0x7b, 0x87, 0x7b, 0x84, 0x85, 0x81,
  0x7e, 0x7c, 0x8c, 0x7f, 0x79, 0x8f, 0x83, 0x81, 0x81, 0x83, 0x84, 0x7b,
  0x84, 0x84, 0x85, 0x83, 0x78, 0x89, 0x89, 0x7a, 0x82, 0x87, 0x84, 0x7b,
  0x80, 0x82, 0x82, 0x87, 0x77, 0x84, 0x88, 0x7d, 0x81, 0x88, 0x8a, 0x77,
  0x82, 0x89, 0x78, 0x8a, 0x7b, 0x7d, 0x92, 0x70, 0x81, 0x88, 0x82, 0x81,
  0x73, 0x96, 0x80, 0x78, 0x8f, 0x77, 0x8b, 0x81, 0x73, 0x93, 0x82, 0x78,
  0x81, 0x83, 0x8a, 0x73, 0x8a, 0x8d, 0x71, 0x86, 0x83, 0x82, 0x88, 0x7b,
  0x7f, 0x86, 0x7e, 0x78, 0x86, 0x85, 0x7b, 0x81, 0x86, 0x81, 0x7b, 0x85,
  0x7e, 0x7d, 0x8b, 0x79, 0x80, 0x8e, 0x74, 0x88, 0x85, 0x7b, 0x8b, 0x7f,
  0x85, 0x7e, 0x7f, 0x89, 0x70, 0x8c, 0x89, 0x74, 0x8b, 0x75, 0x81, 0x8a,
  0x78, 0x89, 0x7d, 0x85, 0x7a, 0x79, 0x92, 0x74, 0x83, 0x88, 0x7a, 0x88,
  0x79, 0x84, 0x88, 0x7f, 0x84, 0x79, 0x8c, 0x81, 0x73, 0x8f, 0x82, 0x83,
  0x85, 0x7e, 0x8b, 0x7c, 0x7d, 0x84, 0x84, 0x8b, 0x70, 0x86, 0x8d, 0x73,
  0x81, 0x82, 0x86, 0x80, 0x77, 0x83, 0x83, 0x7f, 0x7f, 0x82, 0x89, 0x7f,
  0x78, 0x8b, 0x89, 0x7a, 0x82, 0x86, 0x84, 0x80, 0x77, 0x86, 0x84, 0x78,
  0x87, 0x81, 0x83, 0x7f, 0x75, 0x90, 0x7d, 0x7b, 0x8d, 0x7b, 0x8c, 0x7c,
  0x7e, 0x93, 0x77, 0x88, 0x7e, 0x79, 0x92, 0x73, 0x85, 0x88, 0x78, 0x8e,
  0x77, 0x7f, 0x87, 0x7f, 0x87, 0x78, 0x83, 0x84, 0x74, 0x88, 0x81, 0x80,
  0x87, 0x80, 0x86, 0x81, 0x7e, 0x81, 0x84, 0x85, 0x7e, 0x83, 0x84, 0x7f,
  0x7f, 0x85, 0x86, 0x7d, 0x85, 0x81, 0x7e, 0x8b, 0x7b, 0x81, 0x88, 0x80,
  0x82, 0x7e, 0x89, 0x7e, 0x7a, 0x8b, 0x80, 0x88, 0x7e, 0x73, 0x8b, 0x82,
  0x7b, 0x83, 0x89, 0x83, 0x70, 0x88, 0x84, 0x7c, 0x89, 0x7b, 0x8a, 0x85,
  0x73, 0x85, 0x84, 0x84, 0x76, 0x84, 0x93, 0x6f, 0x81, 0x8b, 0x7d, 0x8b,
  0x74, 0x82, 0x8c, 0x77, 0x82, 0x80, 0x8e, 0x78, 0x74, 0x96, 0x78, 0x7f,
  0x8a, 0x78, 0x88, 0x81, 0x79, 0x86, 0x80, 0x83, 0x7d, 0x85, 0x89, 0x74,
  0x85, 0x83, 0x76, 0x88, 0x83, 0x79, 0x87, 0x84, 0x78, 0x87, 0x84, 0x81,
  0x80, 0x83, 0x85, 0x7c, 0x87, 0x82, 0x78, 0x90, 0x79, 0x7c, 0x94, 0x70,
  0x82, 0x88, 0x7b, 0x88, 0x7d, 0x87, 0x7e, 0x7c, 0x8e, 0x71, 0x8c, 0x8b,
  0x70, 0x90, 0x80, 0x7e, 0x87, 0x7e, 0x89, 0x83, 0x86, 0x80, 0x7b, 0x92,
  0x7b, 0x7c, 0x90, 0x7e, 0x80, 0x82, 0x81, 0x87, 0x82, 0x82, 0x7f, 0x89,
  0x7c, 0x76, 0x8d, 0x83, 0x7b, 0x83, 0x87, 0x7d, 0x77, 0x86, 0x83, 0x83,
  0x81, 0x78, 0x89, 0x83, 0x76, 0x86, 0x89, 0x83, 0x79, 0x84, 0x88, 0x7c,
  0x83, 0x82, 0x87, 0x85, 0x7c, 0x84, 0x85, 0x85, 0x7d, 0x84, 0x8b, 0x7a,
  0x83, 0x83, 0x7f, 0x8b, 0x79, 0x84, 0x86, 0x7a, 0x84, 0x7b, 0x8c, 0x80,
  0x76, 0x8f, 0x77, 0x80, 0x82, 0x76, 0x8e, 0x77, 0x81, 0x87, 0x79, 0x8e,
  0x7b, 0x7f, 0x8f, 0x75, 0x83, 0x85, 0x80, 0x89, 0x7b, 0x86, 0x86, 0x7e,
  0x87, 0x7c, 0x80, 0x88, 0x7b, 0x85, 0x84, 0x7e, 0x84, 0x7d, 0x7d, 0x88,
  0x7e, 0x82, 0x84, 0x81, 0x89, 0x77, 0x85, 0x8d, 0x73, 0x85, 0x84, 0x81,
  0x80, 0x77, 0x88, 0x8e, 0x8a, 0x66, 0x76, 0xac, 0x7c, 0x62, 0x90, 0x8f,
  0x8d, 0x64, 0x73, 0x9c, 0x84, 0x87, 0x77, 0x94, 0x86, 0x69, 0x83, 0x7b,
  0x90, 0x7b, 0x7f, 0x87, 0x7c, 0x96, 0x6a, 0x88, 0x8a, 0x68, 0x90, 0x72,
  0x8c, 0x83, 0x76, 0x94, 0x67, 0x8c, 0x89, 0x75, 0x86, 0x71, 0x82, 0x92,
  0x7f, 0x7b, 0x92, 0x7b, 0x78, 0x92, 0x71, 0x91, 0x7e, 0x73, 0x88, 0x6f,
  0x9c, 0x83, 0x83, 0x9c, 0x65, 0x94, 0x84, 0x6c, 0x97, 0x78, 0x81, 0x84,
  0x84, 0x8f, 0x74, 0x88, 0x80, 0x82, 0x84, 0x7a, 0x88, 0x7c, 0x86, 0x72,
  0x9b, 0x90, 0x64, 0xa0, 0x6a, 0x7d, 0x93, 0x65, 0xaa, 0x77, 0x7d, 0x8b,
  0x60, 0xac, 0x6d, 0x88, 0x9d, 0x4d, 0xa3, 0x88, 0x78, 0x98, 0x73, 0x90,
  0x7b, 0x74, 0x8e, 0x7c, 0x8f, 0x78, 0x7d, 0x91, 0x83, 0x71, 0x8e, 0x93,
  0x67, 0x8d, 0x81, 0x8a, 0x8c, 0x63, 0x96, 0x8b, 0x82, 0x8b, 0x6a, 0xa4,
  0x70, 0x60, 0xaa, 0x6f, 0x98, 0x7d, 0x72, 0xa1, 0x69, 0x84, 0x86, 0x89,
  0x8c, 0x63, 0x87, 0x8a, 0x7d, 0x7f, 0x86, 0x8a, 0x7a, 0x80, 0x77, 0x8d,
  0x86, 0x65, 0x9d, 0x80, 0x7b, 0x86, 0x71, 0x96, 0x72, 0x8a, 0x92, 0x70,
  0x93, 0x73, 0x88, 0x98, 0x74, 0x8d, 0x84, 0x78, 0x81, 0x80, 0x8a, 0x85,
  0x83, 0x80, 0x88, 0x78, 0x84, 0x8b, 0x76, 0x8e, 0x6d, 0x87, 0x8b, 0x62,
  0x96, 0x73, 0x7e, 0x90, 0x6c, 0x95, 0x71, 0x7a, 0x95, 0x6c, 0x9e, 0x88,
  0x7e, 0x8a, 0x67, 0x8b, 0x89, 0x81, 0x8c, 0x82, 0x7b, 0x7c, 0x87, 0x88,
  0x93, 0x74, 0x79, 0x8e, 0x6b, 0x8e, 0x7e, 0x83, 0x98, 0x61, 0x94, 0x89,
  0x76, 0x9b, 0x56, 0x9a, 0x89, 0x67, 0x9f, 0x71, 0x8c, 0x81, 0x6e, 0xa6,
  0x79, 0x7d, 0x82, 0x78, 0x94, 0x74, 0x86, 0x93, 0x7d, 0x75, 0x80, 0x8a,
  0x7f, 0x8b, 0x76, 0x8e, 0x80, 0x60, 0x8d, 0x80, 0x8b, 0x7e, 0x72, 0x9d,
  0x64, 0x82, 0x93, 0x74, 0xa4, 0x73, 0x7f, 0x99, 0x6e, 0x86, 0x7c, 0x8f,
  0x7e, 0x75, 0x8b, 0x78, 0x82, 0x84, 0x81, 0x86, 0x86, 0x7f, 0x74, 0x8c,
  0x79, 0x79, 0x9a, 0x71, 0x8a, 0x85, 0x72, 0x93, 0x75, 0x8e, 0x7c, 0x73,
  0x9a, 0x68, 0x88, 0x88, 0x70, 0x95, 0x79, 0x7f, 0x90, 0x79, 0x7c, 0x83,
  0x85, 0x81, 0x81, 0x85, 0x88, 0x74, 0x82, 0x90, 0x74, 0x98, 0x77, 0x6e,
  0xa0, 0x66, 0x90, 0x96, 0x7a, 0x92, 0x64, 0x89, 0x85, 0x70, 0x9f, 0x71,
  0x88, 0x82, 0x5d, 0xa1, 0x83, 0x7a, 0x89, 0x7c, 0x85, 0x7b, 0x80, 0x88,
  0x83, 0x7e, 0x80, 0x81, 0x89, 0x7f, 0x6b, 0x9b, 0x8a, 0x6d, 0x96, 0x78,
  0x80, 0x84, 0x6a, 0x9e, 0x80, 0x7c, 0x88, 0x79, 0x9c, 0x6c, 0x80, 0xa4,
  0x70, 0x86, 0x7f, 0x7a, 0x8d, 0x7b, 0x84, 0x8c, 0x84, 0x7a, 0x7f, 0x89,
  0x7c, 0x82, 0x83, 0x8c, 0x7d, 0x80, 0x89, 0x6d, 0x93, 0x7d, 0x7a, 0xa1,
  0x6d, 0x86, 0x80, 0x7d, 0x99, 0x7a, 0x88, 0x7f, 0x74, 0x92, 0x70, 0x86,
  0x8f, 0x71, 0x84, 0x7f, 0x7f, 0x85, 0x84, 0x80, 0x83, 0x7f, 0x78, 0x89,
  0x81, 0x83, 0x7f, 0x7f, 0x97, 0x6e, 0x82, 0x88, 0x70, 0x94, 0x71, 0x7d,
  0x9f, 0x73, 0x89, 0x7b, 0x7e, 0x97, 0x70, 0x90, 0x86, 0x6e, 0x86, 0x7c,
  0x8d, 0x8f, 0x73, 0x88, 0x87, 0x70, 0x83, 0x83, 0x88, 0x8f, 0x6a, 0x86,
  0x88, 0x6f, 0x8f, 0x75, 0x8f, 0x86, 0x64, 0x9a, 0x77, 0x79, 0x93, 0x77,
  0x9e, 0x76, 0x72, 0x9b, 0x71, 0x84, 0x84, 0x82, 0x95, 0x6e, 0x7e, 0x89,
  0x81, 0x87, 0x80, 0x85, 0x86, 0x76, 0x77, 0x8e, 0x7f, 0x80, 0x8c, 0x7d,
  0x8a, 0x7b, 0x78, 0x94, 0x7a, 0x83, 0x7f, 0x7b, 0x94, 0x6e, 0x84, 0x8d,
  0x7a, 0x92, 0x78, 0x7c, 0x89, 0x77, 0x80, 0x8d, 0x8b, 0x7e, 0x7e, 0x82,
  0x85, 0x82, 0x7e, 0x8a, 0x7d, 0x81, 0x7b, 0x7a, 0xa2, 0x72, 0x7f, 0x8e,
  0x6d, 0x92, 0x75, 0x78, 0x98, 0x79, 0x8d, 0x78, 0x84, 0x95, 0x64, 0x8e,
  0x8e, 0x7a, 0x91, 0x7a, 0x82, 0x8b, 0x74, 0x7f, 0x91, 0x87, 0x7c, 0x7b,
  0x87, 0x84, 0x73, 0x8e, 0x91, 0x75, 0x89, 0x73, 0x7f, 0x9b, 0x69, 0x93,
  0x90, 0x6f, 0x89, 0x74, 0x93, 0x85, 0x6e, 0x96, 0x75, 0x7c, 0x83, 0x6f,
  0x9e, 0x84, 0x72, 0x94, 0x7c, 0x7b, 0x86, 0x7d, 0x8f, 0x83, 0x7c, 0x8b,
  0x76, 0x84, 0x80, 0x74, 0x9f, 0x82, 0x72, 0x99, 0x70, 0x7e, 0x85, 0x78,
  0x95, 0x79, 0x7d, 0x84, 0x7e, 0x8a, 0x71, 0x8c, 0x93, 0x6e, 0x84, 0x87,
  0x7f, 0x8a, 0x82, 0x83, 0x8d, 0x80, 0x77, 0x82, 0x85, 0x84, 0x86, 0x83,
  0x8b, 0x76, 0x7b, 0x86, 0x7b, 0x99, 0x7e, 0x75, 0x91, 0x70, 0x7d, 0x86,
  0x85, 0x8d, 0x7a, 0x80, 0x82, 0x7e, 0x89, 0x79, 0x8b, 0x8d, 0x6b, 0x77,
  0x8f, 0x7c, 0x85, 0x88, 0x7e, 0x93, 0x75, 0x7a, 0x95, 0x7d, 0x89, 0x78,
  0x86, 0x92, 0x62, 0x8c, 0x8b, 0x70, 0x93, 0x70, 0x8e, 0x8b, 0x61, 0x89,
  0x83, 0x88, 0x87, 0x76, 0x93, 0x7a, 0x6c, 0x91, 0x84, 0x88, 0x83, 0x71,
  0x8d, 0x84, 0x71, 0x8d, 0x89, 0x84, 0x82, 0x71, 0x8e, 0x82, 0x74, 0x95,
  0x85, 0x8b, 0x81, 0x6c, 0x97, 0x7d, 0x79, 0x92, 0x73, 0x8d, 0x75, 0x73,
  0x8f, 0x78, 0x8b, 0x89, 0x7a, 0x88, 0x75, 0x7c, 0x8f, 0x79, 0x84, 0x88,
  0x7a, 0x88, 0x78, 0x79, 0x8f, 0x78, 0x86, 0x86, 0x75, 0x8b, 0x78, 0x81,
  0x8e, 0x7d, 0x8a, 0x7c, 0x7b, 0x8b, 0x73, 0x8c, 0x89, 0x7c, 0x8b, 0x7a,
  0x7f, 0x8a, 0x80, 0x82, 0x8d, 0x82, 0x77, 0x7e, 0x7f, 0x8a, 0x84, 0x82,
  0x89, 0x78, 0x85, 0x79, 0x80, 0x9d, 0x75, 0x81, 0x8d, 0x73, 0x88, 0x7d,
  0x8a, 0x94, 0x7c, 0x85, 0x83, 0x80, 0x84, 0x6e, 0x92, 0x90, 0x6d, 0x8f,
  0x87, 0x7a, 0x89, 0x77, 0x89, 0x93, 0x71, 0x80, 0x84, 0x82, 0x87, 0x71,
  0x98, 0x8c, 0x6a, 0x92, 0x75, 0x8b, 0x90, 0x68, 0x9a, 0x84, 0x71, 0x8a,
  0x81, 0x93, 0x7c, 0x7f, 0x96, 0x70, 0x84, 0x81, 0x74, 0x9a, 0x7d, 0x74,
  0x90, 0x7a, 0x79, 0x88, 0x83, 0x86, 0x7f, 0x7b, 0x86, 0x7c, 0x83, 0x84,
  0x7d, 0x91, 0x73, 0x76, 0x91, 0x72, 0x8a, 0x8b, 0x79, 0x8b, 0x7e, 0x7e,
  0x87, 0x83, 0x8c, 0x75, 0x84, 0x8d, 0x73, 0x86, 0x89, 0x7a, 0x91, 0x83,
  0x75, 0x8c, 0x7b, 0x76, 0x87, 0x84, 0x86, 0x83, 0x88, 0x87, 0x74, 0x87,
  0x88, 0x85, 0x92, 0x70, 0x7c, 0x90, 0x6e, 0x88, 0x90, 0x84, 0x86, 0x7c,
  0x7f, 0x87, 0x7f, 0x85, 0x84, 0x88, 0x85, 0x6c, 0x87, 0x8f, 0x6e, 0x8c,
  0x8f, 0x7c, 0x8a, 0x73, 0x86, 0x91, 0x78, 0x86, 0x83, 0x86, 0x7d, 0x65,
  0x8e, 0x85, 0x76, 0x8f, 0x73, 0x88, 0x85, 0x67, 0x92, 0x8e, 0x7e, 0x86,
  0x80, 0x8b, 0x7b, 0x79, 0x97, 0x84, 0x85, 0x86, 0x70, 0x92, 0x7f, 0x73,
  0x9a, 0x83, 0x7e, 0x82, 0x75, 0x8e, 0x78, 0x7c, 0x91, 0x7c, 0x8a, 0x77,
  0x78, 0x99, 0x76, 0x83, 0x8e, 0x75, 0x88, 0x79, 0x81, 0x97, 0x7e, 0x86,
  0x82, 0x82, 0x86, 0x78, 0x84, 0x8f, 0x83, 0x87, 0x81, 0x81, 0x8d, 0x7c,
  0x82, 0x91, 0x7a, 0x7e, 0x84, 0x7c, 0x88, 0x7c, 0x7f, 0x91, 0x7b, 0x81,
  0x80, 0x82, 0x8d, 0x7b, 0x89, 0x8e, 0x76, 0x86, 0x7e, 0x81, 0x92, 0x7a,
  0x85, 0x90, 0x75, 0x7e, 0x86, 0x84, 0x8b, 0x7f, 0x86, 0x85, 0x74, 0x87,
  0x7d, 0x89, 0x94, 0x6d, 0x89, 0x90, 0x73, 0x84, 0x85, 0x8a, 0x8a, 0x74,
  0x84, 0x7f, 0x7f, 0x86, 0x7e, 0x94, 0x80, 0x6a, 0x92, 0x82, 0x77, 0x91,
  0x7a, 0x8e, 0x84, 0x6c, 0x87, 0x88, 0x86, 0x81, 0x7c, 0x95, 0x77, 0x79,
  0x9a, 0x79, 0x89, 0x8d, 0x73, 0x93, 0x80, 0x73, 0x8c, 0x84, 0x86, 0x82,
  0x82, 0x8a, 0x73, 0x7f, 0x83, 0x7a, 0x9a, 0x77, 0x73, 0x98, 0x73, 0x7e,
  0x92, 0x82, 0x8e, 0x7b, 0x7b, 0x8a, 0x81, 0x8d, 0x7e, 0x87, 0x94, 0x61,
  0x80, 0x9a, 0x7e, 0x8b, 0x81, 0x7d, 0x8e, 0x77, 0x7a, 0x8d, 0x89, 0x84,
  0x7b, 0x91, 0x86, 0x6f, 0x8a, 0x88, 0x7c, 0x8f, 0x7c, 0x7c, 0x94, 0x7a,
  0x7f, 0x96, 0x83, 0x80, 0x82, 0x83, 0x84, 0x79, 0x86, 0x89, 0x85, 0x89,
  0x6e, 0x7f, 0x91, 0x6f, 0x88, 0x99, 0x79, 0x85, 0x7f, 0x80, 0x8c, 0x7b,
  0x8d, 0x87, 0x82, 0x83, 0x72, 0x93, 0x87, 0x72, 0x99, 0x83, 0x76, 0x89,
  0x77, 0x8d, 0x8a, 0x77, 0x8e, 0x7d, 0x80, 0x7d, 0x75, 0x99, 0x7e, 0x79,
  0x94, 0x78, 0x87, 0x83, 0x74, 0x9b, 0x83, 0x7a, 0x88, 0x83, 0x87, 0x81,
  0x7c, 0x94, 0x80, 0x7f, 0x85, 0x79, 0x93, 0x80, 0x77, 0x9a, 0x7d, 0x7c,
  0x87, 0x7f, 0x8e, 0x81, 0x7d, 0x8e, 0x80, 0x7b, 0x7f, 0x83, 0x94, 0x7b,
  0x7e, 0x8b, 0x75, 0x81, 0x7f, 0x85, 0x9e, 0x7d, 0x7b, 0x8c, 0x7c, 0x84,
  0x85, 0x89, 0x8c, 0x76, 0x80, 0x85, 0x80, 0x87, 0x77, 0x8a, 0x90, 0x6c,
  0x7e, 0x86, 0x7f, 0x88, 0x7b, 0x8a, 0x8f, 0x76, 0x7d, 0x83, 0x8a, 0x88,
  0x79, 0x90, 0x87, 0x6f, 0x83, 0x84, 0x84, 0x8f, 0x74, 0x83, 0x8c, 0x6d,
  0x80, 0x8c, 0x85, 0x87, 0x7d, 0x84, 0x7f, 0x7b, 0x89, 0x82, 0x8f, 0x88,
  0x6c, 0x90, 0x85, 0x71, 0x95, 0x87, 0x81, 0x87, 0x75, 0x81, 0x85, 0x81,
  0x8c, 0x7f, 0x8c, 0x7a, 0x6d, 0x9b, 0x82, 0x7a, 0x96, 0x7b, 0x89, 0x84,
  0x75, 0x93, 0x85, 0x81, 0x86, 0x87, 0x8b, 0x71, 0x82, 0x93, 0x75, 0x8b,
  0x89, 0x72, 0x94, 0x76, 0x74, 0x98, 0x82, 0x83, 0x85, 0x82, 0x88, 0x74,
  0x8e, 0x8b, 0x80, 0x8e, 0x6a, 0x7b, 0x96, 0x72, 0x81, 0x98, 0x7e, 0x7f,
  0x79, 0x81, 0x8b, 0x86, 0x87, 0x7f, 0x8e, 0x82, 0x69, 0x91, 0x8f, 0x75,
  0x88, 0x86, 0x7a, 0x88, 0x78, 0x7d, 0x9a, 0x83, 0x79, 0x84, 0x88, 0x78,
  0x71, 0x94, 0x89, 0x79, 0x88, 0x77, 0x87, 0x8e, 0x70, 0x8a, 0x99, 0x76,
  0x72, 0x99, 0x84, 0x87, 0x84, 0x8c, 0x91, 0x79, 0x6a, 0x85, 0x95, 0x8e,
  0x6b, 0x80, 0xa9, 0x6f, 0x79, 0x84, 0x7e, 0x95, 0x77, 0x80, 0x93, 0x7d,
  0x7d, 0x7c, 0x97, 0x83, 0x73, 0x96, 0x8b, 0x6f, 0x96, 0x7e, 0x8a, 0x8f,
  0x74, 0x90, 0x79, 0x6c, 0x8a, 0x96, 0x81, 0x75, 0x82, 0x91, 0x85, 0x64,
  0x83, 0xa2, 0x83, 0x7b, 0x74, 0x8b, 0x9a, 0x5d, 0x7d, 0x9f, 0x81, 0x7e,
  0x77, 0x91, 0xa0, 0x67, 0x75, 0x98, 0x7a, 0x73, 0x67, 0x9a, 0x9f, 0x69,
  0x88, 0x90, 0x83, 0x77, 0x5d, 0x9d, 0x9c, 0x60, 0x91, 0x87, 0x85, 0x83,
  0x73, 0x9c, 0x80, 0x6d, 0x8b, 0x7e, 0x88, 0x88, 0x7a, 0x99, 0x81, 0x71,
  0x8b, 0x70, 0x7d, 0x8e, 0x7a, 0x94, 0x86, 0x7b, 0x89, 0x73, 0x86, 0x8e,
  0x7c, 0x93, 0x73, 0x84, 0x8a, 0x6b, 0x97, 0x8e, 0x7b, 0x9c, 0x79, 0x76,
  0x8e, 0x7b, 0x92, 0x84, 0x77, 0x90, 0x71, 0x84, 0x85, 0x7f, 0x9f, 0x6f,
  0x6d, 0x9a, 0x62, 0x7e, 0x8b, 0x7b, 0x9b, 0x7f, 0x7d, 0x8f, 0x72, 0x86,
  0x7a, 0x8d, 0x99, 0x5f, 0x95, 0x8d, 0x6a, 0x99, 0x7c, 0x84, 0x91, 0x65,
  0x76, 0x8d, 0x84, 0x8e, 0x7f, 0x94, 0x8b, 0x63, 0x88, 0x86, 0x8c, 0x8e,
  0x62, 0x8a, 0xa0, 0x5b, 0x7b, 0x96, 0x87, 0x86, 0x76, 0x91, 0x8d, 0x68,
  0x7d, 0x89, 0x97, 0x83, 0x60, 0x9f, 0x8b, 0x5e, 0x99, 0x8a, 0x82, 0x8a,
  0x68, 0x82, 0x8b, 0x72, 0x8f, 0x85, 0x91, 0x76, 0x63, 0x9a, 0x7d, 0x78,
  0xa2, 0x69, 0x8e, 0x92, 0x65, 0x97, 0x92, 0x7d, 0x86, 0x75, 0x87, 0x76,
  0x76, 0x95, 0x7d, 0x96, 0x89, 0x67, 0x9f, 0x7c, 0x65, 0xa1, 0x86, 0x7f,
  0x8b, 0x78, 0x8a, 0x77, 0x7e, 0x8c, 0x7c, 0x8e, 0x75, 0x78, 0xa1, 0x73,
  0x88, 0x9e, 0x6e, 0x89, 0x80, 0x74, 0x8f, 0x81, 0x82, 0x8a, 0x7c, 0x88,
  0x70, 0x89, 0x9b, 0x75, 0x93, 0x8e, 0x6a, 0x91, 0x6d, 0x7a, 0xa1, 0x75,
  0x83, 0x89, 0x7a, 0x90, 0x69, 0x95, 0x99, 0x68, 0x8c, 0x78, 0x84, 0x93,
  0x5d, 0x95, 0x9b, 0x63, 0x7d, 0x84, 0x8a, 0x82, 0x70, 0x9c, 0x8e, 0x72,
  0x89, 0x7e, 0x94, 0x81, 0x67, 0xa0, 0x83, 0x6b, 0x8a, 0x81, 0x8f, 0x88,
  0x7a, 0x99, 0x86, 0x76, 0x86, 0x7d, 0x97, 0x88, 0x76, 0x8f, 0x78, 0x7a,
  0x89, 0x79, 0x96, 0x87, 0x6f, 0x8a, 0x83, 0x7c, 0x86, 0x7a, 0x9c, 0x86,
  0x6f, 0x8b, 0x7d, 0x8a, 0x82, 0x76, 0xa6, 0x7c, 0x6d, 0x90, 0x77, 0x8a,
  0x86, 0x79, 0x9c, 0x75, 0x6f, 0x8b, 0x7c, 0x8c, 0x84, 0x7b, 0x99, 0x71,
  0x82, 0x82, 0x77, 0xa0, 0x79, 0x75, 0x9a, 0x70, 0x88, 0x8b, 0x81, 0x94,
  0x75, 0x76, 0x8a, 0x7a, 0x8e, 0x77, 0x89, 0xa4, 0x68, 0x7f, 0x97, 0x71,
  0x87, 0x83, 0x85, 0x96, 0x6b, 0x7d, 0x93, 0x7e, 0x87, 0x86, 0x93, 0x80,
  0x62, 0x8f, 0x8d, 0x72, 0x91, 0x79, 0x88, 0x8f, 0x5f, 0x8f, 0x9a, 0x76,
  0x89, 0x83, 0x8a, 0x79, 0x6c, 0x98, 0x7e, 0x83, 0x99, 0x71, 0x94, 0x85,
  0x5f, 0xa3, 0x8d, 0x7c, 0x8d, 0x7d, 0x8c, 0x83, 0x75, 0x8e, 0x84, 0x90,
  0x79, 0x6c, 0xa1, 0x72, 0x70, 0x9f, 0x80, 0x89, 0x7c, 0x6d, 0x95, 0x86,
  0x76, 0x8a, 0x8a, 0x8a, 0x64, 0x79, 0x9a, 0x73, 0x85, 0x99, 0x78, 0x8d,
  0x7d, 0x6f, 0x9f, 0x88, 0x74, 0x8a, 0x84, 0x8a, 0x7d, 0x83, 0x95, 0x82,
  0x8b, 0x78, 0x6e, 0xa4, 0x6e, 0x71, 0xa6, 0x7b, 0x86, 0x80, 0x7a, 0x95,
  0x7d, 0x7c, 0x89, 0x84, 0x8a, 0x67, 0x80, 0xab, 0x72, 0x84, 0x9b, 0x72,
  0x86, 0x7b, 0x7e, 0xa0, 0x6f, 0x80, 0x8f, 0x83, 0x87, 0x6f, 0x9a, 0x93,
  0x6c, 0x95, 0x7d, 0x71, 0x8f, 0x72, 0x8d, 0x92, 0x6f, 0x89, 0x7e, 0x7c,
  0x86, 0x7f, 0x96, 0x7d, 0x79, 0x8b, 0x76, 0x84, 0x89, 0x72, 0x97, 0x8a,
  0x6c, 0x86, 0x83, 0x84, 0x8f, 0x7f, 0x92, 0x80, 0x6f, 0x88, 0x84, 0x8a,
  0x7e, 0x76, 0xa6, 0x75, 0x6a, 0x90, 0x82, 0x90, 0x7e, 0x79, 0x9e, 0x7a,
  0x77, 0x8f, 0x82, 0x90, 0x7d, 0x7a, 0x97, 0x70, 0x7a, 0x8b, 0x81, 0x98,
  0x79, 0x76, 0x9e, 0x7c, 0x82, 0x86, 0x7f, 0x98, 0x78, 0x77, 0x8c, 0x83,
  0x89, 0x7c, 0x87, 0x9c, 0x6e, 0x7a, 0x90, 0x83, 0x8a, 0x78, 0x79, 0x9e,
  0x6e, 0x76, 0x9a, 0x86, 0x89, 0x79, 0x85, 0x96, 0x6b, 0x7c, 0x8a, 0x84,
  0x8d, 0x6c, 0x81, 0x9f, 0x67, 0x8b, 0x81, 0x80, 0xa0, 0x62, 0x8a, 0xa1,
  0x3b, 0xba, 0x7a, 0x82, 0x91, 0x50, 0xb1, 0x83, 0x56, 0xa1, 0x95, 0x8b,
  0x75, 0x63, 0xa4, 0x7a, 0x78, 0x7f, 0x95, 0xa2, 0x3f, 0xa5, 0x88, 0x8e,
  0x67, 0x9a, 0x7c, 0x95, 0x84, 0x4b, 0x9e, 0xa3, 0x54, 0x84, 0x7c, 0xa6,
  0x73, 0x84, 0x72, 0xa2, 0x8d, 0x69, 0x78, 0xaa, 0x63, 0x9c, 0x6c, 0xa2,
  0x70, 0x91, 0x6b, 0x81, 0x8e, 0x8a, 0x6e, 0x99, 0x65, 0xac, 0x71, 0x77,
  0x90, 0x93, 0x90, 0x5f, 0x84, 0xac, 0x4a, 0x9f, 0x78, 0xa7, 0x7d, 0x66,
  0x96, 0x9c, 0x80, 0x7d, 0x76, 0xad, 0x65, 0x7d, 0x96, 0x77, 0x84, 0x95,
  0x79, 0x87, 0x77, 0x92, 0x72, 0x89, 0x84, 0x9a, 0x8f, 0x75, 0x73, 0x96,
  0x83, 0x5d, 0xa0, 0x99, 0x5d, 0x76, 0x8c, 0x96, 0x80, 0x72, 0x93, 0x92,
  0x77, 0x66, 0x8b, 0xb6, 0x5a, 0x89, 0x96, 0x8d, 0x7d, 0x6e, 0x9a, 0x89,
  0x82, 0x7a, 0x83, 0xab, 0x6d, 0x65, 0xa4, 0x86, 0x8e, 0x80, 0x7c, 0x96,
  0x73, 0x84, 0x7d, 0xa5, 0x86, 0x5d, 0x8b, 0x94, 0x79, 0x7b, 0x98, 0x85,
  0x86, 0x6e, 0x75, 0x9e, 0x84, 0x69, 0x94, 0x90, 0x77, 0x76, 0x89, 0x99,
  0x62, 0x97, 0x87, 0x7f, 0x8f, 0x5e, 0x8d, 0x90, 0x79, 0x8c, 0x83, 0x8a,
  0x71, 0x76, 0xa1, 0x73, 0x90, 0x91, 0x68, 0x94, 0x79, 0x7b, 0x91, 0x86,
  0x84, 0x80, 0x7d, 0x8a, 0x80, 0x89, 0x84, 0x80, 0x92, 0x67, 0x7c, 0x9b,
  0x7e, 0x77, 0x89, 0x8c, 0x83, 0x73, 0x81, 0x90, 0x7b, 0x7f, 0x7d, 0x97,
  0x81, 0x5e, 0x9a, 0x91, 0x7a, 0x81, 0x7e, 0x8b, 0x7c, 0x6b, 0x98, 0x8f,
  0x84, 0x77, 0x7d, 0x99, 0x6f, 0x81, 0x92, 0x82, 0x8a, 0x6b, 0x83, 0x92,
  0x7d, 0x7e, 0x89, 0x8f, 0x87, 0x6f, 0x87, 0x8d, 0x7d, 0x81, 0x7c, 0x9a,
  0x82, 0x63, 0x89, 0x8d, 0x81, 0x7b, 0x86, 0x9e, 0x77, 0x69, 0x92, 0x89,
  0x94, 0x75, 0x87, 0xa1, 0x64, 0x7b, 0x91, 0x89, 0x92, 0x76, 0x82, 0x8d,
  0x71, 0x8a, 0x7f, 0x8b, 0x88, 0x6b, 0x98, 0x80, 0x70, 0x90, 0x79, 0x86,
  0x95, 0x72, 0x8a, 0x85, 0x88, 0x85, 0x77, 0x9a, 0x7f, 0x7d, 0x8b, 0x72,
  0x98, 0x87, 0x6c, 0x98, 0x8c, 0x6f, 0x87, 0x8a, 0x8d, 0x81, 0x78, 0x94,
  0x76, 0x89, 0x7b, 0x7f, 0x95, 0x65, 0x7d, 0xa0, 0x7a, 0x7a, 0x83, 0x83,
  0x89, 0x7a, 0x90, 0x81, 0x83, 0x7f, 0x6b, 0xa4, 0x8a, 0x67, 0x8a, 0x82,
  0x80, 0x89, 0x88, 0x8c, 0x7b, 0x7e, 0x71, 0x84, 0x9a, 0x6e, 0x84, 0x9f,
  0x72, 0x7c, 0x89, 0x8a, 0x8a, 0x84, 0x84, 0x82, 0x8f, 0x79, 0x6f, 0x9f,
  0x85, 0x69, 0x90, 0x8e, 0x77, 0x78, 0x87, 0x86, 0x8e, 0x80, 0x7a, 0x92,
  0x82, 0x67, 0x82, 0xab, 0x81, 0x72, 0x92, 0x7a, 0x80, 0x87, 0x7f, 0x93,
  0x86, 0x73, 0x79, 0x8d, 0x8e, 0x6e, 0x90, 0x96, 0x6d, 0x93, 0x7f, 0x7a,
  0x9e, 0x70, 0x86, 0x8d, 0x85, 0x83, 0x71, 0x96, 0x81, 0x7c, 0x9a, 0x6f,
  0x8d, 0x8d, 0x62, 0xa1, 0x8d, 0x74, 0x87, 0x82, 0x91, 0x73, 0x82, 0x96,
  0x76, 0x8a, 0x75, 0x7c, 0xa1, 0x6d, 0x84, 0x9d, 0x81, 0x7f, 0x81, 0x90,
  0x87, 0x77, 0x89, 0x81, 0x86, 0x88, 0x6e, 0x8c, 0x95, 0x74, 0x85, 0x8d,
  0x84, 0x7e, 0x78, 0x89, 0x8b, 0x88, 0x83, 0x7c, 0x8f, 0x73, 0x78, 0xa5,
  0x85, 0x7e, 0x8a, 0x85, 0x8a, 0x82, 0x83, 0x92, 0x88, 0x80, 0x73, 0x8c,
  0x89, 0x6d, 0x8a, 0x8c, 0x85, 0x7f, 0x7f, 0x93, 0x86, 0x78, 0x8e, 0x82,
  0x8c, 0x77, 0x79, 0x96, 0x7b, 0x85, 0x8d, 0x87, 0x89, 0x6f, 0x87, 0x93,
  0x81, 0x8e, 0x83, 0x87, 0x8a, 0x70, 0x88, 0x8a, 0x86, 0x8b, 0x75, 0x89,
  0x89, 0x72, 0x85, 0x88, 0x84, 0x8a, 0x75, 0x87, 0x8e, 0x79, 0x84, 0x88,
  0x8f, 0x7e, 0x78, 0x93, 0x85, 0x7b, 0x86, 0x82, 0x92, 0x7b, 0x65, 0x90,
  0x89, 0x78, 0x82, 0x87, 0x90, 0x74, 0x7a, 0x8e, 0x80, 0x91, 0x79, 0x79,
  0x9d, 0x6e, 0x7b, 0x96, 0x82, 0x8a, 0x7b, 0x87, 0x88, 0x79, 0x85, 0x7a,
  0x92, 0x88, 0x62, 0x8f, 0x90, 0x6d, 0x88, 0x8d, 0x8d, 0x7f, 0x79, 0x88,
  0x80, 0x89, 0x79, 0x83, 0xa2, 0x73, 0x6c, 0x98, 0x83, 0x82, 0x87, 0x86,
  0x87, 0x78, 0x83, 0x81, 0x90, 0x8e, 0x6c, 0x95, 0x8e, 0x67, 0x8d, 0x89,
  0x82, 0x87, 0x89, 0x86, 0x7e, 0x87, 0x72, 0x7f, 0x9b, 0x76, 0x7b, 0x9a,
  0x75, 0x7e, 0x8f, 0x7e, 0x89, 0x8a, 0x7a, 0x79, 0x89, 0x87, 0x73, 0x94,
  0x92, 0x68, 0x8d, 0x88, 0x75, 0x95, 0x7b, 0x85, 0x94, 0x79, 0x7e, 0x80,
  0x95, 0x80, 0x77, 0xa0, 0x76, 0x79, 0x93, 0x70, 0x8a, 0x8f, 0x71, 0x8e,
  0x8c, 0x7c, 0x79, 0x8c, 0x97, 0x74, 0x80, 0x87, 0x71, 0x90, 0x83, 0x74,
  0xa2, 0x7d, 0x73, 0x88, 0x86, 0x81, 0x78, 0x8e, 0x8d, 0x75, 0x81, 0x7b,
  0x8d, 0x90, 0x65, 0x82, 0x9e, 0x6f, 0x7a, 0x86, 0x88, 0x84, 0x7b, 0x8c,
  0x89, 0x83, 0x79, 0x76, 0x93, 0x82, 0x6c, 0x92, 0x80, 0x75, 0x85, 0x82,
  0x90, 0x88, 0x7d, 0x84, 0x80, 0x88, 0x7b, 0x89, 0x91, 0x77, 0x82, 0x86,
  0x80, 0x88, 0x7f, 0x89, 0x8b, 0x85, 0x82, 0x78, 0x93, 0x81, 0x78, 0x92,
  0x84, 0x88, 0x84, 0x79, 0x8c, 0x7f, 0x80, 0x89, 0x84, 0x88, 0x78, 0x82,
  0x8b, 0x80, 0x8a, 0x82, 0x80, 0x88, 0x76, 0x80, 0x8b, 0x7a, 0x86, 0x7f,
  0x84, 0x87, 0x79, 0x8d, 0x86, 0x84, 0x84, 0x7c, 0x89, 0x83, 0x78, 0x92,
  0x85, 0x81, 0x87, 0x76, 0x8d, 0x82, 0x7c, 0x8f, 0x85, 0x88, 0x76, 0x75,
  0x96, 0x7d, 0x7d, 0x88, 0x7f, 0x8a, 0x74, 0x79, 0x9a, 0x80, 0x7e, 0x88,
  0x85, 0x82, 0x71, 0x90, 0x8a, 0x79, 0x8a, 0x78, 0x8e, 0x8d, 0x6a, 0x95,
  0x8f, 0x7b, 0x80, 0x83, 0x8b, 0x79, 0x7b, 0x8e, 0x84, 0x8a, 0x7c, 0x72,
  0x91, 0x7e, 0x75, 0x93, 0x89, 0x82, 0x7e, 0x82, 0x89, 0x84, 0x8a, 0x80,
  0x87, 0x89, 0x69, 0x82, 0x92, 0x7c, 0x87, 0x8e, 0x82, 0x84, 0x7f, 0x7b,
  0x85, 0x8f, 0x7f, 0x78, 0x98, 0x7c, 0x6c, 0x8c, 0x8c, 0x7f, 0x88, 0x7d,
  0x82, 0x89, 0x80, 0x79, 0x8e, 0x98, 0x71, 0x81, 0x90, 0x70, 0x8a, 0x89,
  0x7b, 0x91, 0x80, 0x76, 0x85, 0x87, 0x85, 0x74, 0x92, 0x82, 0x73, 0x92,
  0x7c, 0x81, 0x8c, 0x71, 0x85, 0x8d, 0x75, 0x7b, 0x8a, 0x91, 0x78, 0x82,
  0x91, 0x74, 0x83, 0x8d, 0x7b, 0x93, 0x87, 0x6e, 0x8f, 0x85, 0x74, 0x87,
  0x90, 0x82, 0x72, 0x88, 0x88, 0x75, 0x8e, 0x81, 0x84, 0x93, 0x6a, 0x7f,
  0x92, 0x79, 0x83, 0x87, 0x8e, 0x7e, 0x75, 0x8a, 0x7b, 0x86, 0x8c, 0x73,
  0x98, 0x85, 0x6b, 0x8e, 0x87, 0x88, 0x82, 0x84, 0x8e, 0x80, 0x80, 0x84,
  0x81, 0x92, 0x74, 0x7c, 0x93, 0x73, 0x7e, 0x8d, 0x85, 0x87, 0x7c, 0x81,
  0x82, 0x85, 0x84, 0x7a, 0x94, 0x84, 0x73, 0x8a, 0x84, 0x82, 0x88, 0x85,
  0x8a, 0x88, 0x83, 0x80, 0x83, 0x8d, 0x7b, 0x7f, 0x8d, 0x81, 0x87, 0x80,
  0x7f, 0x8f, 0x82, 0x7d, 0x89, 0x87, 0x83, 0x78, 0x8b, 0x89, 0x7f, 0x89,
  0x7e, 0x84, 0x87, 0x75, 0x90, 0x8c, 0x77, 0x84, 0x80, 0x87, 0x82, 0x77,
  0x8d, 0x87, 0x82, 0x7f, 0x7c, 0x91, 0x78, 0x7c, 0x97, 0x7b, 0x86, 0x83,
  0x7e, 0x92, 0x7d, 0x85, 0x8d, 0x82, 0x82, 0x77, 0x87, 0x93, 0x79, 0x85,
  0x83, 0x7c, 0x8b, 0x76, 0x85, 0x95, 0x77, 0x81, 0x86, 0x88, 0x80, 0x7f,
  0x90, 0x81, 0x80, 0x8b, 0x78, 0x84, 0x83, 0x72, 0x97, 0x88, 0x73, 0x88,
  0x85, 0x88, 0x82, 0x82, 0x8f, 0x80, 0x85, 0x82, 0x7c, 0x98, 0x79, 0x7d,
  0x97, 0x7c, 0x82, 0x88, 0x86, 0x88, 0x85, 0x89, 0x81, 0x88, 0x87, 0x73,
  0x95, 0x8c, 0x76, 0x92, 0x86, 0x81, 0x88, 0x7d, 0x85, 0x87, 0x88, 0x75,
  0x7e, 0x95, 0x74, 0x79, 0x92, 0x7f, 0x89, 0x83, 0x7b, 0x8c, 0x83, 0x82,
  0x7e, 0x8f, 0x86, 0x67, 0x8f, 0x94, 0x76, 0x8e, 0x82, 0x81, 0x8e, 0x74,
  0x86, 0x86, 0x88, 0x7f, 0x7f, 0x98, 0x72, 0x79, 0x97, 0x77, 0x8a, 0x8a,
  0x6d, 0x91, 0x81, 0x75, 0x8c, 0x8a, 0x84, 0x73, 0x89, 0x8c, 0x6c, 0x8d,
  0x87, 0x7d, 0x9a, 0x72, 0x7e, 0x97, 0x79, 0x85, 0x85, 0x89, 0x7f, 0x78,
  0x90, 0x79, 0x80, 0x96, 0x76, 0x8e, 0x82, 0x6c, 0x8d, 0x84, 0x7b, 0x87,
  0x87, 0x86, 0x78, 0x84, 0x85, 0x79, 0x94, 0x80, 0x79, 0x92, 0x74, 0x77,
  0x90, 0x84, 0x87, 0x85, 0x87, 0x85, 0x80, 0x88, 0x7f, 0x8a, 0x8a, 0x70,
  0x89, 0x88, 0x78, 0x84, 0x87, 0x86, 0x87, 0x7e, 0x82, 0x87, 0x87, 0x82,
  0x7e, 0x92, 0x80, 0x74, 0x8d, 0x88, 0x85, 0x88, 0x7f, 0x8d, 0x82, 0x79,
  0x89, 0x86, 0x8f, 0x79, 0x89, 0x92, 0x78, 0x86, 0x87, 0x87, 0x8f, 0x74,
  0x85, 0x8d, 0x84, 0x87, 0x7b, 0x8f, 0x85, 0x73, 0x88, 0x81, 0x86, 0x82,
  0x78, 0x8e, 0x80, 0x74, 0x89, 0x80, 0x8d, 0x7e, 0x79, 0x99, 0x7c, 0x7d,
  0x85, 0x81, 0x8e, 0x79, 0x84, 0x92, 0x72, 0x80, 0x85, 0x85, 0x91, 0x77,
  0x88, 0x8d, 0x72, 0x84, 0x7d, 0x89, 0x87, 0x79, 0x91, 0x80, 0x7e, 0x8c,
  0x79, 0x93, 0x86, 0x79, 0x91, 0x81, 0x7e, 0x89, 0x7d, 0x8f, 0x7c, 0x80,
  0x8a, 0x72, 0x90, 0x7f, 0x7d, 0x98, 0x78, 0x7d, 0x88, 0x7f, 0x89, 0x84,
  0x8c, 0x84, 0x7e, 0x86, 0x76, 0x8c, 0x8f, 0x72, 0x8b, 0x89, 0x7a, 0x89,
  0x88, 0x76, 0x8a, 0x7d, 0x91, 0x86, 0x79, 0x84, 0x8a, 0x9d, 0x6d, 0x6b,
  0x9c, 0x7e, 0x71, 0x8c, 0x82, 0x99, 0x8f, 0x78, 0x86, 0x80, 0xa9, 0x59,
  0x7e, 0x9b, 0x79, 0x91, 0x6f, 0x92, 0x94, 0x7c, 0x7c, 0x7a, 0x96, 0x78,
  0x6b, 0xa6, 0x7c, 0x7b, 0x88, 0x6e, 0xab, 0x7b, 0x70, 0x8a, 0x8d, 0x86,
  0x7b, 0x88, 0x91, 0x84, 0x74, 0x9e, 0x6d, 0x9a, 0x85, 0x68, 0x96, 0x6f,
  0x80, 0x90, 0x7e, 0x8a, 0x87, 0x7e, 0x91, 0x66, 0x9f, 0x7c, 0x70, 0x98,
  0x6b, 0x93, 0x8d, 0x79, 0x8d, 0x89, 0x7a, 0x7d, 0x7e, 0x85, 0x83, 0x81,
  0x9a, 0x7c, 0x90, 0x7e, 0x76, 0x8f, 0x85, 0x71, 0x8c, 0x86, 0x7a, 0x8c,
  0x72, 0x95, 0x89, 0x7f, 0x86, 0x7a, 0x94, 0x78, 0x78, 0x96, 0x8c, 0x7d,
  0x8a, 0x7d, 0x8f, 0x7a, 0x74, 0x8d, 0x8a, 0x7e, 0x6b, 0x97, 0x8a, 0x81,
  0x7c, 0x92, 0x89, 0x76, 0x86, 0x88, 0x8e, 0x76, 0x75, 0x93, 0x89, 0x72,
  0x85, 0x8a, 0x89, 0x7f, 0x74, 0x95, 0x7e, 0x7f, 0x76, 0x8e, 0x8c, 0x78,
  0x7a, 0x8f, 0x89, 0x6e, 0x86, 0x84, 0x8f, 0x75, 0x72, 0x99, 0x86, 0x7d,
  0x88, 0x8a, 0x92, 0x79, 0x66, 0xa0, 0x80, 0x84, 0x89, 0x85, 0xa1, 0x66,
  0x81, 0x8f, 0x77, 0x8a, 0x82, 0x7e, 0x98, 0x64, 0x7f, 0x90, 0x7d, 0x91,
  0x78, 0x8b, 0x8c, 0x74, 0x88, 0x7b, 0x7e, 0x9a, 0x71, 0x7c, 0x97, 0x6f,
  0x95, 0x78, 0x8b, 0x97, 0x73, 0x85, 0x7f, 0x84, 0x94, 0x6a, 0x90, 0x9a,
  0x6b, 0x95, 0x7d, 0x85, 0x89, 0x6e, 0x97, 0x88, 0x86, 0x7d, 0x85, 0x95,
  0x78, 0x79, 0x93, 0x7d, 0x72, 0x89, 0x84, 0x8b, 0x86, 0x7f, 0x86, 0x88,
  0x74, 0x87, 0x8d, 0x7f, 0x7f, 0x81, 0x92, 0x77, 0x85, 0x91, 0x83, 0x89,
  0x7d, 0x7d, 0x89, 0x80, 0x78, 0x93, 0x91, 0x7c, 0x81, 0x8d, 0x87, 0x81,
  0x79, 0x8d, 0x88, 0x75, 0x7b, 0x81, 0x9c, 0x78, 0x72, 0xa9, 0x86, 0x77,
  0x80, 0x80, 0x8b, 0x7e, 0x7d, 0x95, 0x8a, 0x83, 0x6d, 0x8c, 0x9e, 0x63,
  0x8b, 0x90, 0x7e, 0x89, 0x80, 0x89, 0x97, 0x7d, 0x77, 0x89, 0x81, 0x82,
  0x6e, 0x8a, 0x92, 0x77, 0x8c, 0x7f, 0x77, 0x9b, 0x6d, 0x7e, 0x9d, 0x75,
  0x85, 0x7b, 0x87, 0x93, 0x77, 0x89, 0x8a, 0x87, 0x8a, 0x61, 0x8a, 0x9f,
  0x69, 0x8d, 0x8e, 0x86, 0x88, 0x6c, 0x91, 0x8f, 0x80, 0x84, 0x81, 0x90,
  0x7d, 0x6f, 0x9c, 0x8b, 0x74, 0x91, 0x7d, 0x89, 0x85, 0x6f, 0x8d, 0x8d,
  0x83, 0x7a, 0x83, 0x97, 0x79, 0x7f, 0x97, 0x7d, 0x89, 0x7e, 0x80, 0x8d,
  0x7d, 0x84, 0x8a, 0x8a, 0x79, 0x80, 0x8d, 0x7f, 0x82, 0x89, 0x84, 0x7e,
  0x78, 0x8a, 0x8a, 0x85, 0x88, 0x80, 0x8e, 0x77, 0x75, 0x92, 0x87, 0x82,
  0x82, 0x84, 0x8f, 0x76, 0x7b, 0x96, 0x8a, 0x88, 0x7e, 0x81, 0x93, 0x6e,
  0x85, 0x93, 0x82, 0x8c, 0x7a, 0x85, 0x95, 0x73, 0x85, 0x8e, 0x7e, 0x90,
  0x71, 0x80, 0x97, 0x76, 0x8b, 0x85, 0x86, 0x90, 0x68, 0x84, 0x8f, 0x7e,
  0x8f, 0x7b, 0x8b, 0x91, 0x6b, 0x88, 0x86, 0x84, 0x84, 0x77, 0x8f, 0x88,
  0x6d, 0x86, 0x8b, 0x8b, 0x84, 0x68, 0x94, 0x8d, 0x6d, 0x86, 0x86, 0x8c,
  0x85, 0x72, 0x8f, 0x8f, 0x77, 0x84, 0x7f, 0x97, 0x7a, 0x66, 0x99, 0x8c,
  0x81, 0x8a, 0x84, 0x91, 0x7c, 0x6d, 0x87, 0x86, 0x83, 0x74, 0x83, 0x97,
  0x77, 0x7b, 0x93, 0x85, 0x85, 0x82, 0x7d, 0x91, 0x80, 0x76, 0x93, 0x8d,
  0x83, 0x7c, 0x88, 0x84, 0x77, 0x8b, 0x87, 0x80, 0x8a, 0x7f, 0x7f, 0x8e,
  0x83, 0x82, 0x92, 0x82, 0x75, 0x88, 0x81, 0x78, 0x8b, 0x89, 0x87, 0x83,
  0x7e, 0x85, 0x7c, 0x8d, 0x7f, 0x80, 0x98, 0x71, 0x7e, 0x92, 0x7c, 0x8c,
  0x82, 0x80, 0x8e, 0x75, 0x86, 0x83, 0x88, 0x8e, 0x70, 0x91, 0x91, 0x6c,
  0x8c, 0x7f, 0x7f, 0x95, 0x76, 0x86, 0x8a, 0x7d, 0x86, 0x80, 0x8e, 0x83,
  0x6c, 0x8e, 0x7d, 0x7b, 0x8e, 0x6a, 0x93, 0x8e, 0x6e, 0x87, 0x84, 0x8e,
  0x82, 0x75, 0x97, 0x81, 0x7e, 0x83, 0x76, 0x9c, 0x81, 0x71, 0x9c, 0x85,
  0x79, 0x7d, 0x8a, 0x91, 0x7d, 0x79, 0x8b, 0x88, 0x82, 0x72, 0x8f, 0xa0,
  0x75, 0x76, 0x8f, 0x86, 0x82, 0x84, 0x89, 0x96, 0x82, 0x6f, 0x86, 0x8c,
  0x81, 0x79, 0x8a, 0x8a, 0x71, 0x7b, 0x89, 0x85, 0x89, 0x85, 0x81, 0x8e,
  0x7a, 0x74, 0x8a, 0x8a, 0x87, 0x84, 0x81, 0x89, 0x85, 0x7d, 0x86, 0x86,
  0x8e, 0x7e, 0x7c, 0x8a, 0x79, 0x80, 0x8e, 0x85, 0x88, 0x82, 0x79, 0x85,
  0x7f, 0x82, 0x89, 0x81, 0x84, 0x85, 0x82, 0x88, 0x7c, 0x89, 0x8f, 0x7b,
  0x8d, 0x83, 0x7d, 0x8a, 0x7a, 0x8c, 0x8a, 0x7b, 0x90, 0x7b, 0x80, 0x87,
  0x75, 0x8d, 0x82, 0x7d, 0x87, 0x6f, 0x90, 0x88, 0x79, 0x92, 0x79, 0x84,
  0x88, 0x71, 0x9b, 0x87, 0x7b, 0x8a, 0x7d, 0x8f, 0x7e, 0x6e, 0x96, 0x86,
  0x83, 0x86, 0x7b, 0x97, 0x80, 0x73, 0x96, 0x83, 0x7a, 0x79, 0x7b, 0x92,
  0x78, 0x7c, 0x8e, 0x88, 0x84, 0x72, 0x89, 0x96, 0x76, 0x7d, 0x8c, 0x88,
  0x7f, 0x75, 0x8a, 0x8f, 0x88, 0x7a, 0x82, 0x90, 0x7d, 0x70, 0x8c, 0x95,
  0x7c, 0x7d, 0x88, 0x85, 0x88, 0x7f, 0x79, 0x94, 0x84, 0x6f, 0x85, 0x8d,
  0x85, 0x81, 0x85, 0x89, 0x82, 0x7b, 0x7f, 0x82, 0x91, 0x7f, 0x7a, 0x95,
  0x84, 0x7c, 0x8b, 0x83, 0x8e, 0x84, 0x7c, 0x89, 0x86, 0x83, 0x7c, 0x83,
  0x91, 0x77, 0x80, 0x8c, 0x75, 0x8b, 0x80, 0x7c, 0x94, 0x81, 0x7d, 0x88,
  0x86, 0x88, 0x7f, 0x8b, 0x8a, 0x79, 0x89, 0x7e, 0x7d, 0x94, 0x76, 0x83,
  0x92, 0x71, 0x84, 0x89, 0x7f, 0x88, 0x7f, 0x89, 0x7a, 0x7a, 0x92, 0x81,
  0x89, 0x8c, 0x76, 0x92, 0x80, 0x6a, 0x91, 0x84, 0x83, 0x81, 0x81, 0x8e,
  0x74, 0x7f, 0x89, 0x85, 0x8a, 0x75, 0x7e, 0x99, 0x72, 0x76, 0x92, 0x86,
  0x88, 0x7c, 0x7e, 0x8a, 0x79, 0x81, 0x87, 0x8e, 0x88, 0x67, 0x89, 0x92,
  0x78, 0x87, 0x87, 0x87, 0x83, 0x74, 0x82, 0x8d, 0x86, 0x79, 0x84, 0x8f,
  0x7b, 0x71, 0x8b, 0x89, 0x87, 0x83, 0x83, 0x86, 0x87, 0x7b, 0x7a, 0x98,
  0x86, 0x7b, 0x8a, 0x85, 0x89, 0x7e, 0x7a, 0x8d, 0x88, 0x84, 0x78, 0x81,
  0x8e, 0x77, 0x7d, 0x91, 0x86, 0x88, 0x7b, 0x7f, 0x92, 0x7f, 0x7c, 0x88,
  0x87, 0x84, 0x78, 0x86, 0x92, 0x7a, 0x84, 0x8b, 0x80, 0x8f, 0x72, 0x8b,
  0x91, 0x78, 0x88, 0x81, 0x85, 0x8a, 0x79, 0x8a, 0x90, 0x7d, 0x8a, 0x79,
  0x88, 0x89, 0x76, 0x90, 0x85, 0x7d, 0x8a, 0x7a, 0x88, 0x88, 0x7c, 0x92,
  0x83, 0x7f, 0x84, 0x7d, 0x88, 0x82, 0x85, 0x8f, 0x7a, 0x7e, 0x85, 0x7d,
  0x8f, 0x7b, 0x84, 0x96, 0x73, 0x78, 0x88, 0x85, 0x87, 0x81, 0x86, 0x8e,
  0x7b, 0x7d, 0x82, 0x8d, 0x8d, 0x72, 0x83, 0x8f, 0x79, 0x80, 0x86, 0x86,
  0x84, 0x7e, 0x85, 0x87, 0x81, 0x7e, 0x82, 0x8e, 0x81, 0x79, 0x88, 0x82,
  0x80, 0x84, 0x82, 0x88, 0x8d, 0x7c, 0x77, 0x8d, 0x88, 0x78, 0x83, 0x87,
  0x83, 0x7d, 0x81, 0x86, 0x8c, 0x86, 0x78, 0x84, 0x8f, 0x74, 0x79, 0x92,
  0x86, 0x89, 0x7c, 0x7d, 0x8f, 0x78, 0x7a, 0x87, 0x8c, 0x84, 0x6e, 0x87,
  0x94, 0x78, 0x89, 0x87, 0x83, 0x91, 0x74, 0x87, 0x92, 0x7e, 0x87, 0x85,
  0x8e, 0x81, 0x75, 0x8d, 0x82, 0x85, 0x8e, 0x75, 0x8e, 0x8d, 0x6b, 0x88,
  0x8b, 0x86, 0x86, 0x7c, 0x88, 0x80, 0x7e, 0x8b, 0x7e, 0x8d, 0x7e, 0x78,
  0x9a, 0x78, 0x7f, 0x96, 0x80, 0x87, 0x84, 0x83, 0x88, 0x7c, 0x8a, 0x86,
  0x80, 0x8a, 0x78, 0x81, 0x86, 0x76, 0x8e, 0x8b, 0x7b, 0x88, 0x82, 0x84,
  0x86, 0x81, 0x88, 0x85, 0x88, 0x7e, 0x7a, 0x90, 0x83, 0x7c, 0x8f, 0x84,
  0x7f, 0x85, 0x7e, 0x83, 0x88, 0x82, 0x7f, 0x87, 0x87, 0x79, 0x81, 0x88,
  0x84, 0x7e, 0x84, 0x87, 0x86, 0x80, 0x7d, 0x8a, 0x90, 0x7c, 0x7d, 0x87,
  0x86, 0x85, 0x7d, 0x84, 0x8f, 0x7c, 0x7e, 0x88, 0x85, 0x86, 0x7d, 0x8b,
  0x8f, 0x7b, 0x7e, 0x86, 0x8c, 0x8e, 0x78, 0x83, 0x8f, 0x7b, 0x7e, 0x87,
  0x8c, 0x85, 0x73, 0x85, 0x8e, 0x81, 0x7e, 0x80, 0x8f, 0x89, 0x73, 0x86,
  0x84, 0x7e, 0x84, 0x80, 0x8f, 0x89, 0x72, 0x87, 0x82, 0x84, 0x84, 0x7a,
  0x97, 0x81, 0x7e, 0x89, 0x7a, 0x8c, 0x84, 0x7b, 0x97, 0x80, 0x7f, 0x88,
  0x7e, 0x8f, 0x84, 0x83, 0x86, 0x77, 0x86, 0x7d, 0x7a, 0x90, 0x80, 0x7e,
  0x87, 0x77, 0x86, 0x84, 0x81, 0x8d, 0x87, 0x87, 0x80, 0x80, 0x88, 0x7f,
  0x8c, 0x88, 0x79, 0x8e, 0x7f, 0x7b, 0x8e, 0x87, 0x86, 0x86, 0x7e, 0x82,
  0x88, 0x82, 0x7e, 0x86, 0x88, 0x7a, 0x7f, 0x89, 0x7d, 0x82, 0x87, 0x87,
  0x86, 0x87, 0x7a, 0x7e, 0x90, 0x7d, 0x7b, 0x88, 0x82, 0x7e, 0x7e, 0x84,
  0x87, 0x87, 0x81, 0x7f, 0x8c, 0x87, 0x73, 0x8c, 0x91, 0x76, 0x85, 0x83,
  0x83, 0x85, 0x78, 0x86, 0x8d, 0x82, 0x78, 0x78, 0x95, 0x85, 0x73, 0x96,
  0x84, 0x83, 0x86, 0x79, 0x94, 0x87, 0x73, 0x88, 0x88, 0x82, 0x77, 0x7a,
  0x8f, 0x85, 0x82, 0x87, 0x7e, 0x8e, 0x78, 0x74, 0x94, 0x87, 0x7c, 0x90,
  0x73, 0x97, 0x7e, 0x65, 0xa3, 0x7a, 0x68, 0x7d, 0x99, 0x80, 0x7b, 0x99,
  0x88, 0x6e, 0x9c, 0x7c, 0x58, 0x89, 0x96, 0x6a, 0x81, 0x8b, 0x9d, 0x6c,
  0x5a, 0x91, 0x7e, 0xa4, 0x55, 0xb2, 0x85, 0x85, 0x4c, 0xca, 0x80, 0x52,
  0x9c, 0x7b, 0x9a, 0x5b, 0x9a, 0x8d, 0x9b, 0x40, 0x7d, 0xa2, 0x64, 0x91,
  0x68, 0xc3, 0x59, 0xa4, 0x79, 0x85, 0x75, 0x80, 0x65, 0x95, 0xb3, 0x5e,
  0xa0, 0x66, 0xb2, 0x7a, 0x84, 0x92, 0x76, 0x78, 0x6d, 0x97, 0xb1, 0x88,
  0x59, 0xbb, 0x5f, 0x6f, 0x97, 0x8d, 0x85, 0x5a, 0xa3, 0x91, 0x87, 0x6f,
  0xaa, 0x77, 0x7b, 0x53, 0xb1, 0xa0, 0x52, 0x94, 0x9f, 0x7b, 0x73, 0x8a,
  0x9c, 0x82, 0x4f, 0x88, 0xac, 0x7d, 0x77, 0x65, 0xb7, 0x4d, 0x7d, 0xa4,
  0x82, 0x84, 0x74, 0x71, 0x97, 0x8f, 0x73, 0x8e, 0x83, 0x8c, 0x6e, 0x7a,
  0x8e, 0x8f, 0x7a, 0x5e, 0x89, 0xa8, 0x7f, 0x4f, 0xac, 0x8c, 0x6e, 0x7f,
  0x89, 0xa5, 0x67, 0x65, 0x93, 0xb4, 0x81, 0x77, 0x94, 0xa6, 0x54, 0x74,
  0xa0, 0x89, 0x84, 0x6f, 0x85, 0xa1, 0x8a, 0x6b, 0x91, 0x90, 0x6e, 0x7f,
  0x70, 0x9f, 0x89, 0x7d, 0x73, 0x94, 0xa4, 0x77, 0x5a, 0xaf, 0x84, 0x6a,
  0x8f, 0x8f, 0xa8, 0x6a, 0x67, 0xb0, 0x8c, 0x66, 0x67, 0xa1, 0x8b, 0x47,
  0x8f, 0xb2, 0x73, 0x75, 0x85, 0x92, 0x92, 0x6c, 0x80, 0xa6, 0x74, 0x60,
  0x99, 0x90, 0x7c, 0x7e, 0x96, 0x8a, 0x64, 0x9d, 0x82, 0x7f, 0x8f, 0x62,
  0x8e, 0x9e, 0x73, 0x98, 0x8f, 0x74, 0x88, 0x86, 0x9b, 0x70, 0x8b, 0x81,
  0x6c, 0x96, 0x8f, 0x74, 0x9b, 0x8d, 0x62, 0x8b, 0x85, 0x8f, 0x8b, 0x74,
  0x86, 0x8f, 0x82, 0x69, 0x82, 0xa2, 0x64, 0x60, 0xb1, 0x7f, 0x7a, 0x84,
  0x80, 0x9b, 0x74, 0x6f, 0x93, 0x92, 0x6a, 0x6f, 0x9b, 0x96, 0x66, 0x89,
  0x8d, 0x74, 0x91, 0x7d, 0x79, 0x99, 0x87, 0x5c, 0x8f, 0x91, 0x87, 0x80,
  0x7a, 0x95, 0x96, 0x72, 0x6b, 0x9f, 0xa3, 0x58, 0x5d, 0xb9, 0x8d, 0x5e,
  0x88, 0x99, 0x9e, 0x61, 0x6d, 0xa1, 0x90, 0x4d, 0x70, 0xb9, 0x99, 0x4d,
  0x84, 0xb1, 0x68, 0x69, 0x85, 0x8e, 0x97, 0x56, 0x6d, 0xab, 0x85, 0x75,
  0x8d, 0x8d, 0x87, 0x66, 0x93, 0x90, 0x81, 0x8e, 0x6b, 0x8d, 0x9e, 0x64,
  0x81, 0x98, 0x7e, 0x8a, 0x77, 0x80, 0x9d, 0x85, 0x7e, 0x83, 0x95, 0x85,
  0x70, 0x91, 0x87, 0x62, 0x8e, 0x93, 0x7e, 0x88, 0x72, 0x8f, 0x87, 0x70,
  0x93, 0x8f, 0x7f, 0x79, 0x83, 0x94, 0x71, 0x7d, 0xa9, 0x7d, 0x80, 0x83,
  0x89, 0x9a, 0x72, 0x7f, 0x96, 0x7c, 0x75, 0x8e, 0x8f, 0x80, 0x75, 0x90,
  0x83, 0x7b, 0x91, 0x77, 0x7d, 0x96, 0x81, 0x81, 0x85, 0x77, 0x99, 0x82,
  0x68, 0x9f, 0x8e, 0x7b, 0x71, 0x96, 0x94, 0x66, 0x80, 0xa2, 0x8b, 0x75,
  0x69, 0x9e, 0xa1, 0x51, 0x6d, 0xae, 0x84, 0x5a, 0x8b, 0xa3, 0x90, 0x6c,
  0x78, 0xa9, 0x8c, 0x6b, 0x6f, 0x98, 0x98, 0x5b, 0x83, 0xaa, 0x73, 0x7f,
  0x7f, 0x86, 0x9e, 0x6e, 0x71, 0x8f, 0x8f, 0x75, 0x6a, 0xa0, 0x9b, 0x5f,
  0x7e, 0x8a, 0x8d, 0x92, 0x5f, 0x8e, 0xb3, 0x65, 0x76, 0x99, 0x8e, 0x70,
  0x6d, 0x99, 0x92, 0x73, 0x8b, 0x78, 0x90, 0x88, 0x68, 0xa5, 0x96, 0x6b,
  0x8f, 0x82, 0x83, 0x8a, 0x83, 0x81, 0x72, 0x8d, 0x8a, 0x69, 0x94, 0x84,
  0x7c, 0x8c, 0x70, 0x89, 0x99, 0x68, 0x80, 0xa5, 0x7f, 0x78, 0x8d, 0x98,
  0x72, 0x75, 0x9d, 0x7e, 0x85, 0x8a, 0x7a, 0x96, 0x7c, 0x6d, 0xa3, 0x7c,
  0x63, 0x8f, 0x91, 0x79, 0x78, 0x98, 0x8d, 0x67, 0x86, 0x8b, 0x88, 0x82,
  0x76, 0x8f, 0xa1, 0x64, 0x71, 0xaa, 0x8a, 0x6b, 0x84, 0x91, 0x88, 0x78,
  0x82, 0x90, 0x92, 0x84, 0x6a, 0x97, 0x95, 0x59, 0x89, 0xa0, 0x88, 0x7f,
  0x73, 0x89, 0x9c, 0x6d, 0x6a, 0x96, 0xa4, 0x71, 0x63, 0xa3, 0x9b, 0x63,
  0x7c, 0x93, 0x90, 0x84, 0x59, 0x90, 0xb5, 0x65, 0x6e, 0x9f, 0x91, 0x78,
  0x6a, 0x9b, 0x92, 0x71, 0x80, 0x86, 0x9b, 0x88, 0x5d, 0x9e, 0x87, 0x70,
  0x89, 0x85, 0x88, 0x83, 0x75, 0x83, 0x89, 0x92, 0x7c, 0x70, 0x95, 0x88,
  0x78, 0x88, 0x87, 0x94, 0x80, 0x61, 0x9d, 0xa4, 0x6d, 0x84, 0x8f, 0x96,
  0x70, 0x72, 0xa9, 0x8f, 0x81, 0x7d, 0x82, 0x9d, 0x6f, 0x6a, 0xa2, 0x7d,
  0x78, 0x8b, 0x8d, 0x8b, 0x73, 0x84, 0x8b, 0x7c, 0x7b, 0x7c, 0x8c, 0x86,
  0x76, 0x8e, 0x99, 0x75, 0x83, 0x88, 0x7b, 0x8c, 0x82, 0x80, 0x93, 0x80,
  0x75, 0x86, 0x8d, 0x83, 0x76, 0x8f, 0x8d, 0x76, 0x83, 0x84, 0x90, 0x89,
  0x68, 0x91, 0xa6, 0x76, 0x72, 0x98, 0x96, 0x78, 0x74, 0x9a, 0x9a, 0x6b,
  0x6d, 0x8f, 0x9f, 0x73, 0x62, 0xaf, 0x8f, 0x5b, 0x87, 0x96, 0x8e, 0x7f,
  0x6b, 0x95, 0x96, 0x71, 0x77, 0x94, 0x97, 0x68, 0x75, 0x9a, 0x7f, 0x7a,
  0x8d, 0x6f, 0x8c, 0x8f, 0x63, 0x80, 0x8f, 0x82, 0x80, 0x7f, 0x95, 0x89,
  0x78, 0x7e, 0x85, 0xa2, 0x78, 0x57, 0xab, 0x8d, 0x65, 0x8b, 0x8d, 0x8e,
  0x75, 0x6e, 0x98, 0x8c, 0x75, 0x6f, 0x8e, 0x9f, 0x60, 0x72, 0xa2, 0x78,
  0x80, 0x82, 0x7d, 0x98, 0x7c, 0x67, 0x93, 0x93, 0x75, 0x79, 0x8e, 0x9b,
  0x72, 0x80, 0x89, 0x82, 0x91, 0x70, 0x82, 0xa9, 0x6e, 0x6a, 0x95, 0x8d,
  0x78, 0x78, 0x90, 0x86, 0x78, 0x84, 0x8a, 0x90, 0x86, 0x6e, 0x96, 0x9c,
  0x65, 0x85, 0x9f, 0x6e, 0x74, 0x8f, 0x8e, 0x84, 0x72, 0x86, 0x8e, 0x85,
  0x75, 0x82, 0x9f, 0x6b, 0x69, 0xa7, 0x8f, 0x69, 0x82, 0x8a, 0x86, 0x7c,
  0x76, 0x90, 0x92, 0x72, 0x7c, 0x90, 0x8d, 0x75, 0x7f, 0x98, 0x83, 0x7e,
  0x87, 0x70, 0x91, 0x8f, 0x6b, 0x8f, 0x8e, 0x7f, 0x7b, 0x7d, 0x91, 0x82,
  0x73, 0x86, 0x8c, 0x92, 0x6d, 0x6d, 0xb1, 0x84, 0x72, 0x8e, 0x85, 0x92,
  0x75, 0x76, 0x9f, 0x88, 0x73, 0x79, 0x8e, 0x96, 0x70, 0x82, 0x9d, 0x7e,
  0x7f, 0x77, 0x83, 0xa0, 0x74, 0x6b, 0x96, 0x8d, 0x80, 0x70, 0x86, 0x9f,
  0x72, 0x74, 0x8b, 0x91, 0x83, 0x5b, 0x90, 0xaa, 0x63, 0x70, 0x92, 0x8f,
  0x7d, 0x64, 0x95, 0xa5, 0x6d, 0x72, 0x93, 0x9b, 0x77, 0x66, 0x9d, 0x92,
  0x69, 0x7f, 0x94, 0x8a, 0x83, 0x74, 0x91, 0x95, 0x6d, 0x83, 0x8f, 0x85,
  0x77, 0x81, 0x93, 0x7e, 0x7d, 0x90, 0x7d, 0x7f, 0x86, 0x7e, 0x8e, 0x87,
  0x77, 0x8e, 0x87, 0x76, 0x86, 0x83, 0x81, 0x85, 0x85, 0x83, 0x82, 0x8d,
  0x7c, 0x76, 0x95, 0x7c, 0x7a, 0x92, 0x7f, 0x87, 0x84, 0x77, 0x8a, 0x8b,
  0x74, 0x80, 0x8f, 0x88, 0x6b, 0x83, 0x99, 0x79, 0x82, 0x8c, 0x7e, 0x90,
  0x7a, 0x6c, 0x9a, 0x88, 0x7e, 0x8f, 0x8c, 0x8c, 0x7a, 0x7e, 0x8b, 0x86,
  0x8f, 0x71, 0x80, 0xa8, 0x74, 0x70, 0x97, 0x90, 0x82, 0x6e, 0x7a, 0xa0,
  0x7c, 0x64, 0x8c, 0xa6, 0x7f, 0x55, 0x8d, 0xa8, 0x5f, 0x7c, 0x94, 0x8b,
  0x88, 0x61, 0x88, 0xab, 0x6d, 0x68, 0x97, 0x9f, 0x6e, 0x66, 0xa3, 0x8a,
  0x69, 0x88, 0x84, 0x8f, 0x7f, 0x65, 0x94, 0x99, 0x6f, 0x7b, 0x8d, 0x88,
  0x75, 0x7f, 0x89, 0x85, 0x89, 0x82, 0x79, 0x91, 0x86, 0x6c, 0x90, 0x93,
  0x7a, 0x88, 0x85, 0x81, 0x7e, 0x8b, 0x86, 0x76, 0x99, 0x64, 0x8a, 0x95,
  0x66, 0x86, 0x7f, 0x8f, 0x6e, 0x83, 0x8f, 0x86, 0x7e, 0x87, 0x7d, 0x9a,
  0x6a, 0x8a, 0x86, 0x74, 0xa4, 0x66, 0xac, 0x6c, 0x84, 0x99, 0x62, 0xa5,
  0x72, 0x8a, 0x85, 0x81, 0x99, 0x7b, 0x7d, 0xa9, 0x59, 0xb0, 0x65, 0x8d,
  0x9d, 0x60, 0x93, 0x78, 0xa2, 0x56, 0x9c, 0xac, 0x74, 0x8a, 0x72, 0xa2,
  0x7b, 0x7d, 0x86, 0x93, 0x8a, 0x66, 0x6e, 0xbd, 0x51, 0x74, 0xab, 0x6d,
  0xac, 0x4d, 0xc1, 0x7b, 0x82, 0x82, 0x64, 0xbf, 0x67, 0x70, 0xaf, 0x82,
  0x7e, 0x76, 0x89, 0xa5, 0x65, 0x89, 0x82, 0x8a, 0xad, 0x3d, 0xb4, 0x7a,
  0x87, 0x72, 0x7f, 0x98, 0x71, 0x85, 0x81, 0x8e, 0x96, 0x64, 0x7e, 0x9a,
  0x69, 0x86, 0x92, 0x8b, 0x81, 0x5f, 0xa3, 0x6d, 0x9d, 0x6d, 0x83, 0x8a,
  0x7d, 0x7d, 0x8a, 0x85, 0x7e, 0x8e, 0x83, 0x80, 0x83, 0x8e, 0x79, 0x83,
  0x93, 0x89, 0x89, 0x73, 0x97, 0x76, 0x8d, 0x6f, 0x8f, 0x92, 0x64, 0x79,
  0x90, 0x80, 0x7f, 0x8c, 0x8d, 0x9b, 0x58, 0x95, 0x7d, 0x79, 0x91, 0x62,
  0xaf, 0x79, 0x6f, 0xa6, 0x7c, 0x81, 0x82, 0x7e, 0x9f, 0x65, 0x76, 0xa6,
  0x68, 0x9c, 0x6b, 0x96, 0x89, 0x5d, 0x91, 0x86, 0x8c, 0x83, 0x78, 0x9e,
  0x80, 0x69, 0x96, 0x8d, 0x86, 0x75, 0x7d, 0x96, 0x72, 0x82, 0x7e, 0xa5,
  0x7a, 0x74, 0x85, 0x92, 0x87, 0x5f, 0x9c, 0x91, 0x81, 0x82, 0x7b, 0xa2,
  0x8c, 0x65, 0x91, 0x8f, 0x90, 0x6e, 0x6e, 0xae, 0x62, 0x85, 0x8c, 0x88,
  0x90, 0x5c, 0x86, 0x92, 0x81, 0x8b, 0x81, 0x9b, 0x71, 0x73, 0x98, 0x82,
  0x90, 0x86, 0x82, 0x95, 0x6f, 0x92, 0x74, 0x87, 0x93, 0x6b, 0x9a, 0x7d,
  0x7a, 0x92, 0x70, 0x84, 0x8d, 0x85, 0x7f, 0x6f, 0xa2, 0x81, 0x6c, 0x9e,
  0x80, 0x94, 0x78, 0x75, 0x9a, 0x82, 0x79, 0x7d, 0x96, 0x84, 0x67, 0x87,
  0x92, 0x7e, 0x7c, 0x88, 0x86, 0x83, 0x7e, 0x7f, 0x8e, 0x83, 0x6d, 0x9e,
  0x87, 0x7e, 0x87, 0x7b, 0x99, 0x74, 0x85, 0x8f, 0x72, 0x93, 0x68, 0x8a,
  0xa5, 0x57, 0x8a, 0x94, 0x77, 0x8d, 0x6f, 0x99, 0x88, 0x6b, 0x8e, 0x75,
  0x9b, 0x7b, 0x6a, 0xb2, 0x70, 0x6b, 0x91, 0x84, 0x8e, 0x6b, 0x81, 0x8e,
  0x79, 0x81, 0x7c, 0x9c, 0x89, 0x5f, 0x92, 0x96, 0x71, 0x70, 0x95, 0x8e,
  0x76, 0x84, 0x85, 0x8b, 0x7f, 0x6f, 0x98, 0x94, 0x81, 0x78, 0x81, 0x8d,
  0x66, 0x8d, 0x8d, 0x7b, 0x8f, 0x75, 0x87, 0x87, 0x7f, 0x85, 0x7a, 0x8f,
  0x81, 0x78, 0x8c, 0x6f, 0x95, 0x88, 0x7b, 0x88, 0x84, 0x89, 0x6b, 0x80,
  0x93, 0x75, 0x8e, 0x7a, 0x8d, 0x8f, 0x61, 0x8c, 0x92, 0x79, 0x86, 0x6f,
  0x9e, 0x78, 0x6f, 0x97, 0x7c, 0x93, 0x6d, 0x72, 0xa2, 0x73, 0x85, 0x88,
  0x85, 0x93, 0x66, 0x89, 0x9d, 0x75, 0x8a, 0x7f, 0x93, 0x89, 0x67, 0x8b,
  0x96, 0x81, 0x7b, 0x87, 0x8d, 0x83, 0x70, 0x85, 0x96, 0x78, 0x7d, 0x8a,
  0x88, 0x82, 0x74, 0x90, 0x8c, 0x6c, 0x8a, 0x88, 0x85, 0x7e, 0x68, 0x9e,
  0x7d, 0x70, 0x90, 0x7b, 0x89, 0x76, 0x80, 0xa5, 0x6f, 0x86, 0x81, 0x7b,
  0x94, 0x64, 0x90, 0x98, 0x6c, 0x91, 0x86, 0x88, 0x82, 0x7c, 0x9c, 0x84,
  0x82, 0x87, 0x7e, 0x96, 0x78, 0x82, 0x91, 0x82, 0x88, 0x7c, 0x85, 0x82,
  0x85, 0x8d, 0x74, 0x8d, 0x88, 0x74, 0x87, 0x81, 0x86, 0x88, 0x80, 0x87,
  0x81, 0x8b, 0x75, 0x7f, 0x97, 0x78, 0x82, 0x87, 0x83, 0x84, 0x79, 0x86,
  0x89, 0x8c, 0x76, 0x75, 0x9d, 0x80, 0x78, 0x8b, 0x8d, 0x87, 0x6d, 0x89,
  0x88, 0x8a, 0x7c, 0x65, 0xa2, 0x85, 0x67, 0x8f, 0x8a, 0x8d, 0x67, 0x86,
  0xa1, 0x71, 0x87, 0x7d, 0x88, 0xa1, 0x54, 0x8b, 0xa7, 0x6e, 0x89, 0x82,
  0x9d, 0x7e, 0x6f, 0x97, 0x78, 0x87, 0x7e, 0x72, 0xa4, 0x7d, 0x71, 0x93,
  0x80, 0x7e, 0x86, 0x8e, 0x84, 0x77, 0x87, 0x86, 0x85, 0x82, 0x81, 0x8b,
  0x8b, 0x77, 0x82, 0x92, 0x74, 0x7d, 0x96, 0x82, 0x85, 0x80, 0x86, 0x89,
  0x7c, 0x90, 0x83, 0x84, 0x8b, 0x6d, 0x95, 0x87, 0x79, 0x99, 0x7e, 0x81,
  0x85, 0x7a, 0x90, 0x7b, 0x8d, 0x85, 0x76, 0x92, 0x73, 0x87, 0x8c, 0x72,
  0x8b, 0x84, 0x89, 0x7f, 0x80, 0x8e, 0x78, 0x89, 0x87, 0x7e, 0x91, 0x74,
  0x85, 0x8e, 0x7e, 0x89, 0x85, 0x97, 0x76, 0x79, 0x9e, 0x79, 0x84, 0x82,
  0x7c, 0x9b, 0x70, 0x79, 0x97, 0x83, 0x7d, 0x76, 0x96, 0x88, 0x6b, 0x89,
  0x8b, 0x87, 0x76, 0x7b, 0x97, 0x8b, 0x76, 0x85, 0x99, 0x7b, 0x70, 0x8f,
  0x8e, 0x87, 0x72, 0x84, 0x94, 0x73, 0x85, 0x7e, 0x8b, 0x8f, 0x69, 0x92,
  0x87, 0x79, 0x89, 0x76, 0x9a, 0x7c, 0x74, 0xa0, 0x6e, 0x82, 0x85, 0x79,
  0x9c, 0x73, 0x83, 0x8e, 0x74, 0x95, 0x75, 0x86, 0x91, 0x6f, 0x8d, 0x7e,
  0x7a, 0x8b, 0x79, 0x8c, 0x81, 0x85, 0x8b, 0x7d, 0x86, 0x82, 0x85, 0x88,
  0x80, 0x80, 0x88, 0x83, 0x78, 0x8a, 0x88, 0x7c, 0x88, 0x82, 0x84, 0x84,
  0x7b, 0x8f, 0x87, 0x88, 0x79, 0x81, 0x94, 0x6e, 0x87, 0x92, 0x79, 0x8a,
  0x7e, 0x8b, 0x89, 0x74, 0x89, 0x85, 0x8a, 0x7c, 0x79, 0x9d, 0x77, 0x7c,
  0x8d, 0x89, 0x83, 0x73, 0x94, 0x86, 0x78, 0x8b, 0x82, 0x97, 0x77, 0x70,
  0x9d, 0x80, 0x7e, 0x82, 0x8c, 0x8b, 0x65, 0x8b, 0x89, 0x7d, 0x8b, 0x6e,
  0x92, 0x8a, 0x68, 0x8e, 0x8d, 0x83, 0x7e, 0x83, 0x96, 0x71, 0x79, 0x92,
  0x84, 0x90, 0x7b, 0x70, 0x92, 0x84, 0x7b, 0x8c, 0x8b, 0x82, 0x7d, 0x85,
  0x84, 0x82, 0x83, 0x86, 0x81, 0x87, 0x7f, 0x79, 0x93, 0x81, 0x79, 0x96,
  0x73, 0x89, 0x8b, 0x78, 0x8b, 0x7b, 0x93, 0x83, 0x75, 0x90, 0x70, 0x90,
  0x8c, 0x6e, 0xa0, 0x80, 0x78, 0x8b, 0x7d, 0x8c, 0x74, 0x8a, 0x98, 0x75,
  0x8b, 0x7a, 0x88, 0x8d, 0x6b, 0x8b, 0x91, 0x78, 0x7a, 0x8d, 0x8d, 0x70,
  0x7f, 0x90, 0x80, 0x81, 0x85, 0x8d, 0x8b, 0x78, 0x86, 0x8f, 0x89, 0x72,
  0x83, 0x99, 0x7a, 0x81, 0x89, 0x83, 0x84, 0x7b, 0x89, 0x8b, 0x84, 0x7a,
  0x81, 0x92, 0x75, 0x7d, 0x8e, 0x83, 0x7b, 0x7f, 0x8b, 0x84, 0x7f, 0x87,
  0x82, 0x94, 0x7e, 0x79, 0x95, 0x87, 0x82, 0x7d, 0x8d, 0x8c, 0x6f, 0x92,
  0x8b, 0x84, 0x8a, 0x6f, 0x90, 0x8e, 0x71, 0x8d, 0x80, 0x93, 0x7f, 0x76,
  0x9e, 0x79, 0x81, 0x87, 0x7c, 0x8d, 0x75, 0x84, 0x8f, 0x77, 0x8b, 0x85,
  0x86, 0x8b, 0x7a, 0x8c, 0x81, 0x76, 0x88, 0x85, 0x82, 0x85, 0x88, 0x85,
  0x7e, 0x7f, 0x88, 0x82, 0x7e, 0x8c, 0x88, 0x87, 0x7e, 0x7b, 0x94, 0x7d,
  0x73, 0x93, 0x81, 0x88, 0x7c, 0x84, 0x95, 0x72, 0x87, 0x8c, 0x86, 0x8b,
  0x66, 0x94, 0x93, 0x64, 0x89, 0x8a, 0x87, 0x81, 0x7c, 0x9a, 0x80, 0x82,
  0x83, 0x80, 0x93, 0x6f, 0x7f, 0x9a, 0x82, 0x82, 0x84, 0x8c, 0x84, 0x77,
  0x8f, 0x84, 0x89, 0x81, 0x7a, 0x95, 0x83, 0x76, 0x89, 0x8c, 0x7c, 0x6f,
  0x8f, 0x8d, 0x7c, 0x8c, 0x85, 0x87, 0x84, 0x71, 0x8b, 0x91, 0x80, 0x7d,
  0x8d, 0x8d, 0x73, 0x80, 0x89, 0x85, 0x88, 0x82, 0x83, 0x88, 0x82, 0x73,
  0x8b, 0x91, 0x71, 0x89, 0x8c, 0x79, 0x85, 0x82, 0x8a, 0x7e, 0x83, 0x88,
  0x77, 0x8e, 0x7b, 0x80, 0x9f, 0x74, 0x88, 0x93, 0x77, 0x88, 0x80, 0x8d,
  0x7c, 0x7b, 0x9a, 0x70, 0x80, 0x8d, 0x7a, 0x96, 0x79, 0x7d, 0x98, 0x7a,
  0x79, 0x83, 0x8e, 0x81, 0x6a, 0x8a, 0x87, 0x79, 0x84, 0x87, 0x8b, 0x87,
  0x72, 0x85, 0x93, 0x7c, 0x75, 0x8e, 0x8f, 0x7a, 0x80, 0x87, 0x88, 0x7c,
  0x83, 0x84, 0x87, 0x88, 0x6f, 0x94, 0x94, 0x71, 0x88, 0x84, 0x89, 0x7e,
  0x79, 0x95, 0x86, 0x88, 0x85, 0x81, 0x92, 0x72, 0x81, 0x9a, 0x7c, 0x82,
  0x86, 0x8f, 0x82, 0x74, 0x91, 0x83, 0x88, 0x7f, 0x78, 0x90, 0x76, 0x7b,
  0x8b, 0x8b, 0x85, 0x74, 0x8e, 0x88, 0x76, 0x8d, 0x80, 0x8c, 0x73, 0x7f,
  0x95, 0x75, 0x96, 0x85, 0x7a, 0x91, 0x7c, 0x7b, 0x87, 0x76, 0x9e, 0x7b,
  0x7b, 0x93, 0x80, 0x98, 0x5c, 0x94, 0x8c, 0x87, 0x8a, 0x62, 0x9e, 0x7f,
  0x82, 0x7e, 0x76, 0xa5, 0x5a, 0x89, 0x91, 0x72, 0x95, 0x64, 0x9c, 0x90,
  0x45, 0xa5, 0x6a, 0xa1, 0x81, 0x5f, 0xbb, 0x68, 0x7b, 0x88, 0x76, 0xa2,
  0x67, 0x8b, 0x97, 0x7c, 0x77, 0x8a, 0x91, 0x89, 0x67, 0x98, 0x93, 0x78,
  0x70, 0x9b, 0x8d, 0x7b, 0x7d, 0x88, 0x9e, 0x70, 0x75, 0xa3, 0x85, 0x7f,
  0x6d, 0xa4, 0x8d, 0x62, 0x88, 0xa4, 0x76, 0x7d, 0x7a, 0x95, 0x8e, 0x78,
  0x8b, 0xa1, 0x7c, 0x72, 0x9c, 0x8d, 0x77, 0x7c, 0x94, 0x8e, 0x65, 0xa1,
  0x8b, 0x83, 0x7e, 0x74, 0x9e, 0x7e, 0x63, 0x92, 0x8d, 0x78, 0x83, 0x85,
  0xa7, 0x75, 0x75, 0x99, 0x7c, 0x7a, 0x87, 0x87, 0x96, 0x78, 0x73, 0xab,
  0x80, 0x7c, 0x8f, 0x7f, 0x96, 0x5f, 0x8f, 0x9b, 0x66, 0x96, 0x78, 0x7c,
  0xac, 0x4a, 0x99, 0x93, 0x69, 0x91, 0x6f, 0xa3, 0x7e, 0x6a, 0xa0, 0x7c,
  0x88, 0x75, 0x86, 0x98, 0x74, 0x6b, 0x96, 0x98, 0x73, 0x75, 0xa9, 0x7e,
  0x7b, 0x72, 0x94, 0x94, 0x52, 0x93, 0x8a, 0x8d, 0x7c, 0x5e, 0xc4, 0x6d,
  0x6b, 0x99, 0x83, 0x8f, 0x65, 0x7d, 0xb5, 0x5f, 0x7f, 0x8d, 0x8b, 0x87,
  0x5f, 0xa0, 0x8f, 0x62, 0x79, 0x9f, 0x8a, 0x76, 0x84, 0x97, 0x86, 0x6f,
  0x86, 0x89, 0x80, 0x7d, 0x7e, 0x8f, 0x8b, 0x6e, 0x96, 0x88, 0x67, 0x8c,
  0x82, 0x81, 0x7e, 0x82, 0x98, 0x7e, 0x71, 0x95, 0x89, 0x86, 0x7e, 0x72,
  0xa5, 0x6b, 0x6e, 0x99, 0x85, 0x87, 0x79, 0x8d, 0x90, 0x7a, 0x7e, 0x90,
  0x83, 0x80, 0x6f, 0x89, 0x9e, 0x7a, 0x79, 0xa2, 0x7a, 0x83, 0x82, 0x81,
  0xa3, 0x67, 0x78, 0x97, 0x7b, 0x88, 0x6b, 0x9b, 0x94, 0x4e, 0x90, 0x9a,
  0x6f, 0x86, 0x75, 0x9e, 0x88, 0x5e, 0xa7, 0x8e, 0x7f, 0x7a, 0x77, 0xa8,
  0x70, 0x60, 0xab, 0x80, 0x73, 0x8a, 0x8a, 0xa0, 0x68, 0x73, 0xa1, 0x80,
  0x75, 0x7f, 0x94, 0x93, 0x68, 0x82, 0xa7, 0x73, 0x75, 0x8b, 0x84, 0x83,
  0x76, 0x86, 0x90, 0x7c, 0x7e, 0x95, 0x86, 0x83, 0x75, 0x8b, 0x91, 0x61,
  0x8b, 0x90, 0x7d, 0x8f, 0x7d, 0x8a, 0x94, 0x72, 0x87, 0x87, 0x7a, 0x8b,
  0x76, 0x97, 0x8a, 0x75, 0x99, 0x7a, 0x81, 0x88, 0x76, 0x89, 0x87, 0x7a,
  0x8f, 0x85, 0x82, 0x82, 0x87, 0x8e, 0x75, 0x78, 0x99, 0x77, 0x76, 0x8c,
  0x81, 0x97, 0x89, 0x74, 0xa1, 0x78, 0x74, 0x8b, 0x87, 0x8a, 0x6d, 0x96,
  0x9a, 0x67, 0x84, 0x8f, 0x86, 0x84, 0x6a, 0x92, 0x91, 0x64, 0x7f, 0x9d,
  0x8b, 0x74, 0x7c, 0xa0, 0x89, 0x60, 0x97, 0x8d, 0x71, 0x85, 0x7c, 0x99,
  0x8f, 0x5c, 0xa1, 0x90, 0x6e, 0x83, 0x82, 0x9d, 0x6f, 0x70, 0xad, 0x7b,
  0x7c, 0x88, 0x7a, 0x9e, 0x6e, 0x70, 0xa0, 0x75, 0x79, 0x83, 0x86, 0x8f,
  0x71, 0x8f, 0x93, 0x76, 0x8b, 0x78, 0x7e, 0x94, 0x70, 0x8e, 0x8e, 0x78,
  0x89, 0x84, 0x8b, 0x86, 0x78, 0x88, 0x81, 0x7e, 0x89, 0x7f, 0x88, 0x8c,
  0x74, 0x89, 0x8a, 0x77, 0x86, 0x8b, 0x83, 0x7f, 0x7e, 0x8b, 0x8a, 0x78,
  0x8d, 0x87, 0x81, 0x84, 0x71, 0x97, 0x7a, 0x69, 0x9f, 0x88, 0x7b, 0x89,
  0x86, 0x90, 0x71, 0x77, 0x98, 0x76, 0x7c, 0x87, 0x89, 0x94, 0x6c, 0x8c,
  0xa6, 0x6e, 0x72, 0x89, 0x86, 0x81, 0x72, 0x90, 0x95, 0x67, 0x80, 0x8d,
  0x85, 0x83, 0x6b, 0x9b, 0x8d, 0x52, 0x95, 0x8e, 0x85, 0x81, 0x73, 0x9d,
  0x7c, 0x69, 0x94, 0x86, 0x89, 0x79, 0x7a, 0xa3, 0x7b, 0x6f, 0x98, 0x88,
  0x82, 0x7e, 0x82, 0x8f, 0x7a, 0x79, 0x88, 0x86, 0x88, 0x7d, 0x7c, 0x9a,
  0x75, 0x74, 0x99, 0x7a, 0x88, 0x7d, 0x78, 0x9a, 0x75, 0x81, 0x94, 0x7b,
  0x8d, 0x71, 0x83, 0x9c, 0x6a, 0x89, 0x91, 0x79, 0x8e, 0x7a, 0x85, 0x8c,
  0x70, 0x90, 0x81, 0x7b, 0x86, 0x80, 0x98, 0x77, 0x81, 0x9c, 0x76, 0x74,
  0x8d, 0x87, 0x7c, 0x83, 0x83, 0x90, 0x7b, 0x79, 0x8f, 0x8b, 0x7e, 0x79,
  0x8a, 0x8d, 0x74, 0x7d, 0xa2, 0x73, 0x7b, 0x96, 0x89, 0x93, 0x64, 0x89,
  0x97, 0x7a, 0x81, 0x8b, 0x93, 0x7f, 0x65, 0x96, 0x9d, 0x70, 0x86, 0x86,
  0x89, 0x81, 0x79, 0x90, 0x91, 0x79, 0x89, 0x8f, 0x8a, 0x7c, 0x72, 0x94,
  0x7e, 0x6f, 0x92, 0x89, 0x82, 0x88, 0x74, 0x8d, 0x88, 0x6d, 0x89, 0x83,
  0x85, 0x79, 0x7b, 0xa7, 0x7b, 0x78, 0x90, 0x75, 0x8b, 0x7a, 0x70, 0xa1,
  0x73, 0x70, 0x90, 0x86, 0x8d, 0x71, 0x84, 0x9c, 0x6c, 0x85, 0x8c, 0x86,
  0x8c, 0x6e, 0x8c, 0x98, 0x74, 0x83, 0x84, 0x82, 0x79, 0x7a, 0x93, 0x81,
  0x7b, 0x8f, 0x86, 0x7d, 0x90, 0x7e, 0x85, 0x81, 0x71, 0x8c, 0x88, 0x79,
  0x89, 0x84, 0x7f, 0x7d, 0x86, 0x9b, 0x6b, 0x77, 0x97, 0x75, 0x89, 0x80,
  0x87, 0x9c, 0x6b, 0x81, 0x93, 0x85, 0x7e, 0x73, 0x97, 0x80, 0x69, 0x93,
  0x8c, 0x87, 0x84, 0x7a, 0x93, 0x88, 0x78, 0x83, 0x8e, 0x81, 0x79, 0x8a,
  0x8a, 0x84, 0x7d, 0x87, 0x8b, 0x78, 0x84, 0x88, 0x86, 0x8d, 0x72, 0x85,
  0x91, 0x75, 0x87, 0x85, 0x88, 0x80, 0x6f, 0x8d, 0x7f, 0x7b, 0x8b, 0x7f,
  0x94, 0x81, 0x6a, 0x98, 0x7d, 0x7b, 0x8c, 0x83, 0x8b, 0x7c, 0x7a, 0x98,
  0x7d, 0x78, 0x89, 0x82, 0x8c, 0x6c, 0x7c, 0x9e, 0x76, 0x79, 0x8d, 0x81,
  0x8d, 0x79, 0x83, 0x93, 0x6b, 0x88, 0x88, 0x83, 0x90, 0x71, 0x90, 0x8f,
  0x6c, 0x8e, 0x84, 0x7b, 0x8d, 0x7f, 0x8c, 0x80, 0x7b, 0x94, 0x77, 0x82,
  0x8a, 0x7b, 0x8e, 0x76, 0x7d, 0x94, 0x72, 0x7c, 0x92, 0x89, 0x88, 0x7b,
  0x8d, 0x8b, 0x76, 0x86, 0x8b, 0x87, 0x86, 0x78, 0x86, 0x97, 0x75, 0x7d,
  0x91, 0x7d, 0x7b, 0x80, 0x8c, 0x88, 0x73, 0x83, 0x8d, 0x86, 0x86, 0x6f,
  0x91, 0x8b, 0x69, 0x85, 0x85, 0x88, 0x7f, 0x7a, 0x92, 0x8a, 0x77, 0x82,
  0x86, 0x88, 0x72, 0x76, 0x95, 0x80, 0x75, 0x8b, 0x8f, 0x7c, 0x83, 0x87,
  0x8b, 0x88, 0x71, 0x87, 0x8f, 0x81, 0x87, 0x82, 0x94, 0x7e, 0x73, 0x9e,
  0x7f, 0x74, 0x90, 0x7f, 0x90, 0x7d, 0x75, 0x94, 0x7d, 0x81, 0x84, 0x88,
  0x90, 0x71, 0x85, 0x93, 0x72, 0x8f, 0x8a, 0x7a, 0x8c, 0x75, 0x87, 0x8e,
  0x79, 0x88, 0x80, 0x82, 0x8a, 0x77, 0x8f, 0x84, 0x74, 0x9a, 0x80, 0x7b,
  0x90, 0x79, 0x80, 0x86, 0x84, 0x8c, 0x7c, 0x84, 0x85, 0x7b, 0x8a, 0x76,
  0x88, 0x94, 0x6f, 0x81, 0x87, 0x80, 0x88, 0x80, 0x8b, 0x8a, 0x74, 0x80,
  0x86, 0x89, 0x86, 0x75, 0x91, 0x8b, 0x79, 0x88, 0x85, 0x87, 0x86, 0x7a,
  0x89, 0x90, 0x7b, 0x7e, 0x91, 0x91, 0x7b, 0x7c, 0x92, 0x8a, 0x6d, 0x82,
  0x8c, 0x87, 0x81, 0x72, 0x90, 0x90, 0x6b, 0x82, 0x92, 0x81, 0x7b, 0x81,
  0x93, 0x87, 0x75, 0x8a, 0x84, 0x88, 0x84, 0x7d, 0x91, 0x7b, 0x76, 0x8b,
  0x86, 0x81, 0x83, 0x84, 0x89, 0x83, 0x85, 0x8b, 0x7c, 0x83, 0x86, 0x80,
  0x8c, 0x82, 0x7e, 0x90, 0x73, 0x7e, 0x8d, 0x7d, 0x8b, 0x81, 0x88, 0x89,
  0x73, 0x8e, 0x87, 0x80, 0x8d, 0x76, 0x8b, 0x8a, 0x77, 0x93, 0x83, 0x82,
  0x8d, 0x7b, 0x8e, 0x80, 0x7d, 0x8e, 0x78, 0x8b, 0x8a, 0x79, 0x8d, 0x83,
  0x7f, 0x88, 0x80, 0x88, 0x81, 0x80, 0x88, 0x7b, 0x86, 0x88, 0x7f, 0x88,
  0x80, 0x81, 0x8f, 0x75, 0x88, 0x8f, 0x77, 0x7e, 0x83, 0x88, 0x82, 0x77,
  0x8d, 0x90, 0x7b, 0x84, 0x85, 0x8c, 0x7e, 0x6c, 0x8f, 0x8d, 0x76, 0x7d,
  0x8f, 0x8b, 0x78, 0x78, 0x94, 0x88, 0x72, 0x80, 0x8b, 0x8a, 0x77, 0x7b,
  0x92, 0x87, 0x74, 0x82, 0x8f, 0x84, 0x7e, 0x7f, 0x8b, 0x85, 0x7b, 0x85,
  0x85, 0x8b, 0x85, 0x78, 0x89, 0x85, 0x7b, 0x8c, 0x82, 0x88, 0x8c, 0x7c,
  0x88, 0x8a, 0x86, 0x84, 0x7b, 0x8e, 0x7d, 0x78, 0x8f, 0x7e, 0x89, 0x8a,
  0x79, 0x8b, 0x85, 0x7b, 0x83, 0x86, 0x88, 0x82, 0x7e, 0x89, 0x7f, 0x88,
  0x89, 0x75, 0x8b, 0x84, 0x71, 0x8c, 0x88, 0x7f, 0x88, 0x7f, 0x8c, 0x85,
  0x77, 0x8a, 0x7f, 0x89, 0x79, 0x7a, 0x9b, 0x75, 0x79, 0x8d, 0x7e, 0x89,
  0x81, 0x86, 0x8d, 0x7a, 0x85, 0x87, 0x86, 0x85, 0x7c, 0x8e, 0x88, 0x6d,
  0x8b, 0x8d, 0x74, 0x83, 0x85, 0x89, 0x7f, 0x7a, 0x8f, 0x8a, 0x7f, 0x81,
  0x87, 0x8c, 0x76, 0x7c, 0x96, 0x88, 0x78, 0x87, 0x8a, 0x8b, 0x7e, 0x7c,
  0x90, 0x8b, 0x77, 0x7b, 0x89, 0x8a, 0x7a, 0x81, 0x92, 0x83, 0x7f, 0x83,
  0x82, 0x89, 0x82, 0x79, 0x88, 0x8d, 0x7b, 0x7e, 0x87, 0x87, 0x7e, 0x7b,
  0x89, 0x85, 0x7c, 0x82, 0x7f, 0x8e, 0x8c, 0x73, 0x8a, 0x86, 0x7d, 0x89,
  0x7f, 0x8a, 0x86, 0x7c, 0x8a, 0x7f, 0x88, 0x89, 0x76, 0x91, 0x80, 0x7c,
  0x87, 0x76, 0x8f, 0x87, 0x7d, 0x8d, 0x84, 0x8a, 0x7f, 0x7c, 0x94, 0x7d,
  0x7c, 0x88, 0x84, 0x89, 0x7d, 0x81, 0x95, 0x7b, 0x78, 0x87, 0x87, 0x84,
  0x74, 0x83, 0x96, 0x75, 0x81, 0x8f, 0x83, 0x8b, 0x7c, 0x82, 0x8d, 0x76,
  0x86, 0x8d, 0x80, 0x83, 0x80, 0x8e, 0x83, 0x74, 0x8d, 0x81, 0x79, 0x89,
  0x80, 0x86, 0x81, 0x7e, 0x90, 0x81, 0x80, 0x83, 0x82, 0x8d, 0x75, 0x80,
  0x8f, 0x81, 0x84, 0x87, 0x8a, 0x8b, 0x7f, 0x7b, 0x86, 0x88, 0x7b, 0x80,
  0x88, 0x86, 0x7b, 0x7f, 0x8b, 0x8b, 0x80, 0x7e, 0x82, 0x8a, 0x7c, 0x72,
  0x8f, 0x8b, 0x7e, 0x81, 0x87, 0x86, 0x79, 0x80, 0x89, 0x85, 0x88, 0x7a,
  0x7f, 0x90, 0x7e, 0x7b, 0x8f, 0x81, 0x85, 0x85, 0x78, 0x86, 0x84, 0x7d,
  0x88, 0x85, 0x8a, 0x7d, 0x76, 0x90, 0x80, 0x86, 0x83, 0x77, 0x95, 0x7d,
  0x70, 0x90, 0x8a, 0x86, 0x7b, 0x7e, 0x96, 0x75, 0x7e, 0x8f, 0x84, 0x8d,
  0x72, 0x7f, 0x9c, 0x74, 0x7b, 0x8f, 0x84, 0x87, 0x76, 0x8b, 0x8b, 0x78,
  0x85, 0x80, 0x8c, 0x89, 0x72, 0x8e, 0x8d, 0x76, 0x87, 0x83, 0x82, 0x86,
  0x7c, 0x85, 0x84, 0x81, 0x87, 0x7f, 0x8d, 0x86, 0x76, 0x8d, 0x83, 0x7c,
  0x8a, 0x81, 0x84, 0x85, 0x81, 0x88, 0x7d, 0x83, 0x86, 0x81, 0x88, 0x7f,
  0x8a, 0x8e, 0x76, 0x7e, 0x8f, 0x83, 0x7f, 0x84, 0x8b, 0x89, 0x7e, 0x7f,
  0x84, 0x8a, 0x7a, 0x7a, 0x91, 0x87, 0x76, 0x7f, 0x8e, 0x82, 0x7e, 0x86,
  0x86, 0x87, 0x7b, 0x7a, 0x87, 0x83, 0x7e, 0x87, 0x86, 0x87, 0x83, 0x83,
  0x86, 0x80, 0x89, 0x81, 0x7d, 0x90, 0x80, 0x7a, 0x87, 0x84, 0x8e, 0x83,
  0x79, 0x8d, 0x87, 0x81, 0x7d, 0x85, 0x98, 0x78, 0x7b, 0x90, 0x85, 0x89,
  0x7d, 0x86, 0x91, 0x71, 0x7d, 0x8f, 0x85, 0x88, 0x77, 0x87, 0x95, 0x75,
  0x80, 0x89, 0x85, 0x89, 0x74, 0x83, 0x91, 0x7b, 0x85, 0x85, 0x8c, 0x88,
  0x73, 0x8e, 0x87, 0x80, 0x89, 0x7e, 0x90, 0x8c, 0x75, 0x8a, 0x89, 0x83,
  0x6d, 0x8c, 0xa0, 0x78, 0x80, 0x78, 0x84, 0x88, 0x9b, 0x6e, 0x7d, 0x9d,
  0x6c, 0x93, 0x7c, 0x71, 0x9b, 0x71, 0x98, 0x65, 0x9a, 0x7c, 0x9e, 0x7b,
  0x92, 0x65, 0x89, 0x78, 0x86, 0x82, 0x8f, 0x80, 0x7f, 0x99, 0x69, 0x94,
  0x75, 0x7e, 0x94, 0x70, 0x7e, 0x70, 0xaf, 0x54, 0xb7, 0x48, 0xce, 0x53,
  0x9f, 0x7d, 0x6d, 0xa1, 0x6a, 0x82, 0x91, 0x94, 0x62, 0x9b, 0x7c, 0xa3,
  0x79, 0x78, 0xa2, 0x4b, 0xa6, 0x5f, 0xa8, 0x6e, 0x7e, 0x81, 0xaa, 0x69,
  0x7e, 0xa0, 0x6c, 0x8d, 0x5b, 0x9b, 0x79, 0x87, 0x7e, 0x94, 0x80, 0x72,
  0x80, 0x88, 0xa1, 0x53, 0xa4, 0x82, 0x7a, 0x80, 0x83, 0x93, 0x80, 0x81,
  0x6c, 0x98, 0x5f, 0xa0, 0x65, 0xb1, 0x7d, 0x6b, 0x9a, 0x7b, 0x85, 0x85,
  0x84, 0x8b, 0x93, 0x71, 0x8b, 0x6b, 0x8f, 0x92, 0x6a, 0xb9, 0x6d, 0x82,
  0x69, 0x82, 0x90, 0x97, 0x67, 0x98, 0x77, 0x83, 0x91, 0x78, 0xaa, 0x6a,
  0x7d, 0x8e, 0x70, 0x8f, 0x89, 0x75, 0x90, 0x86, 0x76, 0x97, 0x6a, 0x8f,
  0x56, 0x9c, 0x8d, 0x5f, 0x9e, 0x82, 0x89, 0x7f, 0x85, 0x85, 0x9d, 0x72,
  0x79, 0x81, 0x93, 0x88, 0x7d, 0x90, 0x81, 0x82, 0x6f, 0x84, 0x82, 0x91,
  0x77, 0x7a, 0xb8, 0x6a, 0x80, 0x8a, 0x8b, 0x84, 0x70, 0x83, 0x9d, 0x6f,
  0x7f, 0x86, 0x9e, 0x96, 0x49, 0xb1, 0x8e, 0x55, 0x81, 0x93, 0x95, 0x76,
  0x7b, 0x94, 0x94, 0x71, 0x89, 0x8e, 0x9c, 0x63, 0x64, 0xad, 0x86, 0x6d,
  0x98, 0x8f, 0x7e, 0x8c, 0x60, 0x9b, 0x8a, 0x77, 0x88, 0x7f, 0x93, 0x6c,
  0x76, 0x9a, 0x84, 0x7f, 0x8e, 0x66, 0x97, 0x80, 0x65, 0xa5, 0x86, 0x8b,
  0x7d, 0x89, 0x94, 0x7a, 0x75, 0x9d, 0x7f, 0x8a, 0x7e, 0x6d, 0xa8, 0x77,
  0x7a, 0x9e, 0x81, 0x7d, 0x7a, 0x7f, 0x90, 0x7e, 0x8a, 0x8f, 0x71, 0x9f,
  0x6a, 0x7b, 0xa1, 0x75, 0x8a, 0x85, 0x76, 0x8e, 0x7f, 0x75, 0x96, 0x80,
  0x8f, 0x6e, 0x8b, 0xa2, 0x53, 0x84, 0x97, 0x76, 0x90, 0x7d, 0x8d, 0x9a,
  0x59, 0x8a, 0xa3, 0x7f, 0x7e, 0x5c, 0xa9, 0x79, 0x5e, 0xab, 0x93, 0x82,
  0x82, 0x7c, 0x99, 0x7c, 0x6c, 0x8f, 0x92, 0x76, 0x6a, 0x97, 0x9a, 0x76,
  0x7a, 0x90, 0x91, 0x62, 0x90, 0x80, 0x93, 0x8d, 0x62, 0x98, 0x8d, 0x6d,
  0x80, 0x86, 0x8e, 0x82, 0x6c, 0x9a, 0x7e, 0x79, 0x83, 0x73, 0xa5, 0x7c,
  0x6c, 0x8d, 0x86, 0x76, 0x84, 0x88, 0x9e, 0x7e, 0x6c, 0x93, 0x78, 0x87,
  0x77, 0x84, 0x9d, 0x78, 0x67, 0x9a, 0x7f, 0x81, 0x8e, 0x7a, 0x9a, 0x75,
  0x7e, 0x81, 0x75, 0x9c, 0x79, 0x87, 0x98, 0x70, 0x7f, 0x8d, 0x6e, 0x9d,
  0x82, 0x7a, 0x86, 0x7d, 0x8a, 0x7b, 0x8e, 0x98, 0x6a, 0x7f, 0x95, 0x70,
  0x94, 0x79, 0x81, 0xa5, 0x62, 0x77, 0x91, 0x8d, 0x79, 0x74, 0x99, 0x8c,
  0x5a, 0x81, 0x8b, 0x82, 0x8e, 0x6e, 0x96, 0x93, 0x71, 0x8a, 0x8e, 0x7e,
  0x7f, 0x8a, 0x94, 0x83, 0x67, 0x90, 0x8c, 0x89, 0x90, 0x6c, 0x9a, 0x7f,
  0x5d, 0x92, 0x90, 0x88, 0x83, 0x7e, 0x99, 0x77, 0x80, 0x8f, 0x7b, 0x96,
  0x6a, 0x7b, 0x9f, 0x7f, 0x72, 0x89, 0xa0, 0x75, 0x72, 0x90, 0x87, 0x87,
  0x79, 0x79, 0x96, 0x83, 0x7a, 0x81, 0x98, 0x76, 0x65, 0xad, 0x77, 0x7c,
  0x8e, 0x71, 0x95, 0x88, 0x8a, 0x8c, 0x78, 0x8b, 0x75, 0x7e, 0xa0, 0x79,
  0xa0, 0x80, 0x63, 0x9d, 0x85, 0x71, 0x8e, 0x91, 0x7a, 0x73, 0x86, 0x95,
  0x74, 0x78, 0x8e, 0x83, 0x92, 0x71, 0x82, 0xa6, 0x5e, 0x6e, 0xac, 0x76,
  0x81, 0x7a, 0x7e, 0x9b, 0x6c, 0x94, 0x8d, 0x82, 0x88, 0x5e, 0x97, 0x9a,
  0x62, 0x8e, 0x8f, 0x7a, 0x8f, 0x7e, 0x93, 0x88, 0x72, 0x81, 0x76, 0x94,
  0x7c, 0x6e, 0xa2, 0x88, 0x6c, 0x87, 0x82, 0x87, 0x7c, 0x73, 0x94, 0x91,
  0x7f, 0x7f, 0x8c, 0x91, 0x71, 0x77, 0xa4, 0x86, 0x68, 0x8a, 0x89, 0x8b,
  0x82, 0x7b, 0x9e, 0x81, 0x61, 0x83, 0x88, 0x8a, 0x77, 0x7e, 0xa3, 0x6e,
  0x76, 0x93, 0x83, 0x97, 0x7a, 0x7d, 0x92, 0x7a, 0x7d, 0x87, 0x86, 0x8e,
  0x81, 0x8f, 0x87, 0x70, 0x91, 0x77, 0x7d, 0x95, 0x89, 0x6d, 0x80, 0x8b,
  0x81, 0x85, 0x82, 0x97, 0x84, 0x6b, 0x7e, 0x92, 0x81, 0x83, 0x7d, 0x9a,
  0x81, 0x6c, 0x9c, 0x7a, 0x86, 0x7c, 0x79, 0x93, 0x71, 0x83, 0x87, 0x7e,
  0x94, 0x70, 0x84, 0x9d, 0x63, 0x7e, 0x8a, 0x83, 0x9d, 0x77, 0x86, 0x8e,
  0x76, 0x84, 0x80, 0x92, 0x86, 0x5d, 0x8c, 0x90, 0x76, 0x8d, 0x81, 0x90,
  0x7e, 0x67, 0x8d, 0x94, 0x7d, 0x79, 0x85, 0x98, 0x76, 0x70, 0xa3, 0x87,
  0x76, 0x88, 0x84, 0x8e, 0x82, 0x6d, 0x96, 0x8c, 0x74, 0x8b, 0x8a, 0x89,
  0x6d, 0x7a, 0x9f, 0x78, 0x8d, 0x8c, 0x76, 0x91, 0x76, 0x7d, 0x9d, 0x86,
  0x79, 0x7f, 0x7f, 0x7f, 0x7a, 0x99, 0x7e, 0x84, 0x8e, 0x73, 0x81, 0x93,
  0x7f, 0x6e, 0x93, 0x8a, 0x7e, 0x8a, 0x73, 0x88, 0x8a, 0x7c, 0x92, 0x92,
  0x87, 0x6e, 0x73, 0xa5, 0x75, 0x88, 0x93, 0x70, 0x8d, 0x6f, 0x7c, 0xa0,
  0x80, 0x7d, 0x79, 0x85, 0x88, 0x72, 0x8f, 0x8d, 0x77, 0x8f, 0x78, 0x85,
  0x95, 0x6b, 0x77, 0x93, 0x82, 0x78, 0x82, 0x8d, 0x85, 0x6d, 0x84, 0x8f,
  0x87, 0x7c, 0x6f, 0x99, 0x8e, 0x63, 0x89, 0xa6, 0x77, 0x75, 0x84, 0x90,
  0x8e, 0x6d, 0x8c, 0x8c, 0x7c, 0x7d, 0x81, 0x99, 0x79, 0x64, 0x96, 0x7c,
  0x7b, 0x8c, 0x7d, 0x93, 0x7d, 0x72, 0x97, 0x89, 0x86, 0x7c, 0x7e, 0x9a,
  0x72, 0x84, 0x94, 0x77, 0x88, 0x81, 0x7f, 0x91, 0x86, 0x7a, 0x7f, 0x7e,
  0x86, 0x88, 0x85, 0x8c, 0x76, 0x78, 0x81, 0x7f, 0x92, 0x7e, 0x75, 0x92,
  0x7b, 0x84, 0x90, 0x80, 0x85, 0x78, 0x98, 0x88, 0x64, 0x91, 0x7c, 0x88,
  0x7e, 0x7d, 0x8e, 0x88, 0x76, 0x7d, 0x9a, 0x85, 0x90, 0x79, 0x87, 0x77,
  0x8a, 0x73, 0x94, 0x8c, 0x96, 0x82, 0x62, 0x9a, 0x77, 0x8a, 0x7f, 0x6f,
  0xb3, 0x63, 0x66, 0xbc, 0x6e, 0x76, 0x85, 0x5f, 0xb2, 0x48, 0x99, 0x8c,
  0x84, 0x78, 0x77, 0xad, 0x82, 0x60, 0x8f, 0x8e, 0x81, 0x8d, 0x7d, 0x9b,
  0x80, 0x6a, 0x81, 0x89, 0xa7, 0x62, 0x90, 0x7a, 0x8b, 0x7f, 0x8e, 0x8c,
  0x72, 0x88, 0x78, 0x7f, 0x97, 0x84, 0x71, 0xa9, 0x62, 0x83, 0x7c, 0x74,
  0xa1, 0x57, 0xaa, 0x72, 0x96, 0x9a, 0x4c, 0xa6, 0x8d, 0x5f, 0xad, 0x7e,
  0x79, 0x94, 0x54, 0xbb, 0x6e, 0x9f, 0x87, 0x62, 0xaf, 0x4a, 0x96, 0xa2,
  0x71, 0x91, 0x8b, 0x74, 0x91, 0x6e, 0x94, 0x81, 0x7e, 0x91, 0x65, 0xa5,
  0x70, 0x7f, 0x87, 0x88, 0x75, 0x88, 0x92, 0x62, 0x96, 0x7b, 0x7a, 0x88,
  0x86, 0x82, 0x73, 0x84, 0x97, 0x6c, 0x91, 0x88, 0x6f, 0x9c, 0x59, 0x98,
  0xa7, 0x6b, 0x8c, 0x81, 0x96, 0x6a, 0x78, 0xa5, 0x76, 0x7b, 0x84, 0x82,
  0xa5, 0x6d, 0x7c, 0x96, 0x7f, 0x81, 0x66, 0xb0, 0x6a, 0x6e, 0x97, 0x72,
  0x9e, 0x6f, 0x75, 0x94, 0x75, 0x86, 0x78, 0x8f, 0x94, 0x5a, 0x9e, 0x8b,
  0x75, 0xa5, 0x60, 0x95, 0x85, 0x69, 0x8b, 0x81, 0xa3, 0x77, 0x69, 0x9e,
  0x78, 0x7e, 0x92, 0x76, 0x99, 0x71, 0x73, 0x90, 0x88, 0x7d, 0x77, 0x99,
  0x86, 0x7b, 0x7d, 0x90, 0x7b, 0x6d, 0x98, 0x81, 0x8d, 0x86, 0x65, 0x96,
  0x77, 0x76, 0xa4, 0x76, 0x90, 0x72, 0x74, 0xa3, 0x60, 0xa7, 0x82, 0x6a,
  0xab, 0x60, 0x88, 0x90, 0x7a, 0x9d, 0x6a, 0x8a, 0x9e, 0x67, 0x99, 0x70,
  0x88, 0x9c, 0x5e, 0x9b, 0x8b, 0x73, 0x88, 0x84, 0x94, 0x81, 0x7d, 0x8b,
  0x7e, 0x76, 0x7f, 0x90, 0x93, 0x7d, 0x71, 0x8e, 0x93, 0x6d, 0x8b, 0x97,
  0x7b, 0x84, 0x78, 0x90, 0x8c, 0x7a, 0x8d, 0x7d, 0x92, 0x7b, 0x73, 0xa0,
  0x78, 0x7e, 0x8b, 0x82, 0x91, 0x78, 0x7d, 0x88, 0x8e, 0x8c, 0x6c, 0x93,
  0x82, 0x6e, 0x88, 0x88, 0x97, 0x77, 0x7e, 0x8d, 0x78, 0x93, 0x68, 0x94,
  0xa4, 0x55, 0x8c, 0x87, 0x8b, 0x8d, 0x65, 0xa6, 0x79, 0x69, 0xa1, 0x67,
  0xa2, 0x7b, 0x66, 0xac, 0x6e, 0x86, 0x95, 0x78, 0x9f, 0x6f, 0x88, 0x8d,
  0x65, 0xa3, 0x6c, 0x75, 0xa6, 0x76, 0x8e, 0x8e, 0x72, 0x88, 0x7f, 0x7f,
  0x8c, 0x89, 0x81, 0x72, 0x8c, 0x90, 0x72, 0x86, 0x9b, 0x73, 0x7c, 0x8a,
  0x73, 0x94, 0x75, 0x77, 0x9a, 0x77, 0x87, 0x81, 0x87, 0x84, 0x63, 0xa0,
  0x88, 0x6c, 0xa3, 0x75, 0x80, 0x8e, 0x6a, 0x97, 0x7b, 0x7b, 0x81, 0x7b,
  0x9c, 0x75, 0x86, 0x90, 0x72, 0x91, 0x82, 0x7c, 0x8f, 0x83, 0x74, 0x85,
  0x97, 0x7c, 0x79, 0x92, 0x82, 0x84, 0x78, 0x83, 0x90, 0x7a, 0x84, 0x7c,
  0x8d, 0x85, 0x63, 0x98, 0x87, 0x6f, 0x89, 0x83, 0x91, 0x7d, 0x76, 0x8e,
  0x85, 0x8d, 0x78, 0x8b, 0x93, 0x65, 0x7c, 0x94, 0x86, 0x82, 0x85, 0x84,
  0x7d, 0x8a, 0x7a, 0x87, 0x93, 0x78, 0x88, 0x81, 0x86, 0x83, 0x77, 0x99,
  0x72, 0x84, 0x99, 0x5e, 0x9d, 0x80, 0x71, 0x9e, 0x74, 0x95, 0x75, 0x6c,
  0xa7, 0x67, 0x96, 0x8d, 0x6f, 0xab, 0x5b, 0x78, 0xa5, 0x6c, 0x99, 0x81,
  0x8a, 0x8f, 0x5a, 0x9a, 0x81, 0x74, 0x95, 0x6b, 0x98, 0x85, 0x69, 0x97,
  0x87, 0x86, 0x87, 0x84, 0x8c, 0x7b, 0x79, 0x8b, 0x80, 0x88, 0x87, 0x74,
  0x8e, 0x86, 0x69, 0x8b, 0x88, 0x7f, 0x89, 0x74, 0x90, 0x87, 0x7a, 0x8a,
  0x7d, 0x90, 0x76, 0x69, 0xa1, 0x82, 0x78, 0x8a, 0x84, 0x89, 0x78, 0x8e,
  0x8d, 0x7e, 0x85, 0x7c, 0x91, 0x81, 0x6e, 0x8f, 0x8d, 0x7c, 0x78, 0x92,
  0x83, 0x6d, 0x90, 0x7c, 0x87, 0x93, 0x71, 0x8c, 0x82, 0x79, 0x87, 0x7e,
  0x94, 0x7b, 0x78, 0x8b, 0x69, 0x94, 0x8b, 0x6e, 0x9f, 0x81, 0x7e, 0x88,
  0x7e, 0x8f, 0x77, 0x8b, 0x8c, 0x77, 0x8c, 0x74, 0x82, 0x96, 0x73, 0x7a,
  0xa0, 0x7c, 0x70, 0x8a, 0x81, 0x85, 0x85, 0x80, 0x8a, 0x79, 0x82, 0x84,
  0x80, 0xa2, 0x6a, 0x7d, 0x9c, 0x5e, 0x98, 0x87, 0x6f, 0xa2, 0x71, 0x87,
  0x84, 0x7a, 0x94, 0x5f, 0xa4, 0x95, 0x5a, 0x9c, 0x6e, 0x83, 0x9d, 0x5b,
  0x9c, 0x8f, 0x78, 0x8a, 0x7e, 0x9e, 0x74, 0x72, 0xa5, 0x71, 0x7f, 0x87,
  0x79, 0x99, 0x7b, 0x71, 0x91, 0x8b, 0x73, 0x82, 0x99, 0x84, 0x78, 0x88,
  0x8c, 0x7a, 0x85, 0x87, 0x79, 0x8c, 0x7e, 0x70, 0x94, 0x81, 0x7a, 0x8e,
  0x85, 0x7e, 0x84, 0x88, 0x82, 0x7f, 0x8f, 0x7a, 0x88, 0x94, 0x76, 0x7c,
  0x87, 0x87, 0x85, 0x8d, 0x83, 0x7c, 0x88, 0x74, 0x85, 0x98, 0x7d, 0x81,
  0x88, 0x86, 0x7a, 0x73, 0xa0, 0x81, 0x7d, 0x8c, 0x69, 0x96, 0x79, 0x70,
  0x9c, 0x76, 0x8d, 0x85, 0x7c, 0x95, 0x67, 0x97, 0x94, 0x6b, 0x97, 0x6c,
  0x7f, 0x92, 0x6b, 0x8b, 0x89, 0x87, 0x8e, 0x73, 0x8a, 0x81, 0x82, 0x91,
  0x7d, 0x8b, 0x91, 0x6d, 0x8a, 0x95, 0x75, 0x7d, 0x89, 0x86, 0x85, 0x74,
  0x88, 0x8f, 0x77, 0x8a, 0x7f, 0x8b, 0x8e, 0x61, 0x96, 0x94, 0x69, 0x90,
  0x81, 0x8a, 0x83, 0x6d, 0xa2, 0x7b, 0x81, 0x8d, 0x70, 0x9d, 0x70, 0x7a,
  0xa0, 0x70, 0x86, 0x82, 0x83, 0x90, 0x7a, 0x8b, 0x80, 0x7e, 0x91, 0x71,
  0x86, 0x99, 0x7e, 0x86, 0x86, 0x87, 0x86, 0x87, 0x86, 0x8a, 0x90, 0x79,
  0x82, 0x8e, 0x7d, 0x79, 0x88, 0x93, 0x79, 0x80, 0x8e, 0x78, 0x89, 0x8a,
  0x81, 0x97, 0x82, 0x7a, 0x88, 0x86, 0x7f, 0x83, 0x8f, 0x7f, 0x7a, 0x89,
  0x7d, 0x7d, 0x90, 0x85, 0x75, 0x92, 0x80, 0x6f, 0x90, 0x79, 0x84, 0x8c,
  0x77, 0x8e, 0x82, 0x80, 0x7f, 0x7b, 0xa2, 0x68, 0x7e, 0xa5, 0x61, 0x8d,
  0x8e, 0x80, 0x97, 0x68, 0x84, 0x95, 0x74, 0x8c, 0x72, 0x9d, 0x92, 0x5a,
  0xa5, 0x84, 0x73, 0x97, 0x78, 0x8e, 0x86, 0x73, 0x90, 0x8a, 0x8c, 0x72,
  0x80, 0x9a, 0x6e, 0x7d, 0x96, 0x7f, 0x85, 0x8e, 0x7a, 0x86, 0x8a, 0x70,
  0x88, 0x8b, 0x7e, 0x7f, 0x82, 0x89, 0x7e, 0x81, 0x90, 0x7d, 0x96, 0x7f,
  0x67, 0x9f, 0x7b, 0x75, 0x97, 0x87, 0x88, 0x78, 0x82, 0x8a, 0x76, 0x90,
  0x7e, 0x86, 0x94, 0x65, 0x83, 0x92, 0x7a, 0x85, 0x8d, 0x85, 0x79, 0x82,
  0x87, 0x79, 0x8f, 0x84, 0x7c, 0x88, 0x86, 0x7a, 0x82, 0x97, 0x7a, 0x86,
  0x95, 0x72, 0x8d, 0x76, 0x79, 0x9a, 0x91, 0x75, 0x7e, 0x8c, 0x8a, 0x6e,
  0x81, 0xa2, 0x76, 0x88, 0x80, 0x87, 0x95, 0x6d, 0x83, 0x98, 0x7d, 0x6c,
  0x8b, 0x8a, 0x80, 0x6d, 0x91, 0x92, 0x72, 0x88, 0x85, 0x8d, 0x84, 0x65,
  0x8c, 0xa3, 0x65, 0x89, 0x8e, 0x94, 0x7b, 0x6f, 0xa8, 0x73, 0x7a, 0x92,
  0x81, 0x92, 0x7f, 0x60, 0xa9, 0x71, 0x78, 0x96, 0x7a, 0x9f, 0x6a, 0x8b,
  0x8b, 0x6c, 0x97, 0x7f, 0x7b, 0x9e, 0x73, 0x81, 0x98, 0x71, 0x89, 0x7e,
  0x8f, 0x84, 0x7c, 0x88, 0x79, 0x81, 0x8f, 0x80, 0x86, 0x95, 0x68, 0x80,
  0x90, 0x7a, 0x95, 0x86, 0x88, 0x7e, 0x7c, 0x8f, 0x85, 0x81, 0x8e, 0x72,
  0x8b, 0x87, 0x71, 0x9f, 0x7f, 0x7a, 0x89, 0x86, 0x7e, 0x82, 0x8c, 0x89,
  0x7c, 0x85, 0x89, 0x7d, 0x86, 0x76, 0x85, 0x8f, 0x7f, 0x78, 0x97, 0x7d,
  0x68, 0x8b, 0x8d, 0x84, 0x83, 0x86, 0x88, 0x7f, 0x79, 0x81, 0x89, 0x8c,
  0x6c, 0x7d, 0xa4, 0x68, 0x84, 0x8d, 0x7f, 0x8e, 0x74, 0x80, 0x90, 0x7d,
  0x81, 0x82, 0x8e, 0x8b, 0x60, 0x98, 0x8e, 0x64, 0x95, 0x82, 0x89, 0x86,
  0x68, 0x88, 0x90, 0x7d, 0x82, 0x88, 0x95, 0x73, 0x64, 0xac, 0x7d, 0x6e,
  0x92, 0x7c, 0x91, 0x81, 0x70, 0x9c, 0x8b, 0x73, 0x85, 0x88, 0x92, 0x67,
  0x81, 0xa4, 0x63, 0x86, 0x92, 0x75, 0x9d, 0x66, 0x69, 0xab, 0x7c, 0x7c,
  0x88, 0x89, 0x8b, 0x6b, 0x95, 0x93, 0x7d, 0x8c, 0x6e, 0x7d, 0x97, 0x6b,
  0x8e, 0x8e, 0x7e, 0x86, 0x7b, 0x8f, 0x81, 0x84, 0x92, 0x77, 0x8b, 0x85,
  0x70, 0x90, 0x91, 0x77, 0x7d, 0x8b, 0x7e, 0x81, 0x8a, 0x78, 0x8b, 0x8a,
  0x7c, 0x83, 0x87, 0x8c, 0x72, 0x8e, 0x91, 0x7c, 0x8c, 0x7a, 0x80, 0x8d,
  0x74, 0x81, 0x9c, 0x85, 0x7d, 0x86, 0x8f, 0x89, 0x70, 0x8c, 0x8d, 0x7c,
  0x80, 0x82, 0x8f, 0x8d, 0x64, 0x83, 0x9a, 0x6e, 0x7f, 0x88, 0x8a, 0x84,
  0x6f, 0x99, 0x88, 0x74, 0x8c, 0x81, 0x92, 0x83, 0x64, 0x9b, 0x86, 0x75,
  0x8a, 0x86, 0x8f, 0x76, 0x77, 0x93, 0x77, 0x7f, 0x8e, 0x7b, 0x91, 0x71,
  0x7a, 0x93, 0x70, 0x8c, 0x89, 0x80, 0x89, 0x7e, 0x8c, 0x80, 0x77, 0x8f,
  0x7c, 0x7c, 0x91, 0x7f, 0x82, 0x82, 0x7e, 0x8c, 0x8a, 0x7d, 0x84, 0x86,
  0x80, 0x88, 0x80, 0x93, 0x7a, 0x7c, 0x93, 0x75, 0x88, 0x7c, 0x85, 0x90,
  0x75, 0x77, 0x88, 0x87, 0x81, 0x73, 0x92, 0x8c, 0x71, 0x87, 0x85, 0x89,
  0x7f, 0x76, 0x8e, 0x8d, 0x76, 0x75, 0x8f, 0x8b, 0x70, 0x7f, 0x92, 0x85,
  0x75, 0x7b, 0x93, 0x88, 0x7c, 0x81, 0x84, 0x8b, 0x66, 0x7a, 0xa7, 0x7a,
  0x74, 0x92, 0x8f, 0x80, 0x7a, 0x88, 0x92, 0x72, 0x7a, 0x87, 0x8b, 0x8c,
  0x66, 0x9a, 0x95, 0x73, 0x8a, 0x85, 0x88, 0x81, 0x78, 0x8c, 0x88, 0x81,
  0x83, 0x79, 0x8d, 0x7b, 0x7d, 0x98, 0x7d, 0x72, 0x8b, 0x82, 0x85, 0x91,
  0x86, 0x89, 0x7a, 0x81, 0x82, 0x80, 0x94, 0x78, 0x8a, 0x8f, 0x6d, 0x8f,
  0x89, 0x7e, 0x8e, 0x7f, 0x88, 0x82, 0x83, 0x90, 0x78, 0x8e, 0x84, 0x80,
  0x94, 0x76, 0x79, 0x90, 0x80, 0x7b, 0x8d, 0x87, 0x82, 0x83, 0x7e, 0x8a,
  0x8a, 0x85, 0x79, 0x82, 0x85, 0x73, 0x82, 0xa0, 0x7b, 0x80, 0x89, 0x84,
  0x89, 0x80, 0x86, 0x8d, 0x80, 0x80, 0x87, 0x8d, 0x83, 0x73, 0x8f, 0x92,
  0x74, 0x83, 0x88, 0x84, 0x83, 0x81, 0x87, 0x8d, 0x7e, 0x7a, 0x8d, 0x86,
  0x76, 0x7f, 0x94, 0x7d, 0x6e, 0x8c, 0x87, 0x83, 0x7e, 0x86, 0x8a, 0x83,
  0x70, 0x88, 0x91, 0x77, 0x7d, 0x86, 0x89, 0x79, 0x76, 0x92, 0x85, 0x80,
  0x88, 0x7a, 0x91, 0x88, 0x73, 0x93, 0x83, 0x84, 0x88, 0x85, 0x8a, 0x7b,
  0x7f, 0x89, 0x81, 0x8e, 0x83, 0x78, 0x91, 0x7c, 0x80, 0x8f, 0x84, 0x89,
  0x82, 0x7d, 0x89, 0x7b, 0x86, 0x86, 0x7d, 0x92, 0x7b, 0x7e, 0x95, 0x75,
  0x88, 0x82, 0x79, 0x89, 0x81, 0x85, 0x85, 0x7b, 0x8f, 0x79, 0x7d, 0x8f,
  0x7a, 0x82, 0x82, 0x83, 0x96, 0x7a, 0x7c, 0x8c, 0x7e, 0x82, 0x83, 0x93,
  0x8b, 0x6b, 0x81, 0x8a, 0x80, 0x80, 0x85, 0x8e, 0x82, 0x70, 0x83, 0x92,
  0x7f, 0x77, 0x86, 0x8d, 0x7a, 0x79, 0x8f, 0x88, 0x7b, 0x80, 0x8d, 0x86,
  0x83, 0x7a, 0x85, 0x89, 0x76, 0x84, 0x8d, 0x85, 0x7d, 0x7d, 0x8f, 0x83,
  0x7d, 0x88, 0x81, 0x85, 0x82, 0x7c, 0x91, 0x88, 0x79, 0x84, 0x87, 0x86,
  0x7e, 0x82, 0x88, 0x84, 0x7d, 0x88, 0x80, 0x88, 0x7e, 0x7a, 0x92, 0x7e,
  0x76, 0x8f, 0x85, 0x83, 0x85, 0x80, 0x91, 0x7d, 0x81, 0x86, 0x80, 0x90,
  0x7f, 0x7f, 0x95, 0x74, 0x7f, 0x91, 0x7a, 0x8a, 0x84, 0x83, 0x7f, 0x7b,
  0x90, 0x82, 0x84, 0x84, 0x7a, 0x90, 0x81, 0x72, 0x95, 0x7f, 0x75, 0x8f,
  0x81, 0x83, 0x88, 0x86, 0x88, 0x7a, 0x80, 0x87, 0x80, 0x8a, 0x7b, 0x82,
  0x96, 0x6f, 0x82, 0x98, 0x80, 0x85, 0x87, 0x86, 0x87, 0x7c, 0x8a, 0x87,
  0x8c, 0x7d, 0x71, 0x91, 0x83, 0x73, 0x8a, 0x88, 0x86, 0x81, 0x86, 0x82,
  0x84, 0x85, 0x7c, 0x88, 0x8d, 0x78, 0x84, 0x8b, 0x7f, 0x7e, 0x85, 0x8b,
  0x7d, 0x85, 0x89, 0x7b, 0x85, 0x80, 0x7f, 0x92, 0x7a, 0x79, 0x8b, 0x87,
  0x7e, 0x7c, 0x8f, 0x81, 0x79, 0x87, 0x86, 0x87, 0x84, 0x7d, 0x8a, 0x87,
  0x77, 0x86, 0x8e, 0x81, 0x7d, 0x82, 0x8c, 0x7e, 0x83, 0x87, 0x7d, 0x81,
  0x81, 0x7d, 0x8f, 0x81, 0x79, 0x96, 0x79, 0x7e, 0x89, 0x8a, 0x89, 0x77,
  0x96, 0x82, 0x77, 0x8b, 0x83, 0x8a, 0x81, 0x77, 0x8e, 0x87, 0x7c, 0x87,
  0x8c, 0x89, 0x76, 0x8c, 0x93, 0x7a, 0x85, 0x85, 0x88, 0x85, 0x82, 0x84,
  0x8e, 0x82, 0x7e, 0x89, 0x86, 0x7f, 0x7a, 0x8f, 0x85, 0x7d, 0x81, 0x8e,
  0x86, 0x7e, 0x89, 0x88, 0x8d, 0x79, 0x7f, 0x8d, 0x85, 0x78, 0x8a, 0x8f,
  0x88, 0x7f, 0x7e, 0x98, 0x7f, 0x80, 0x88, 0x88, 0x89, 0x6f, 0x7a, 0x94,
  0x7d, 0x79, 0x85, 0x84, 0x83, 0x6b, 0x83, 0x8c, 0x7a, 0x83, 0x7e, 0x89,
  0x86, 0x72, 0x81, 0x89, 0x77, 0x85, 0x83, 0x87, 0x83, 0x7a, 0x8c, 0x7e,
  0x80, 0x87, 0x7c, 0x84, 0x7f, 0x7a, 0x8f, 0x82, 0x7c, 0x8e, 0x86, 0x88,
  0x80, 0x8b, 0x88, 0x79, 0x8d, 0x88, 0x7f, 0x8e, 0x7e, 0x7b, 0x88, 0x75,
  0x89, 0x87, 0x82, 0x82, 0x85, 0x8f, 0x7e, 0x84, 0x93, 0x83, 0x83, 0x8a,
  0x7b, 0x8f, 0x8a, 0x7f, 0x8b, 0x8a, 0x87, 0x85, 0x8d, 0x85, 0x82, 0x89,
  0x8b, 0x81, 0x84, 0x8a, 0x7c, 0x8a, 0x82, 0x81, 0x8d, 0x82, 0x7b, 0x85,
  0x81, 0x77, 0x83, 0x89, 0x83, 0x82, 0x81, 0x7e, 0x86, 0x7d, 0x77, 0x81,
  0x8b, 0x79, 0x73, 0x8e, 0x7f, 0x78, 0x83, 0x86, 0x85, 0x80, 0x7d, 0x87,
  0x8c, 0x7f, 0x81, 0x8b, 0x8d, 0x6f, 0x89, 0x94, 0x79, 0x88, 0x87, 0x82,
  0x8f, 0x7e, 0x7d, 0x91, 0x84, 0x80, 0x7f, 0x8b, 0x89, 0x79, 0x8d, 0x7a,
  0x78, 0x8a, 0x78, 0x7f, 0x8f, 0x76, 0x83, 0x84, 0x7f, 0x85, 0x7e, 0x86,
  0x78, 0x85, 0x8b, 0x74, 0x8b, 0x8a, 0x6f, 0x8a, 0x85, 0x7e, 0x84, 0x7d,
  0x85, 0x7e, 0x82, 0x80, 0x7d, 0x89, 0x7c, 0x73, 0x86, 0x7d, 0x77, 0x8b,
  0x80, 0x85, 0x80, 0x7c, 0x85, 0x85, 0x84, 0x7c, 0x86, 0x8d, 0x80, 0x83,
  0x8f, 0x7d, 0x88, 0x8b, 0x83, 0x8c, 0x85, 0x83, 0x8c, 0x8a, 0x83, 0x87,
  0x92, 0x89, 0x82, 0x8a, 0x8b, 0x85, 0x88, 0x8b, 0x89, 0x89, 0x83, 0x86,
  0x8a, 0x7e, 0x7a, 0x8b, 0x87, 0x80, 0x81, 0x85, 0x85, 0x7a, 0x83, 0x86,
  0x81, 0x83, 0x80, 0x86, 0x8d, 0x77, 0x85, 0x92, 0x82, 0x81, 0x89, 0x8a,
  0x8b, 0x81, 0x89, 0x90, 0x82, 0x8d, 0x82, 0x87, 0x8f, 0x7a, 0x8c, 0x8b,
  0x80, 0x88, 0x80, 0x87, 0x81, 0x76, 0x87, 0x7e, 0x7f, 0x8a, 0x75, 0x87,
  0x87, 0x7b, 0x85, 0x7f, 0x85, 0x81, 0x7c, 0x87, 0x80, 0x80, 0x86, 0x77,
  0x8b, 0x89, 0x79, 0x8b, 0x82, 0x81, 0x8a, 0x7d, 0x87, 0x88, 0x82, 0x85,
  0x7c, 0x91, 0x81, 0x79, 0x8d, 0x7c, 0x7b, 0x7d, 0x76, 0x80, 0x79, 0x70,
  0x7c, 0x7d, 0x78, 0x6d, 0x7e, 0x7c, 0x6a, 0x78, 0x7f, 0x77, 0x7a, 0x7a,
  0x74, 0x7a, 0x78, 0x71, 0x81, 0x81, 0x70, 0x79, 0x88, 0x7f, 0x7e, 0x86,
  0x81, 0x7d, 0x87, 0x85, 0x80, 0x8b, 0x85, 0x83, 0x8b, 0x84, 0x7c, 0x91,
  0x89, 0x7d, 0x8b, 0x87, 0x87, 0x81, 0x84, 0x87, 0x7e, 0x86, 0x78, 0x80,
  0x8a, 0x6d, 0x81, 0x86, 0x72, 0x7f, 0x7f, 0x78, 0x80, 0x78, 0x7f, 0x7a,
  0x7f, 0x7b, 0x72, 0x8d, 0x7e, 0x6f, 0x88, 0x83, 0x7c, 0x88, 0x7b, 0x84,
  0x8b, 0x80, 0x84, 0x8a, 0x8b, 0x83, 0x83, 0x90, 0x81, 0x82, 0x95, 0x80,
  0x8b, 0x8f, 0x7b, 0x8d, 0x8f, 0x8a, 0x8b, 0x87, 0x8b, 0x84, 0x85, 0x88,
  0x7d, 0x8e, 0x81, 0x74, 0x8d, 0x82, 0x7d, 0x87, 0x85, 0x86, 0x83, 0x7e,
  0x86, 0x87, 0x87, 0x7d, 0x80, 0x93, 0x7f, 0x83, 0x97, 0x83, 0x87, 0x8b,
  0x88, 0x8b, 0x81, 0x7d, 0x88, 0x87, 0x82, 0x7a, 0x89, 0x84, 0x76, 0x84,
  0x83, 0x84, 0x82, 0x7b, 0x7f, 0x84, 0x7e, 0x7a, 0x82, 0x83, 0x7d, 0x84,
  0x84, 0x7f, 0x87, 0x85, 0x88, 0x81, 0x85, 0x86, 0x80, 0x8b, 0x86, 0x82,
  0x8c, 0x87, 0x84, 0x8d, 0x86, 0x8d, 0x87, 0x89, 0x8a, 0x82, 0x8a, 0x8b,
  0x84, 0x89, 0x84, 0x83, 0x86, 0x77, 0x84, 0x80, 0x7a, 0x82, 0x74, 0x7d,
  0x7e, 0x75, 0x80, 0x7a, 0x7d, 0x7f, 0x75, 0x86, 0x79, 0x72, 0x84, 0x79,
  0x85, 0x7d, 0x78, 0x8e, 0x7a, 0x7e, 0x85, 0x7c, 0x86, 0x85, 0x7e, 0x89,
  0x85, 0x86, 0x8b, 0x80, 0x8c, 0x83, 0x83, 0x8c, 0x83, 0x94, 0x85, 0x81,
  0x93, 0x86, 0x80, 0x88, 0x87, 0x8e, 0x7d, 0x7d, 0x89, 0x83, 0x86, 0x7a,
  0x83, 0x8e, 0x77, 0x7a, 0x86, 0x7e, 0x80, 0x7b, 0x7e, 0x83, 0x7a, 0x7c,
  0x81, 0x86, 0x7e, 0x78, 0x8a, 0x87, 0x7b, 0x84, 0x84, 0x81, 0x88, 0x7e,
  0x82, 0x88, 0x83, 0x7e, 0x85, 0x87, 0x7a, 0x7e, 0x88, 0x83, 0x81, 0x86,
  0x7f, 0x85, 0x85, 0x7c, 0x81, 0x88, 0x7e, 0x7a, 0x8d, 0x80, 0x83, 0x8e,
  0x7b, 0x82, 0x87, 0x85, 0x7f, 0x81, 0x8a, 0x83, 0x84, 0x8a, 0x7e, 0x8d,
  0x86, 0x7a, 0x90, 0x86, 0x7f, 0x8a, 0x84, 0x87, 0x86, 0x84, 0x89, 0x80,
  0x8b, 0x83, 0x7d, 0x91, 0x82, 0x7f, 0x91, 0x82, 0x85, 0x87, 0x7c, 0x86,
  0x83, 0x81, 0x80, 0x7e, 0x8a, 0x78, 0x83, 0x89, 0x78, 0x8f, 0x83, 0x7c,
  0x8f, 0x84, 0x82, 0x88, 0x85, 0x88, 0x7d, 0x86, 0x8b, 0x7e, 0x8a, 0x7c,
  0x80, 0x90, 0x79, 0x82, 0x8f, 0x85, 0x84, 0x84, 0x86, 0x89, 0x7f, 0x84,
  0x87, 0x87, 0x83, 0x77, 0x8b, 0x89, 0x78, 0x83, 0x87, 0x86, 0x88, 0x80,
  0x83, 0x89, 0x80, 0x80, 0x86, 0x89, 0x82, 0x80, 0x88, 0x87, 0x81, 0x87,
  0x86, 0x88, 0x81, 0x7c, 0x81, 0x86, 0x82, 0x7b, 0x84, 0x81, 0x7f, 0x7e,
  0x82, 0x84, 0x7e, 0x7e, 0x7b, 0x7b, 0x83, 0x7d, 0x7d, 0x80, 0x7c, 0x82,
  0x7a, 0x77, 0x80, 0x7e, 0x7c, 0x83, 0x81, 0x84, 0x80, 0x7f, 0x85, 0x7b,
  0x7d, 0x82, 0x7f, 0x86, 0x7d, 0x81, 0x88, 0x7d, 0x84, 0x87, 0x81, 0x8a,
  0x80, 0x85, 0x89, 0x82, 0x8a, 0x80, 0x83, 0x89, 0x82, 0x8a, 0x82, 0x80,
  0x8a, 0x7d, 0x85, 0x8a, 0x7f, 0x87, 0x7e, 0x7f, 0x87, 0x7c, 0x80, 0x84,
  0x7f, 0x85, 0x79, 0x81, 0x84, 0x7b, 0x88, 0x7e, 0x7d, 0x8a, 0x74, 0x7f,
  0x85, 0x7e, 0x86, 0x80, 0x85, 0x87, 0x81, 0x89, 0x82, 0x86, 0x86, 0x78,
  0x8b, 0x8e, 0x7c, 0x8a, 0x89, 0x8a, 0x85, 0x82, 0x8b, 0x8a, 0x8a, 0x82,
  0x88, 0x93, 0x80, 0x81, 0x92, 0x83, 0x83, 0x89, 0x84, 0x86, 0x89, 0x80,
  0x81, 0x88, 0x85, 0x7e, 0x84, 0x85, 0x7c, 0x85, 0x83, 0x7b, 0x85, 0x80,
  0x7b, 0x83, 0x84, 0x7d, 0x7d, 0x84, 0x7a, 0x7e, 0x83, 0x7d, 0x83, 0x81,
  0x7a, 0x80, 0x84, 0x7e, 0x79, 0x85, 0x86, 0x7b, 0x85, 0x7b, 0x77, 0x86,
  0x7c, 0x7d, 0x8b, 0x7e, 0x7f, 0x86, 0x85, 0x82, 0x7c, 0x87, 0x7e, 0x80,
  0x8c, 0x78, 0x87, 0x8b, 0x77, 0x8a, 0x88, 0x7e, 0x85, 0x7f, 0x88, 0x80,
  0x82, 0x88, 0x7e, 0x85, 0x81, 0x76, 0x8b, 0x7e, 0x7c, 0x87, 0x7f, 0x83,
  0x88, 0x82, 0x88, 0x84, 0x86, 0x88, 0x82, 0x86, 0x80, 0x84, 0x88, 0x7d,
  0x8a, 0x91, 0x86, 0x7b, 0x8a, 0x86, 0x6a, 0x9d, 0x6e, 0x7b, 0x8c, 0x84,
  0x83, 0x79, 0x9f, 0x78, 0x85, 0x90, 0x77, 0x8c, 0x70, 0x8e, 0x71, 0x90,
  0x77, 0x9f, 0x8d, 0x8c, 0x6d, 0x92, 0x79, 0x6e, 0xa7, 0x78, 0x94, 0x73,
  0x88, 0x91, 0x81, 0x91, 0x6d, 0x9b, 0x80, 0x89, 0x8a, 0xb5, 0x6a, 0xb1,
  0x3b, 0xcb, 0x80, 0x99, 0x96, 0x80, 0xaa, 0x6d, 0x8d, 0x96, 0x8d, 0x7a,
  0x86, 0x8f, 0x9a, 0x77, 0x52, 0xa6, 0x6d, 0x8d, 0x61, 0xa7, 0x7b, 0x88,
  0x5d, 0xa6, 0x7a, 0x85, 0x95, 0x62, 0x9f, 0x53, 0x8c, 0x9b, 0x7d, 0x99,
  0x7e, 0x73, 0x87, 0x87, 0x88, 0x90, 0x63, 0xb4, 0x6c, 0x84, 0x8b, 0x89,
  0x90, 0x68, 0x8f, 0x82, 0x94, 0x60, 0x9d, 0x8d, 0x95, 0x73, 0x83, 0xb1,
  0x77, 0x7b, 0x89, 0x81, 0x90, 0x7b, 0x70, 0x92, 0x74, 0x8b, 0x90, 0x76,
  0xaf, 0x4f, 0x81, 0x74, 0x95, 0x91, 0x7a, 0x73, 0x92, 0x77, 0x71, 0x90,
  0x86, 0x86, 0x6e, 0x7b, 0x9b, 0x74, 0x73, 0x92, 0x7e, 0x82, 0x7c, 0x6e,
  0xa8, 0x61, 0x88, 0x75, 0x83, 0x95, 0x68, 0x8b, 0x89, 0x72, 0x86, 0x89,
  0x7a, 0x99, 0x6b, 0x87, 0x89, 0x89, 0x97, 0x7b, 0x90, 0x91, 0x81, 0x77,
  0x96, 0x8b, 0x96, 0x75, 0x78, 0xb5, 0x62, 0x88, 0x91, 0x88, 0x91, 0x79,
  0x8b, 0xa4, 0x70, 0x96, 0x85, 0x8f, 0x95, 0x68, 0x9b, 0x80, 0x72, 0x8e,
  0x85, 0x8a, 0x7f, 0x7c, 0x71, 0x8c, 0x84, 0x94, 0x79, 0x81, 0x7d, 0x66,
  0x7c, 0x73, 0x78, 0x94, 0x6c, 0x75, 0xa1, 0x71, 0x9e, 0x7a, 0x8f, 0xa0,
  0x67, 0x97, 0x84, 0x7f, 0x88, 0x77, 0x8e, 0x91, 0x77, 0x85, 0x7c, 0x73,
  0x8c, 0x78, 0x86, 0x82, 0x91, 0x8e, 0xa9, 0xac, 0xc7, 0x9f, 0xa0, 0xa5,
  0x6f, 0x95, 0x73, 0x7e, 0xa0, 0x63, 0x69, 0x79, 0x62, 0x76, 0x68, 0x66,
  0x7b, 0x50, 0x76, 0x78, 0x82, 0x9d, 0xa4, 0xaf, 0xb1, 0x9c, 0x8a, 0x8e,
  0x6c, 0x8b, 0x77, 0x7e, 0x85, 0x73, 0x7b, 0x61, 0x77, 0x84, 0x54, 0x65,
  0x7e, 0x77, 0x9d, 0x84, 0xc5, 0xe5, 0x95, 0xb5, 0x9f, 0x9e, 0x7f, 0x67,
  0x9c, 0x93, 0x74, 0x7f, 0x6d, 0x82, 0x71, 0x4d, 0x67, 0x68, 0x64, 0x7a,
  0x91, 0xb0, 0xc5, 0xbd, 0xb0, 0x95, 0x78, 0x88, 0x66, 0x89, 0x97, 0x70,
  0x84, 0x6e, 0x65, 0x69, 0x51, 0x6a, 0x6e, 0x65, 0x95, 0xa8, 0xc7, 0xc2,
  0xab, 0xbb, 0x84, 0x7a, 0x8a, 0x7d, 0x86, 0x8b, 0x70, 0x78, 0x76, 0x50,
  0x5d, 0x44, 0x5d, 0x8e, 0xa0, 0xae, 0xaf, 0xb6, 0xb6, 0x79, 0x81, 0x8e,
  0x7b, 0x86, 0x67, 0x8a, 0x7c, 0x64, 0x83, 0x4b, 0x4c, 0x59, 0x72, 0xa3,
  0xb6, 0xa7, 0xc4, 0xb1, 0x8f, 0x89, 0x83, 0x8a, 0x8c, 0x78, 0x86, 0x8e,
  0x77, 0x82, 0x47, 0x44, 0x6e, 0x7a, 0xb7, 0xb0, 0xb2, 0xc2, 0x95, 0x93,
  0x8f, 0x82, 0x86, 0x72, 0x87, 0x7f, 0x65, 0x79, 0x66, 0x49, 0x36, 0x50,
  0xa4, 0xc5, 0xac, 0xab, 0xac, 0x99, 0x90, 0x6e, 0x9f, 0x98, 0x76, 0x8f,
  0x6a, 0x89, 0x81, 0x35, 0x47, 0x41, 0x74, 0xcb, 0xbc, 0xda, 0xa0, 0x86,
  0xb3, 0x8a, 0x99, 0x92, 0x8a, 0xa5, 0x70, 0x6b, 0x97, 0x7a, 0x44, 0x14,
  0x35, 0xa3, 0xcf, 0xd0, 0xbf, 0x93, 0x8c, 0x7d, 0x75, 0xa5, 0x9e, 0x9d,
  0x9f, 0x67, 0x86, 0x99, 0x7c, 0x4d, 0x0f, 0x3b, 0x93, 0xc8, 0xe1, 0xb4,
  0x81, 0x8a, 0x7c, 0x84, 0x88, 0x90, 0xb4, 0x91, 0x5f, 0x7e, 0xa3, 0x96,
  0x4d, 0x02, 0x33, 0x81, 0xc1, 0xe3, 0xaa, 0x87, 0x73, 0x65, 0x90, 0x84,
  0x96, 0xa8, 0x73, 0x77, 0x71, 0x86, 0xad, 0x5b, 0x23, 0x1d, 0x5e, 0xd1,
  0xe1, 0xc7, 0x80, 0x6c, 0x88, 0x74, 0x79, 0xa3, 0xaa, 0x9a, 0x80, 0x6c,
  0x9a, 0xb3, 0x7b, 0x32, 0x0b, 0x53, 0xbc, 0xd7, 0xf0, 0x84, 0x5b, 0x88,
  0x6d, 0x95, 0x9a, 0x88, 0xaf, 0x84, 0x5f, 0x7c, 0x9f, 0xb3, 0x49, 0x00,
  0x38, 0x91, 0xdf, 0xef, 0x94, 0x73, 0x72, 0x5b, 0xa1, 0xa2, 0x9e, 0xa5,
  0x88, 0x80, 0x67, 0x82, 0xcc, 0x85, 0x25, 0x0d, 0x61, 0xe2, 0xe0, 0xcc,
  0x7e, 0x62, 0x88, 0x7e, 0xa8, 0xae, 0x9a, 0xac, 0x70, 0x71, 0x9e, 0x9e,
  0xa5, 0x35, 0x05, 0x4e, 0xa3, 0xe7, 0xf2, 0x7b, 0x55, 0x7b, 0x7c, 0xa8,
  0xa0, 0x94, 0xaf, 0x6f, 0x62, 0x8a, 0x9b, 0xbe, 0x48, 0x07, 0x45, 0x79,
  0xd9, 0xf3, 0x9d, 0x67, 0x67, 0x6d, 0xa1, 0xb0, 0x9c, 0xa0, 0x7c, 0x71,
  0x83, 0x8a, 0xc1, 0x70, 0x14, 0x26, 0x5f, 0xd8, 0xf1, 0xa7, 0x6e, 0x5e,
  0x78, 0x7f, 0xae, 0xb6, 0x86, 0x97, 0x6b, 0x78, 0x9a, 0x9d, 0x98, 0x25,
  0x07, 0x61, 0xa3, 0xe9, 0xe7, 0x6f, 0x5e, 0x68, 0x6c, 0xb2, 0xab, 0x8a,
  0xa2, 0x73, 0x61, 0x8d, 0x9b, 0xc3, 0x3e, 0x02, 0x55, 0x7e, 0xdd, 0xe8,
  0x89, 0x73, 0x53, 0x5b, 0xa9, 0xac, 0xa0, 0x8c, 0x7d, 0x6d, 0x77, 0x9a,
  0xb6, 0x62, 0x18, 0x2c, 0x70, 0xd6, 0xe3, 0xa1, 0x6c, 0x5b, 0x6d, 0x7f,
  0xa6, 0xbe, 0x90, 0x8d, 0x59, 0x7e, 0xa9, 0x9c, 0x88, 0x32, 0x2a, 0x71,
  0xa9, 0xf5, 0xd5, 0x5f, 0x68, 0x65, 0x86, 0xb2, 0xa4, 0xaa, 0x92, 0x52,
  0x75, 0x92, 0xad, 0x91, 0x1a, 0x24, 0x62, 0xa4, 0xeb, 0xcc, 0x6e, 0x6b,
  0x4e, 0x79, 0xba, 0xa5, 0x9f, 0x76, 0x5d, 0x81, 0x7f, 0xae, 0x91, 0x20,
  0x26, 0x56, 0xbb, 0xff, 0xbe, 0x6a, 0x61, 0x55, 0x79, 0xb9, 0xb9, 0xa4,
  0x76, 0x5a, 0x72, 0x86, 0xc2, 0x74, 0x1b, 0x36, 0x54, 0xcd, 0xf6, 0xbc,
  0x7a, 0x50, 0x5b, 0x80, 0xb7, 0xcc, 0x8d, 0x84, 0x6c, 0x69, 0xa1, 0xae,
  0x6a, 0x26, 0x23, 0x76, 0xdb, 0xf3, 0xab, 0x58, 0x56, 0x5f, 0x8d, 0xc7,
  0xbe, 0x99, 0x74, 0x4e, 0x78, 0xb5, 0x98, 0x45, 0x26, 0x46, 0x9f, 0xd1,
  0xe1, 0x89, 0x52, 0x51, 0x66, 0xbe, 0xc2, 0x90, 0x8a, 0x64, 0x6e, 0x8f,
  0xa9, 0x70, 0x1a, 0x2b, 0x7f, 0xd7, 0xf8, 0x90, 0x5b, 0x7e, 0x49, 0xa3,
  0xc9, 0xbd, 0x7f, 0x79, 0x53, 0x7d, 0xca, 0x73, 0x31, 0x37, 0x60, 0xbe,
  0xeb, 0xb9, 0x7f, 0x4b, 0x50, 0x93, 0xc4, 0xcd, 0x6a, 0x8c, 0x50, 0x80,
  0xb1, 0x70, 0x47, 0x3f, 0x42, 0xd3, 0xff, 0xc4, 0x70, 0x59, 0x3d, 0xa7,
  0xb3, 0xb3, 0xb2, 0x77, 0x4c, 0x93, 0x8b, 0xa2, 0x15, 0x3c, 0x4d, 0xb0,
  0xff, 0x91, 0x67, 0x5f, 0x4d, 0xa9, 0xad, 0xb5, 0xaa, 0x48, 0x68, 0x8d,
  0x95, 0x6c, 0x0e, 0x4b, 0x77, 0xd0, 0xf2, 0xb2, 0x52, 0x54, 0x53, 0xbe,
  0xc1, 0x9a, 0xc5, 0x3f, 0x83, 0xba, 0x74, 0x51, 0x18, 0x5e, 0xaf, 0xc9,
  0xf4, 0x82, 0x42, 0x60, 0x5f, 0xff, 0xac, 0x81, 0xac, 0x39, 0x89, 0xa3,
  0x78, 0x47, 0x25, 0x61, 0xc8, 0xea, 0xbd, 0x58, 0x64, 0x51, 0x8f, 0xe9,
  0xb2, 0x8c, 0x6e, 0x65, 0x94, 0x98, 0x53, 0x34, 0x43, 0x7d, 0xf1, 0xe0,
  0x8e, 0x46, 0x51, 0x76, 0xc0, 0xe0, 0xbd, 0x75, 0x5b, 0x6e, 0xaf, 0x60,
  0x35, 0x69, 0x63, 0xd2, 0xf3, 0xa4, 0x82, 0x3a, 0x66, 0xbf, 0xc4, 0xc8,
  0x90, 0x77, 0x5b, 0x88, 0xb1, 0x24, 0x3b, 0x74, 0x93, 0xff, 0xc0, 0x6f,
  0x6b, 0x3d, 0xad, 0xd6, 0xaf, 0xab, 0x60, 0x6a, 0x90, 0x6f, 0x59, 0x32,
  0x43, 0xb9, 0xeb, 0xd4, 0x69, 0x3e, 0x63, 0x80, 0xc9, 0xcc, 0x93, 0x7f,
  0x42, 0x8e, 0xa0, 0x04, 0x4b, 0x65, 0x8e, 0xfd, 0xb4, 0x7f, 0x59, 0x34,
  0xc1, 0xd2, 0xb3, 0xad, 0x5d, 0x71, 0x84, 0x67, 0x5d, 0x37, 0x5b, 0xb8,
  0xe5, 0xbb, 0x59, 0x6a, 0x6b, 0x8b, 0xcd, 0xb6, 0x9c, 0x80, 0x4c, 0xa7,
  0x5f, 0x0f, 0x5d, 0x6a, 0xbd, 0xec, 0x86, 0x65, 0x46, 0x6b, 0xcd, 0xae,
  0xad, 0x9a, 0x6b, 0x86, 0x88, 0x47, 0x2b, 0x49, 0x93, 0xe6, 0xd6, 0x6c,
  0x51, 0x6a, 0x83, 0xd0, 0xce, 0x9d, 0x89, 0x51, 0x8f, 0x8b, 0x1f, 0x51,
  0x62, 0x9c, 0xed, 0x9e, 0x67, 0x55, 0x5b, 0xc8, 0xbd, 0xac, 0x9d, 0x6f,
  0x7c, 0x8c, 0x68, 0x34, 0x36, 0x8d, 0xd7, 0xe3, 0x81, 0x46, 0x7a, 0x84,
  0xc1, 0xda, 0x98, 0x9e, 0x6c, 0x8d, 0xc1, 0x17, 0x2f, 0x7b, 0x99, 0xfd,
  0xbb, 0x6e, 0x66, 0x35, 0xbb, 0xd8, 0x9f, 0xaf, 0x65, 0x72, 0xa7, 0x42,
  0x3f, 0x3b, 0x5d, 0xd2, 0xd9, 0x96, 0x47, 0x49, 0x84, 0x9f, 0xca, 0xa9,
  0x80, 0x76, 0x5c, 0x9e, 0x57, 0x1d, 0x6c, 0x94, 0xcb, 0xda, 0x68, 0x69,
  0x5c, 0x7c, 0xe8, 0xa3, 0xa2, 0xa1, 0x61, 0x9b, 0x8a, 0x32, 0x59, 0x56,
  0xa0, 0xe8, 0xac, 0x69, 0x5a, 0x70, 0x9c, 0xae, 0xb9, 0x92, 0x66, 0x6e,
  0x99, 0x66, 0x1d, 0x46, 0x7c, 0xbd, 0xdf, 0x88, 0x66, 0x67, 0x56, 0xb9,
  0xbd, 0x95, 0xa5, 0x75, 0x7a, 0x8e, 0x3d, 0x4c, 0x63, 0x90, 0xe4, 0xb8,
  0x6f, 0x62, 0x6e, 0xa4, 0xb3, 0xaf, 0xa5, 0x7c, 0x65, 0x8d, 0x77, 0x1a,
  0x43, 0x8b, 0xb0, 0xd1, 0x8a, 0x54, 0x87, 0x5a, 0xab, 0xd3, 0x86, 0x99,
  0x73, 0x76, 0xa7, 0x33, 0x4b, 0x74, 0x71, 0xdd, 0xbd, 0x74, 0x8a, 0x59,
  0x9b, 0xbd, 0x9d, 0xba, 0x8d, 0x7e, 0x91, 0x75, 0x4d, 0x39, 0x85, 0xba,
  0xb3, 0xb0, 0x60, 0x78, 0x82, 0x81, 0xc6, 0x95, 0x90, 0xa2, 0x55, 0x9a,
  0x3f, 0x16, 0x81, 0x6b, 0xba, 0xe3, 0x4e, 0x6f, 0x68, 0x75, 0xc1, 0x8a,
  0xa4, 0xa4, 0x60, 0x90, 0x7c, 0x3b, 0x48, 0x63, 0xb2, 0xc6, 0xa2, 0x74,
  0x81, 0x88, 0x91, 0xb7, 0xaf, 0x8b, 0x9c, 0x79, 0x92, 0x7f, 0x2b, 0x6b,
  0x80, 0x97, 0xdb, 0x8c, 0x76, 0x8a, 0x76, 0xa4, 0x93, 0x8a, 0xab, 0x89,
  0x74, 0x94, 0x51, 0x2d, 0x56, 0x86, 0xb9, 0xbd, 0x78, 0x6d, 0x8a, 0x75,
  0x96, 0xb4, 0x96, 0x99, 0x81, 0x7a, 0x96, 0x2b, 0x38, 0x77, 0x76, 0xc6,
  0xbc, 0x6a, 0x85, 0x71, 0x83, 0xb3, 0x97, 0xa6, 0x98, 0x70, 0x84, 0x7c,
  0x42, 0x38, 0x6c, 0x97, 0xb0, 0xb1, 0x80, 0x82, 0x89, 0x76, 0xa3, 0xa2,
  0x84, 0xb1, 0x75, 0x7b, 0x87, 0x20, 0x5d, 0x6b, 0x75, 0xdc, 0x9e, 0x73,
  0xa0, 0x77, 0x98, 0x90, 0x8b, 0xbc, 0x91, 0x7f, 0x8b, 0x66, 0x3d, 0x37,
  0x7b, 0xa8, 0xa8, 0xa1, 0x6e, 0x8b, 0x79, 0x75, 0xa7, 0x85, 0x95, 0xa6,
  0x60, 0x8f, 0x57, 0x19, 0x70, 0x58, 0x91, 0xcc, 0x7a, 0x82, 0x96, 0x83,
  0x8d, 0x7e, 0xa5, 0xa6, 0x8b, 0x88, 0x8a, 0x69, 0x37, 0x56, 0x84, 0x9a,
  0xba, 0x93, 0x90, 0xa3, 0x74, 0x92, 0x98, 0x83, 0xb2, 0x95, 0x83, 0x9b,
  0x40, 0x3a, 0x5b, 0x6f, 0xac, 0xb1, 0x8e, 0x91, 0x96, 0x80, 0x73, 0x94,
  0x9b, 0x9d, 0x8f, 0x7a, 0x85, 0x33, 0x37, 0x7d, 0x74, 0xaf, 0xaf, 0x6a,
  0xae, 0x8c, 0x73, 0xa2, 0x77, 0x95, 0xb0, 0x72, 0x97, 0x7a, 0x41, 0x52,
  0x5c, 0x9b, 0xad, 0x95, 0x9a, 0xa2, 0xa1, 0x7a, 0x80, 0xa3, 0x8d, 0x98,
  0x86, 0x91, 0x81, 0x2f, 0x56, 0x7f, 0x70, 0xb2, 0x99, 0x8f, 0xbe, 0x77,
  0x81, 0x97, 0x74, 0xaf, 0x96, 0x7e, 0x99, 0x4d, 0x43, 0x5a, 0x5e, 0x9f,
  0x9b, 0x84, 0xa7, 0xa4, 0x95, 0x76, 0x8b, 0x96, 0x87, 0x8b, 0x87, 0x87,
  0x59, 0x34, 0x71, 0x71, 0x7b, 0xa9, 0x82, 0x9e, 0xb1, 0x81, 0x96, 0x8c,
  0x79, 0x9c, 0x7f, 0x86, 0x8b, 0x55, 0x55, 0x5d, 0x6f, 0x89, 0x88, 0x92,
  0xb0, 0xac, 0x8b, 0x87, 0x8f, 0x7f, 0x92, 0x90, 0x8e, 0x86, 0x47, 0x59,
  0x70, 0x66, 0x90, 0x94, 0x92, 0xb4, 0xa3, 0x98, 0x8c, 0x81, 0x9b, 0x85,
  0x82, 0x88, 0x6c, 0x52, 0x44, 0x6c, 0x82, 0x7d, 0x8e, 0x94, 0xae, 0xa3,
  0x7e, 0xad, 0x8e, 0x76, 0x8f, 0x74, 0x89, 0x63, 0x3b, 0x76, 0x61, 0x69,
  0x90, 0x7a, 0xab, 0xa3, 0x95, 0xaf, 0x85, 0x90, 0x91, 0x74, 0x8e, 0x6e,
  0x6a, 0x5d, 0x4c, 0x80, 0x70, 0x77, 0x9f, 0x96, 0xbe, 0xa5, 0x93, 0xb4,
  0x8b, 0x99, 0x94, 0x79, 0x82, 0x4d, 0x63, 0x75, 0x57, 0x87, 0x85, 0x7f,
  0xa9, 0x9a, 0xa8, 0xae, 0x96, 0xad, 0x90, 0x8b, 0x8a, 0x6b, 0x70, 0x66,
  0x71, 0x83, 0x6b, 0x7d, 0x8a, 0x83, 0x94, 0x93, 0x99, 0x99, 0x8b, 0x99,
  0x88, 0x87, 0x8c, 0x80, 0x88, 0x76, 0x71, 0x84, 0x6f, 0x77, 0x85, 0x83,
  0x88, 0x77, 0x88, 0x89, 0x82, 0x93, 0x91, 0x94, 0x8e, 0x82, 0x8a, 0x8a,
  0x83, 0x83, 0x84, 0x83, 0x6f, 0x7c, 0x84, 0x6f, 0x88, 0x8a, 0x86, 0x8f,
  0x7c, 0x98, 0x91, 0x7f, 0x93, 0x8d, 0x89, 0x7f, 0x74, 0x8d, 0x79, 0x79,
  0x8e, 0x71, 0x87, 0x86, 0x7e, 0x96, 0x85, 0x91, 0x8c, 0x77, 0x8e, 0x7a,
  0x7d, 0x80, 0x62, 0x84, 0x77, 0x6a, 0x8d, 0x6d, 0x7f, 0x8d, 0x7a, 0x9e,
  0x7f, 0x89, 0x96, 0x73, 0x94, 0x7e, 0x7b, 0x8c, 0x61, 0x89, 0x90, 0x74,
  0x91, 0x7a, 0x87, 0x8b, 0x79, 0xa5, 0x8e, 0x8b, 0x9e, 0x7c, 0x93, 0x7c,
  0x72, 0x8e, 0x6c, 0x82, 0x8e, 0x6f, 0x82, 0x7e, 0x88, 0x8b, 0x80, 0x9c,
  0x89, 0x75, 0x8f, 0x7e, 0x7d, 0x75, 0x73, 0x8d, 0x6e, 0x71, 0x7d, 0x7c,
  0x83, 0x7a, 0x90, 0x93, 0x7f, 0x90, 0x8e, 0x91, 0x8f, 0x7e, 0x87, 0x7e,
  0x72, 0x81, 0x7e, 0x7d, 0x7c, 0x82, 0x8d, 0x7f, 0x8a, 0x96, 0x90, 0x91,
  0x8a, 0x91, 0x7d, 0x71, 0x87, 0x76, 0x7a, 0x7f, 0x6c, 0x7c, 0x6d, 0x79,
  0x8c, 0x80, 0x96, 0x97, 0x88, 0x91, 0x82, 0x8e, 0x85, 0x6f, 0x88, 0x74,
  0x6e, 0x7d, 0x73, 0x86, 0x80, 0x83, 0x99, 0x80, 0x9a, 0x9b, 0x8b, 0x9c,
  0x7b, 0x85, 0x93, 0x6b, 0x82, 0x84, 0x7b, 0x86, 0x70, 0x85, 0x85, 0x72,
  0x99, 0x8b, 0x91, 0x9e, 0x78, 0x92, 0x79, 0x69, 0x8d, 0x6b, 0x76, 0x79,
  0x6a, 0x79, 0x68, 0x7b, 0x8f, 0x7a, 0xa1, 0x90, 0x81, 0x96, 0x77, 0x88,
  0x82, 0x6b, 0x87, 0x71, 0x76, 0x78, 0x6f, 0x91, 0x77, 0x7e, 0x9e, 0x85,
  0x96, 0x8f, 0x86, 0x9c, 0x82, 0x7d, 0x82, 0x76, 0x7b, 0x76, 0x83, 0x79,
  0x71, 0x8b, 0x7b, 0x84, 0x95, 0x8b, 0x90, 0x8c, 0x8c, 0x8c, 0x7b, 0x82,
  0x77, 0x7a, 0x82, 0x72, 0x7f, 0x76, 0x6c, 0x8d, 0x8a, 0x8c, 0x97, 0x91,
  0x8a, 0x80, 0x8c, 0x84, 0x77, 0x85, 0x6f, 0x7e, 0x7e, 0x67, 0x7e, 0x83,
  0x79, 0x8c, 0x8a, 0x96, 0x8a, 0x89, 0xa0, 0x7e, 0x85, 0x87, 0x6c, 0x81,
  0x75, 0x79, 0x8a, 0x6d, 0x83, 0x86, 0x7f, 0x94, 0x86, 0xa3, 0x91, 0x7b,
  0xa1, 0x7b, 0x7a, 0x8e, 0x7a, 0x8b, 0x81, 0x76, 0x89, 0x6f, 0x86, 0x91,
  0x89, 0xab, 0x8e, 0x95, 0x98, 0x72, 0x8e, 0x82, 0x76, 0x8d, 0x74, 0x7c,
  0x75, 0x6a, 0x8d, 0x7d, 0x83, 0x94, 0x82, 0x9d, 0x8a, 0x7c, 0x9f, 0x7c,
  0x77, 0x7c, 0x71, 0x81, 0x6e, 0x77, 0x80, 0x73, 0x90, 0x82, 0x87, 0xa0,
  0x91, 0x9a, 0x95, 0x8e, 0x91, 0x7a, 0x7d, 0x88, 0x82, 0x87, 0x7a, 0x85,
  0x87, 0x78, 0x92, 0x92, 0x93, 0x9e, 0x95, 0x93, 0x89, 0x8e, 0x7e, 0x83,
  0x70, 0x84, 0x86, 0x5c, 0x77, 0x87, 0x94, 0x68, 0x78, 0x9d, 0xa1, 0x73,
  0x82, 0x9b, 0x96, 0x85, 0x59, 0x93, 0x62, 0x6f, 0x6c, 0x6d, 0x99, 0x5f,
  0x99, 0x84, 0x92, 0xac, 0x79, 0x9b, 0x77, 0x78, 0x94, 0x50, 0xa2, 0x73,
  0x72, 0x9b, 0x4a, 0xac, 0x76, 0x82, 0xb2, 0x7a, 0xcc, 0x7f, 0x72, 0xa2,
  0x5d, 0x7a, 0x85, 0x5c, 0x89, 0x76, 0x78, 0x89, 0x72, 0xa2, 0xad, 0xa0,
  0xa6, 0xa5, 0x7c, 0x6f, 0x56, 0x5b, 0x68, 0x52, 0x6e, 0x7f, 0x9e, 0x96,
  0xa6, 0xb1, 0x9d, 0xc7, 0x99, 0x95, 0x8e, 0x51, 0x6e, 0x5b, 0x44, 0x7d,
  0x50, 0x6e, 0x95, 0x9a, 0xbe, 0x8f, 0xb2, 0xa2, 0x9e, 0x99, 0x79, 0x83,
  0x3d, 0x3b, 0x50, 0x3b, 0x74, 0x6d, 0x91, 0xca, 0x80, 0xad, 0xb9, 0x92,
  0xc0, 0x78, 0xa0, 0x66, 0x33, 0x62, 0x52, 0x4f, 0x7b, 0x70, 0xaa, 0xc3,
  0x95, 0xd3, 0xaa, 0x9c, 0xba, 0x8b, 0x98, 0x6c, 0x30, 0x63, 0x3f, 0x55,
  0x7f, 0x6e, 0xb3, 0x97, 0x99, 0xb7, 0x9f, 0xc5, 0x96, 0x90, 0x92, 0x6c,
  0x4c, 0x44, 0x60, 0x64, 0x4c, 0x7d, 0x89, 0xaf, 0xb0, 0xa0, 0xc6, 0xa9,
  0x97, 0x83, 0x88, 0x78, 0x3a, 0x57, 0x5e, 0x5f, 0x55, 0x71, 0x92, 0x9f,
  0xbc, 0xab, 0xab, 0xb5, 0x83, 0x94, 0x7e, 0x73, 0x81, 0x42, 0x5b, 0x5c,
  0x5f, 0x82, 0x66, 0xab, 0xce, 0xa1, 0xab, 0xaa, 0xa2, 0x96, 0x70, 0x85,
  0x7b, 0x39, 0x42, 0x56, 0x61, 0x6e, 0x81, 0xad, 0xde, 0x9c, 0xa8, 0xaa,
  0x95, 0x9f, 0x76, 0x87, 0x75, 0x3c, 0x3e, 0x55, 0x65, 0x70, 0x84, 0x7e,
  0xad, 0xae, 0x92, 0xad, 0x9e, 0x8d, 0x91, 0x49, 0x87, 0x4a, 0x2c, 0x7a,
  0x33, 0x73, 0x75, 0x63, 0xd7, 0xa8, 0xa7, 0xb5, 0x8e, 0xb5, 0x73, 0x65,
  0x8c, 0x40, 0x52, 0x5e, 0x5f, 0x73, 0x68, 0x8f, 0x9b, 0xb7, 0xb4, 0xab,
  0xa8, 0x91, 0x87, 0x8b, 0x78, 0x75, 0x58, 0x55, 0x60, 0x56, 0x71, 0x87,
  0x82, 0xc7, 0xb2, 0x93, 0xb6, 0x87, 0x89, 0x8b, 0x5a, 0x91, 0x34, 0x3e,
  0x6e, 0x3a, 0x88, 0x7a, 0x95, 0xd1, 0x77, 0xa9, 0xab, 0x7f, 0x9d, 0x72,
  0x8f, 0x7e, 0x1c, 0x5c, 0x6e, 0x59, 0x68, 0x88, 0xa3, 0xb2, 0x96, 0xaf,
  0xcf, 0x8e, 0x8c, 0x97, 0x83, 0x8a, 0x2a, 0x58, 0x82, 0x37, 0x77, 0x89,
  0xa4, 0xca, 0x83, 0xc3, 0xcd, 0x98, 0xa6, 0x84, 0x8a, 0x84, 0x2d, 0x5d,
  0x93, 0x4f, 0x71, 0x81, 0x97, 0xc6, 0x8f, 0xbd, 0xd1, 0x91, 0x96, 0x82,
  0x89, 0x95, 0x20, 0x68, 0x7c, 0x2a, 0x71, 0x72, 0x9b, 0xb6, 0x8b, 0xbb,
  0xc5, 0x85, 0x91, 0x8e, 0x80, 0x7d, 0x33, 0x5f, 0x71, 0x16, 0x75, 0x7f,
  0x79, 0xd2, 0x85, 0xca, 0xcd, 0x6e, 0xcc, 0x8e, 0x83, 0x8e, 0x18, 0x7a,
  0x50, 0x23, 0x92, 0x58, 0x9b, 0xb8, 0x7d, 0xdb, 0xaf, 0xa6, 0xb7, 0x8c,
  0x98, 0x6f, 0x38, 0x5d, 0x56, 0x3b, 0x62, 0x70, 0x90, 0x96, 0x81, 0xc9,
  0xc3, 0xa7, 0xb1, 0x9d, 0x94, 0x71, 0x4a, 0x66, 0x74, 0x4b, 0x4f, 0x76,
  0x72, 0x84, 0x91, 0x9d, 0xd1, 0x9a, 0x97, 0xb3, 0x79, 0x96, 0x66, 0x53,
  0x8f, 0x4b, 0x58, 0x6a, 0x4f, 0x99, 0x75, 0x7f, 0xb0, 0x95, 0xa2, 0x85,
  0x9f, 0x9c, 0x7c, 0x89, 0x7b, 0x7e, 0x59, 0x58, 0x7a, 0x77, 0x87, 0x83,
  0x87, 0x90, 0x7a, 0x91, 0x9d, 0x9c, 0xa1, 0x9a, 0xa2, 0x99, 0x89, 0x8e,
  0x8e, 0x79, 0x77, 0x6b, 0x6a, 0x83, 0x73, 0x8e, 0x8c, 0x82, 0x9e, 0x88,
  0x94, 0x9f, 0x94, 0xa2, 0x7b, 0x83, 0x80, 0x56, 0x6f, 0x64, 0x6f, 0x6e,
  0x5e, 0x7a, 0x73, 0x75, 0x86, 0x97, 0xa1, 0x9a, 0x99, 0x93, 0x8c, 0x70,
  0x70, 0x79, 0x69, 0x77, 0x68, 0x6d, 0x8b, 0x72, 0x9a, 0x9c, 0x9e, 0xbc,
  0x88, 0xa7, 0x9c, 0x8e, 0x99, 0x62, 0x83, 0x81, 0x54, 0x7c, 0x76, 0x8d,
  0x88, 0x72, 0x9e, 0x86, 0x94, 0xa2, 0x98, 0xac, 0x84, 0x6f, 0x7c, 0x63,
  0x68, 0x73, 0x66, 0x7a, 0x6f, 0x77, 0x88, 0x7e, 0x9b, 0x94, 0x89, 0xa5,
  0x89, 0x8b, 0x7e, 0x6d, 0x8d, 0x65, 0x69, 0x7d, 0x75, 0x82, 0x65, 0x8d,
  0x9e, 0x7e, 0xa3, 0x8e, 0xa0, 0x98, 0x73, 0x9b, 0x87, 0x7a, 0x74, 0x5f,
  0x83, 0x62, 0x72, 0x9a, 0x79, 0x8f, 0x7b, 0x8c, 0xa3, 0x86, 0xa1, 0x90,
  0x8d, 0x8f, 0x68, 0x7d, 0x76, 0x73, 0x86, 0x6d, 0x80, 0x85, 0x74, 0x8e,
  0x96, 0xa1, 0xa7, 0x8d, 0x9c, 0x94, 0x7e, 0x88, 0x6f, 0x78, 0x70, 0x59,
  0x79, 0x6f, 0x76, 0x8f, 0x80, 0x95, 0x89, 0x95, 0x9f, 0x7c, 0x9e, 0x8b,
  0x72, 0x8a, 0x67, 0x70, 0x69, 0x64, 0x88, 0x74, 0x80, 0x83, 0x84, 0x99,
  0x87, 0x9a, 0xab, 0x9c, 0x95, 0x87, 0x82, 0x77, 0x7c, 0x78, 0x7d, 0x81,
  0x72, 0x87, 0x88, 0x91, 0x9f, 0x9a, 0xac, 0x93, 0x95, 0x96, 0x79, 0x94,
  0x7f, 0x72, 0x75, 0x67, 0x7d, 0x70, 0x70, 0x8f, 0x81, 0x8d, 0x8b, 0x93,
  0xa7, 0x81, 0x8a, 0x99, 0x83, 0x7c, 0x6a, 0x70, 0x74, 0x66, 0x77, 0x87,
  0x80, 0x85, 0x79, 0x92, 0x99, 0x8f, 0x9f, 0x94, 0x8e, 0x86, 0x72, 0x7f,
  0x7b, 0x77, 0x7b, 0x67, 0x87, 0x79, 0x71, 0x90, 0x8e, 0xa3, 0x8b, 0x8c,
  0xa2, 0x85, 0x91, 0x7a, 0x7f, 0x86, 0x54, 0x79, 0x76, 0x73, 0x83, 0x7c,
  0x98, 0x94, 0x80, 0x9c, 0x8e, 0x96, 0x9e, 0x85, 0xa9, 0x6e, 0x71, 0x84,
  0x69, 0x82, 0x74, 0x7c, 0x87, 0x6f, 0x85, 0x8c, 0x7c, 0xac, 0x88, 0x95,
  0x8d, 0x72, 0x9b, 0x66, 0x71, 0x72, 0x68, 0x7b, 0x6a, 0x6b, 0x84, 0x7d,
  0x8b, 0x8c, 0x7d, 0x98, 0x74, 0x87, 0x8c, 0x8a, 0x8b, 0x79, 0x7a, 0x77,
  0x73, 0x75, 0x85, 0x81, 0x8d, 0x72, 0x85, 0x90, 0x95, 0x98, 0x96, 0x9f,
  0x88, 0x7b, 0x7d, 0x87, 0x7b, 0x7c, 0x7c, 0x7f, 0x85, 0x77, 0x87, 0x86,
  0x8b, 0x84, 0x93, 0x86, 0x8c, 0x86, 0x7f, 0x8f, 0x83, 0x8b, 0x7f, 0x7c,
  0x72, 0x6f, 0x72, 0x81, 0x86, 0x8c, 0x7b, 0x76, 0x91, 0x7f, 0x91, 0x81,
  0x8f, 0x84, 0x6d, 0x85, 0x83, 0x84, 0x81, 0x82, 0x89, 0x82, 0x72, 0x84,
  0x7c, 0x89, 0x79, 0x88, 0x95, 0x84, 0x9b, 0x86, 0x8f, 0x9c, 0x8b, 0x8b,
  0x7f, 0x85, 0x87, 0x7c, 0x8d, 0x93, 0x87, 0x8b, 0x6d, 0x98, 0x92, 0x82,
  0x9e, 0x90, 0x94, 0x80, 0x84, 0x9b, 0x89, 0x82, 0x8e, 0x79, 0x8a, 0x75,
  0x75, 0x97, 0x76, 0x90, 0x8c, 0x85, 0x91, 0x76, 0x89, 0x8d, 0x7d, 0x95,
  0x79, 0x75, 0x85, 0x66, 0x8c, 0x82, 0x84, 0x8a, 0x6b, 0x80, 0x78, 0x86,
  0x8d, 0x85, 0x8f, 0x8c, 0x72, 0x92, 0x88, 0x8f, 0x96, 0x75, 0x8d, 0x78,
  0x83, 0x8a, 0x86, 0x8f, 0x82, 0x85, 0x8c, 0x7e, 0x84, 0x87, 0x7a, 0x93,
  0x90, 0x8f, 0x85, 0x85, 0x8c, 0x7f, 0x88, 0x85, 0x88, 0x82, 0x74, 0x7d,
  0x89, 0x81, 0x82, 0x8b, 0x85, 0x7e, 0x7c, 0x91, 0x8e, 0x8a, 0x84, 0x7e,
  0x87, 0x7d, 0x79, 0x7e, 0x7f, 0x7e, 0x76, 0x7a, 0x82, 0x78, 0x80, 0x7f,
  0x84, 0x89, 0x80, 0x82, 0x83, 0x8b, 0x88, 0x89, 0x8a, 0x89, 0x86, 0x7d,
  0x81, 0x86, 0x87, 0x82, 0x84, 0x85, 0x7e, 0x78, 0x8b, 0x8c, 0x88, 0x8c,
  0x81, 0x97, 0x84, 0x85, 0x8d, 0x87, 0x90, 0x79, 0x80, 0x87, 0x7a, 0x85,
  0x8a, 0x7d, 0x90, 0x7b, 0x80, 0x88, 0x81, 0x8f, 0x85, 0x8d, 0x92, 0x7c,
  0x88, 0x8a, 0x85, 0x98, 0x78, 0x85, 0x81, 0x6c, 0x85, 0x7a, 0x8e, 0x8c,
  0x7c, 0x8e, 0x80, 0x86, 0x96, 0x85, 0x96, 0x8c, 0x7c, 0x91, 0x76, 0x81,
  0x81, 0x7e, 0x84, 0x7c, 0x88, 0x7e, 0x71, 0x8a, 0x89, 0x86, 0x94, 0x83,
  0x8f, 0x81, 0x82, 0x96, 0x87, 0x8c, 0x83, 0x84, 0x85, 0x73, 0x81, 0x8d,
  0x86, 0x8a, 0x7d, 0x86, 0x8d, 0x86, 0x92, 0x87, 0x90, 0x8e, 0x81, 0x90,
  0x8b, 0x8b, 0x8a, 0x81, 0x8c, 0x85, 0x76, 0x84, 0x7d, 0x8a, 0x84, 0x7d,
  0x88, 0x79, 0x83, 0x7c, 0x85, 0x91, 0x7e, 0x81, 0x83, 0x83, 0x83, 0x7b,
  0x86, 0x87, 0x72, 0x7d, 0x79, 0x7c, 0x83, 0x81, 0x87, 0x87, 0x8b, 0x7e,
  0x7f, 0x8c, 0x88, 0x87, 0x83, 0x88, 0x8a, 0x84, 0x7f, 0x8b, 0x88, 0x82,
  0x84, 0x86, 0x87, 0x84, 0x7d, 0x93, 0x97, 0x89, 0x8f, 0x81, 0x8b, 0x7d,
  0x83, 0x92, 0x86, 0x7d, 0x85, 0x79, 0x82, 0x88, 0x7b, 0x91, 0x84, 0x88,
  0x8b, 0x81, 0x8c, 0x7c, 0x89, 0x82, 0x7c, 0x85, 0x75, 0x72, 0x82, 0x6f,
  0x81, 0x81, 0x71, 0x8f, 0x7e, 0x86, 0xa1, 0x8c, 0x8f, 0x7f, 0x7f, 0x82,
  0x69, 0x80, 0x74, 0x76, 0x8b, 0x60, 0x82, 0x8f, 0x7b, 0xa3, 0xa0, 0x99,
  0xaa, 0x9a, 0x8f, 0x85, 0x8e, 0x76, 0x62, 0x7b, 0x5f, 0x70, 0x84, 0x5f,
  0x90, 0x9f, 0x81, 0xab, 0xaa, 0xa5, 0xb4, 0xa8, 0x94, 0x85, 0x81, 0x4e,
  0x5c, 0x6b, 0x39, 0x71, 0x7e, 0x5d, 0x95, 0x97, 0x94, 0xc5, 0xb8, 0xb1,
  0xb5, 0x9e, 0x80, 0x72, 0x71, 0x40, 0x54, 0x52, 0x2e, 0x67, 0x71, 0x5b,
  0xa7, 0xb3, 0xb2, 0xcc, 0xbc, 0xbf, 0xbb, 0x94, 0x6b, 0x81, 0x55, 0x1d,
  0x4d, 0x41, 0x3b, 0x80, 0x7d, 0x8f, 0xd4, 0xbd, 0xce, 0xe8, 0xd0, 0xc3,
  0xb8, 0x67, 0x69, 0x5d, 0x0a, 0x46, 0x50, 0x2d, 0x7d, 0x8b, 0x87, 0xcc,
  0xcf, 0xcd, 0xda, 0xc9, 0xa3, 0x9d, 0x4c, 0x4b, 0x46, 0x05, 0x43, 0x49,
  0x1f, 0x8e, 0xa2, 0x91, 0xe7, 0xe2, 0xcd, 0xd6, 0xa6, 0x9e, 0x6e, 0x24,
  0x66, 0x1c, 0x15, 0x6b, 0x3b, 0x5f, 0xcd, 0xa5, 0xd2, 0xf2, 0xce, 0xc7,
  0xbd, 0xa8, 0x82, 0x2c, 0x5a, 0x4a, 0x00, 0x67, 0x72, 0x4f, 0xc3, 0xd0,
  0xb3, 0xe4, 0xc9, 0xa9, 0xa2, 0x92, 0x82, 0x21, 0x3a, 0x66, 0x03, 0x70,
  0x92, 0x5c, 0xbf, 0xc4, 0x9c, 0xce, 0xad, 0x98, 0x8d, 0x7b, 0x82, 0x23,
  0x3f, 0x8c, 0x1f, 0x73, 0xae, 0x6f, 0xb3, 0xb3, 0x99, 0xb8, 0xa4, 0x94,
  0x81, 0x86, 0x8c, 0x4c, 0x44, 0x99, 0x54, 0x62, 0xae, 0x84, 0x8f, 0xbd,
  0x9e, 0x9e, 0xb2, 0x91, 0x81, 0x81, 0x87, 0x83, 0x32, 0x78, 0x93, 0x27,
  0x8c, 0x9d, 0x69, 0xbe, 0xa8, 0x9e, 0xb2, 0x93, 0x90, 0x80, 0x86, 0x98,
  0x33, 0x56, 0xa1, 0x31, 0x78, 0xb4, 0x83, 0xba, 0xbf, 0xa8, 0xb1, 0x93,
  0x99, 0x7d, 0x76, 0x9b, 0x5b, 0x34, 0x93, 0x59, 0x5c, 0xb8, 0x95, 0xa0,
  0xbf, 0x95, 0x98, 0x92, 0x8d, 0x84, 0x72, 0x8c, 0x82, 0x24, 0x79, 0x88,
  0x3f, 0x9c, 0x9b, 0x7d, 0xac, 0x98, 0x99, 0x99, 0x84, 0x92, 0x75, 0x7f,
  0x90, 0x37, 0x6e, 0x9e, 0x47, 0x91, 0xa8, 0x7a, 0xb3, 0xab, 0x99, 0x9f,
  0x82, 0x93, 0x75, 0x7f, 0xa6, 0x4b, 0x65, 0x9e, 0x44, 0x7d, 0x9e, 0x80,
  0xa9, 0xa7, 0x91, 0x93, 0x7d, 0x8e, 0x7d, 0x7f, 0x98, 0x51, 0x57, 0x96,
  0x3f, 0x6b, 0xa7, 0x81, 0x9d, 0xae, 0x8a, 0x8d, 0x88, 0x7d, 0x84, 0x91,
  0x89, 0x59, 0x60, 0x87, 0x49, 0x86, 0xb9, 0x7f, 0xa7, 0xb4, 0x85, 0x7e,
  0x84, 0x94, 0x8b, 0x6a, 0x9e, 0x6b, 0x48, 0x99, 0x36, 0x9b, 0x9b, 0x71,
  0xb8, 0xa3, 0x78, 0x95, 0x76, 0x89, 0x91, 0x76, 0xa7, 0x31, 0x50, 0xad,
  0x50, 0x81, 0x98, 0xaa, 0x98, 0x9e, 0x8c, 0xa5, 0x87, 0x9f, 0x74, 0xa9,
  0x77, 0x3e, 0x99, 0x68, 0x65, 0xb1, 0xa7, 0x9b, 0xaf, 0xa4, 0x92, 0x6d,
  0x86, 0xa3, 0x78, 0x8c, 0x5b, 0x68, 0x7f, 0x5c, 0x78, 0x97, 0x7b, 0x8f,
  0xb5, 0x94, 0x85, 0x7f, 0x97, 0x77, 0x8a, 0x95, 0x63, 0x5b, 0x7e, 0x5b,
  0x6f, 0x91, 0xa4, 0xba, 0x9f, 0x81, 0x9f, 0x91, 0x7f, 0x71, 0xb7, 0x91,
  0x45, 0x69, 0xab, 0x58, 0x7e, 0x9a, 0xb8, 0xbd, 0x89, 0x8c, 0x8f, 0x74,
  0x79, 0x97, 0xb0, 0x79, 0x35, 0x81, 0x64, 0x42, 0xa1, 0x9a, 0xa4, 0xa0,
  0x90, 0x81, 0x76, 0x82, 0xa1, 0x7d, 0x8b, 0x65, 0x3f, 0x80, 0x3e, 0x74,
  0xb2, 0x8d, 0xb0, 0xbc, 0x8b, 0x82, 0x68, 0x91, 0x9b, 0x7c, 0x9c, 0x4d,
  0x49, 0x8d, 0x43, 0x84, 0xae, 0x9a, 0xb2, 0x92, 0x81, 0x9f, 0x68, 0x8e,
  0x9a, 0x96, 0x87, 0x25, 0x81, 0x8a, 0x2f, 0x81, 0xa9, 0xb3, 0x96, 0x83,
  0xae, 0x8d, 0x52, 0x9f, 0xa8, 0xa9, 0x58, 0x27, 0xad, 0x62, 0x3b, 0xae,
  0xb2, 0xae, 0x95, 0x9d, 0xb6, 0x67, 0x72, 0xa5, 0x96, 0xa8, 0x4b, 0x63,
  0x96, 0x2d, 0x74, 0xb0, 0x95, 0xb4, 0x9d, 0x9c, 0x85, 0x58, 0x9d, 0x9a,
  0x9f, 0x92, 0x42, 0x77, 0x69, 0x36, 0x94, 0x9c, 0xa9, 0xb9, 0x95, 0x96,
  0x7c, 0x6e, 0x9c, 0x96, 0xb2, 0x68, 0x46, 0x93, 0x5a, 0x4c, 0xae, 0xb7,
  0xc0, 0x95, 0x87, 0x9f, 0x6d, 0x75, 0xac, 0xbb, 0xa6, 0x3a, 0x62, 0x8f,
  0x36, 0x75, 0xca, 0xc1, 0xc1, 0x8a, 0x8b, 0x93, 0x62, 0x94, 0xb8, 0xb2,
  0x71, 0x36, 0x7b, 0x56, 0x37, 0xa9, 0xbf, 0xa8, 0xac, 0x85, 0x77, 0x67,
  0x79, 0xba, 0x9b, 0x92, 0x5f, 0x46, 0x6a, 0x41, 0x72, 0xc5, 0x8f, 0xa3,
  0xb0, 0x7c, 0x68, 0x63, 0x9a, 0xb7, 0x8a, 0x9b, 0x55, 0x53, 0x6b, 0x41,
  0x91, 0xc1, 0x92, 0xb4, 0x96, 0x75, 0x75, 0x6c, 0xa7, 0xaf, 0x96, 0x81,
  0x33, 0x72, 0x68, 0x37, 0xab, 0xc3, 0xac, 0xb4, 0x7b, 0x85, 0x77, 0x59,
  0xae, 0xaf, 0x9b, 0x65, 0x35, 0x85, 0x4d, 0x49, 0xbd, 0xaf, 0xa7, 0xa5,
  0x6d, 0x83, 0x5c, 0x71, 0xbd, 0x94, 0x97, 0x4b, 0x4a, 0x74, 0x33, 0x7a,
  0xc0, 0x99, 0xc2, 0x9a, 0x6c, 0x78, 0x59, 0xa6, 0xa9, 0x98, 0x97, 0x35,
  0x5c, 0x4f, 0x43, 0xae, 0xb6, 0xb2, 0xc7, 0x79, 0x6f, 0x6b, 0x7c, 0xb8,
  0xa7, 0xb6, 0x5f, 0x3e, 0x72, 0x45, 0x6d, 0xbb, 0xc7, 0xc6, 0x92, 0x6b,
  0x78, 0x66, 0x8a, 0xb2, 0xca, 0x98, 0x17, 0x50, 0x64, 0x3e, 0x82, 0xbd,
  0xd5, 0xa1, 0x64, 0x74, 0x73, 0x72, 0x9d, 0xb0, 0xc3, 0x4b, 0x24, 0x6e,
  0x46, 0x65, 0xa8, 0xc5, 0xc2, 0x81, 0x64, 0x6c, 0x60, 0x9d, 0xb3, 0xb4,
  0x9a, 0x24, 0x48, 0x52, 0x43, 0xa7, 0xbd, 0xb9, 0xb7, 0x79, 0x70, 0x5d,
  0x83, 0xcd, 0xac, 0xb5, 0x75, 0x2c, 0x65, 0x4a, 0x6f, 0xc3, 0xb3, 0xcc,
  0xa3, 0x6e, 0x77, 0x60, 0xa4, 0xb8, 0xae, 0xb0, 0x31, 0x35, 0x66, 0x45,
  0x88, 0xbc, 0xbf, 0xbb, 0x69, 0x5e, 0x7b, 0x63, 0xa4, 0xb5, 0xbf, 0x77,
  0x0f, 0x5c, 0x64, 0x45, 0x9f, 0xc6, 0xcb, 0xaa, 0x59, 0x77, 0x73, 0x75,
  0xb3, 0xbd, 0xbd, 0x50, 0x23, 0x6f, 0x4e, 0x5f, 0xc3, 0xd1, 0xc1, 0x92,
  0x66, 0x76, 0x68, 0x8e, 0xd3, 0xc3, 0x9d, 0x3e, 0x3b, 0x64, 0x38, 0x86,
  0xe5, 0xc3, 0xb1, 0x83, 0x58, 0x67, 0x5c, 0xaa, 0xe2, 0xba, 0x84, 0x22,
  0x3c, 0x66, 0x3b, 0x9e, 0xe6, 0xb8, 0xad, 0x55, 0x52, 0x7a, 0x5f, 0xb7,
  0xdd, 0xbb, 0x70, 0x00, 0x54, 0x5e, 0x36, 0xba, 0xdd, 0xc8, 0x9a, 0x3f,
  0x71, 0x72, 0x60, 0xcf, 0xd3, 0xb6, 0x41, 0x02, 0x77, 0x50, 0x5c, 0xd8,
  0xd6, 0xcb, 0x79, 0x46, 0x81, 0x60, 0x8d, 0xe1, 0xbd, 0xa7, 0x33, 0x2b,
  0x6e, 0x44, 0x91, 0xe0, 0xc6, 0xb8, 0x6f, 0x4f, 0x70, 0x69, 0xbb, 0xd0,
  0xb3, 0x90, 0x25, 0x3b, 0x53, 0x51, 0xb8, 0xd1, 0xc5, 0xba, 0x60, 0x54,
  0x62, 0x75, 0xc7, 0xc9, 0xb2, 0x6e, 0x25, 0x51, 0x53, 0x60, 0xc8, 0xd3,
  0xc4, 0x9d, 0x56, 0x63, 0x5e, 0x79, 0xd2, 0xc6, 0xad, 0x54, 0x28, 0x63,
  0x46, 0x67, 0xd7, 0xd6, 0xbb, 0x82, 0x5c, 0x6e, 0x5f, 0x92, 0xdb, 0xc4,
  0x8c, 0x3a, 0x36, 0x52, 0x4b, 0x95, 0xe5, 0xcb, 0xa9, 0x7c, 0x54, 0x61,
  0x75, 0xb7, 0xcf, 0x9f, 0x6e, 0x36, 0x39, 0x4c, 0x6d, 0xbe, 0xdc, 0xb3,
  0x9f, 0x72, 0x4b, 0x6a, 0x8f, 0xc4, 0xbb, 0x85, 0x46, 0x27, 0x3b, 0x4d,
  0x7b, 0xce, 0xc3, 0x9a, 0x7d, 0x50, 0x5d, 0x6c, 0x94, 0xcd, 0xa8, 0x5d,
  0x2e, 0x3c, 0x4c, 0x48, 0x92, 0xd6, 0xbf, 0x94, 0x6d, 0x6b, 0x72, 0x6e,
  0xb4, 0xd3, 0x97, 0x3c, 0x3b, 0x6c, 0x53, 0x5f, 0xbb, 0xdb, 0xaf, 0x81,
  0x71, 0x7d, 0x72, 0x8d, 0xc8, 0xb9, 0x74, 0x33, 0x4d, 0x5c, 0x4a, 0x88,
  0xc0, 0xbd, 0xa6, 0x71, 0x6c, 0x64, 0x6f, 0xaf, 0xb2, 0x9c, 0x3b, 0x41,
  0x60, 0x28, 0x6e, 0xc0, 0x95, 0xb2, 0x99, 0x6d, 0x6d, 0x4d, 0xc1, 0x9a,
  0x9d, 0x8d, 0x37, 0x63, 0x4d, 0x4d, 0xa2, 0xa6, 0xce, 0xa9, 0x7e, 0x85,
  0x51, 0x8c, 0xa4, 0xbe, 0xbe, 0x4a, 0x3e, 0x59, 0x65, 0x3f, 0xb3, 0xd3,
  0xb2, 0xa9, 0x63, 0x7a, 0x7a, 0x64, 0xbe, 0xcd, 0x87, 0x46, 0x3f, 0x87,
  0x32, 0x78, 0xe4, 0xb9, 0xbf, 0x7f, 0x6b, 0x86, 0x5c, 0xa1, 0xe5, 0x97,
  0x73, 0x4e, 0x5d, 0x4e, 0x42, 0xd0, 0xc0, 0x87, 0xbc, 0x8f, 0x5d, 0x74,
  0x50, 0xe6, 0x9b, 0x56, 0x7f, 0x32, 0x7a, 0x23, 0x54, 0xf0, 0x81, 0xc7,
  0xb0, 0x35, 0x9f, 0x4d, 0x91, 0xe0, 0x6f, 0xbb, 0x3c, 0x40, 0xa2, 0x22,
  0xa7, 0xa8, 0xaf, 0xf3, 0x4b, 0x8b, 0xa9, 0x35, 0xa3, 0xa7, 0xbf, 0x9d,
  0x0a, 0x77, 0x7c, 0x2b, 0x85, 0xb4, 0xd8, 0xb1, 0x40, 0xbc, 0x85, 0x25,
  0xb5, 0x9c, 0xae, 0x61, 0x07, 0xa1, 0x54, 0x34, 0x9b, 0x90, 0xdf, 0x88,
  0x7f, 0xbc, 0x28, 0x5f, 0xa0, 0x82, 0xc0, 0x58, 0x3b, 0x72, 0x34, 0x70,
  0x95, 0xa0, 0xd3, 0x95, 0xa0, 0x83, 0x53, 0xa0, 0x8a, 0x8f, 0xbc, 0x69,
  0x4c, 0x65, 0x66, 0x62, 0x76, 0xd8, 0xbc, 0xa6, 0x99, 0x78, 0x83, 0x58,
  0xa1, 0xc4, 0x90, 0x72, 0x28, 0x81, 0x55, 0x29, 0xc8, 0xb2, 0x85, 0xb2,
  0x85, 0xb3, 0x42, 0x59, 0xd7, 0x7f, 0xa6, 0x6f, 0x42, 0xa4, 0x23, 0x61,
  0xcd, 0x81, 0xb2, 0xb3, 0x93, 0x94, 0x39, 0x99, 0xa7, 0x61, 0xb4, 0x56,
  0x37, 0x8f, 0x40, 0x7b, 0x80, 0x96, 0xe5, 0x7f, 0x8e, 0xa7, 0x5c, 0x97,
  0x61, 0xa1, 0xd1, 0x36, 0x69, 0x7e, 0x64, 0x6b, 0x69, 0xd2, 0xb6, 0x78,
  0xb4, 0x7f, 0x8b, 0x75, 0x85, 0xcd, 0x82, 0x67, 0x6c, 0x70, 0x73, 0x47,
  0x95, 0xb5, 0x9a, 0xca, 0x94, 0x8b, 0x8b, 0x58, 0x96, 0x8a, 0x9c, 0x98,
  0x1b, 0x5f, 0x7c, 0x40, 0x88, 0x8d, 0xc7, 0xbd, 0x6c, 0xa5, 0x89, 0x4f,
  0x98, 0x81, 0xb5, 0x92, 0x19, 0x8c, 0x74, 0x41, 0x9a, 0x9d, 0xcb, 0xa2,
  0x88, 0xc9, 0x62, 0x6e, 0xae, 0x83, 0xa9, 0x85, 0x4c, 0x78, 0x6e, 0x62,
  0x8d, 0x9b, 0x9a, 0x9e, 0xbd, 0x92, 0x76, 0x93, 0x89, 0x83, 0x83, 0x9e,
  0x69, 0x40, 0x91, 0x5d, 0x65, 0x9a, 0x7e, 0xc6, 0xa1, 0x65, 0xb8, 0x6c,
  0x6a, 0x9d, 0x74, 0xb1, 0x4e, 0x43, 0xb4, 0x3f, 0x63, 0x9f, 0x7b, 0xc9,
  0x7b, 0x9d, 0xc9, 0x42, 0x86, 0x98, 0x75, 0xa4, 0x5d, 0x5b, 0x7c, 0x3e,
  0x85, 0x73, 0x82, 0xbe, 0x7d, 0xa4, 0x9b, 0x66, 0x85, 0x76, 0x94, 0x96,
  0x6d, 0x4e, 0x5c, 0x9c, 0x56, 0x5b, 0xc9, 0x8f, 0x7d, 0x99, 0xa4, 0xb2,
  0x5b, 0x79, 0xba, 0x83, 0x88, 0x3b, 0x75, 0xa6, 0x1a, 0x86, 0x9e, 0x72,
  0xb3, 0x82, 0xb1, 0xb8, 0x60, 0xaa, 0x88, 0x78, 0xa2, 0x3d, 0x67, 0x80,
  0x52, 0x8d, 0x68, 0x8c, 0xbc, 0x72, 0x92, 0xba, 0xa9, 0x88, 0x6c, 0x9c,
  0x94, 0x51, 0x4f, 0x71, 0x85, 0x4c, 0x56, 0x9d, 0x9f, 0x93, 0x83, 0xb6,
  0xa9, 0x66, 0x96, 0x9a, 0x80, 0x96, 0x6b, 0x82, 0x87, 0x61, 0x91, 0x84,
  0x73, 0x96, 0x80, 0x94, 0x80, 0x78, 0xa7, 0x7b, 0x95, 0xad, 0x67, 0x8f,
  0x7c, 0x7f, 0x91, 0x6c, 0x9f, 0x70, 0x5c, 0x99, 0x79, 0x8e, 0x78, 0x70,
  0xb4, 0x6c, 0x72, 0xa7, 0x82, 0x8d, 0x6c, 0x86, 0xa2, 0x5b, 0x8e, 0x85,
  0x6b, 0x95, 0x6a, 0x8d, 0x86, 0x55, 0xa2, 0x7c, 0x75, 0xa2, 0x7d, 0x97,
  0x6f, 0x70, 0xb3, 0x63, 0x7e, 0x97, 0x72, 0x92, 0x55, 0x7f, 0xa8, 0x61,
  0x93, 0x82, 0x7c, 0x8e, 0x5e, 0xa8, 0x83, 0x5b, 0x9d, 0x71, 0x78, 0x84,
  0x6d, 0x9b, 0x6e, 0x79, 0x99, 0x67, 0x8f, 0x77, 0x8a, 0xa2, 0x66, 0x9d,
  0x95, 0x5f, 0x90, 0x7d, 0x7f, 0x78, 0x6f, 0xa0, 0x69, 0x75, 0x99, 0x7c,
  0x95, 0x70, 0x79, 0x9e, 0x67, 0x82, 0x95, 0x86, 0x8d, 0x6f, 0x8c, 0x80,
  0x6c, 0xa0, 0x72, 0x7e, 0x95, 0x6e, 0x8e, 0x77, 0x88, 0x9b, 0x6f, 0x95,
  0x90, 0x91, 0x86, 0x70, 0xb0, 0x88, 0x6a, 0xaa, 0x7b, 0x76, 0x81, 0x79,
  0xab, 0x70, 0x82, 0xae, 0x7f, 0x84, 0x6d, 0x98, 0xac, 0x49, 0x83, 0x8f,
  0x5e, 0x8a, 0x6d, 0x85, 0x81, 0x66, 0x9d, 0x7d, 0x8a, 0xa9, 0x73, 0x8d,
  0x7c, 0x81, 0xa6, 0x4d, 0x62, 0x98, 0x80, 0x79, 0x61, 0x9a, 0x9a, 0x5e,
  0xa8, 0xa2, 0x9b, 0xb4, 0x74, 0x81, 0x86, 0x5b, 0x84, 0x6b, 0x63, 0x8f,
  0x79, 0x7e, 0x7d, 0xa0, 0xa9, 0x83, 0xaa, 0xa4, 0x7d, 0x93, 0x5b, 0x59,
  0x7b, 0x38, 0x5f, 0x6a, 0x66, 0x87, 0x7a, 0xa5, 0x96, 0x9c, 0xbc, 0x82,
  0x91, 0x9c, 0x8a, 0x79, 0x3a, 0x6a, 0x68, 0x34, 0x78, 0x76, 0x94, 0xa7,
  0x7a, 0xd1, 0xb3, 0x84, 0xbc, 0x94, 0x90, 0x87, 0x70, 0x4f, 0x49, 0x70,
  0x54, 0x5c, 0x8a, 0x7f, 0xb3, 0x9e, 0x80, 0xd6, 0x9a, 0x80, 0x96, 0x85,
  0x93, 0x4b, 0x32, 0x78, 0x5e, 0x49, 0x60, 0x7d, 0x9b, 0x80, 0x9a, 0xc3,
  0xa3, 0xa5, 0x8d, 0x8e, 0x89, 0x64, 0x97, 0x52, 0x41, 0x8c, 0x40, 0x57,
  0x8a, 0x86, 0xbc, 0x95, 0xa8, 0xd7, 0x8b, 0x9c, 0x99, 0x8e, 0x93, 0x5b,
  0x83, 0x5a, 0x46, 0x79, 0x4d, 0x7e, 0x83, 0x7c, 0xbb, 0x83, 0xa4, 0xc5,
  0x8a, 0x9c, 0x79, 0x71, 0x99, 0x62, 0x57, 0x5d, 0x5d, 0x62, 0x50, 0x83,
  0x86, 0x8f, 0xc1, 0x97, 0xa6, 0xad, 0x83, 0x92, 0x76, 0x79, 0x93, 0x5d,
  0x46, 0x6f, 0x6d, 0x58, 0x5d, 0x97, 0xa1, 0x8a, 0xa1, 0xae, 0xa4, 0x96,
  0x8e, 0x9d, 0x81, 0x76, 0x8f, 0x56, 0x48, 0x6d, 0x6b, 0x6c, 0x68, 0x91,
  0xb9, 0x91, 0xa1, 0xc6, 0xba, 0x8d, 0x83, 0x9c, 0x7f, 0x6b, 0x86, 0x5a,
  0x61, 0x67, 0x4f, 0x7c, 0x72, 0x82, 0xb5, 0xaa, 0xaa, 0xa7, 0xae, 0x9d,
  0x79, 0x8b, 0x7e, 0x74, 0x7f, 0x43, 0x59, 0x73, 0x54, 0x72, 0x7f, 0x8a,
  0xa4, 0x9e, 0xa5, 0x99, 0xa0, 0x94, 0x67, 0x7a, 0x7c, 0x7a, 0x84, 0x4a,
  0x66, 0x7f, 0x58, 0x73, 0x89, 0x98, 0x9d, 0x9d, 0xc9, 0xab, 0x8f, 0xa2,
  0x7f, 0x77, 0x88, 0x7f, 0x8b, 0x5e, 0x50, 0x79, 0x64, 0x74, 0x80, 0x99,
  0xa6, 0x8a, 0xbd, 0xaa, 0x90, 0xa7, 0x81, 0x71, 0x6e, 0x7d, 0x8d, 0x52,
  0x48, 0x78, 0x66, 0x59, 0x5d, 0x8e, 0xa4, 0x7b, 0xa8, 0xbf, 0x99, 0x7b,
  0x7f, 0x88, 0x61, 0x69, 0x93, 0x72, 0x4e, 0x62, 0x7e, 0x6b, 0x5a, 0x93,
  0xab, 0x91, 0x9f, 0xac, 0xc0, 0x8f, 0x7f, 0xa4, 0x6d, 0x61, 0x8a, 0x84,
  0x6c, 0x4b, 0x7b, 0x89, 0x4e, 0x82, 0x9b, 0x97, 0xa4, 0x92, 0xc0, 0xa4,
  0x67, 0x9a, 0x7f, 0x5d, 0x87, 0x86, 0x80, 0x54, 0x6a, 0x96, 0x4c, 0x71,
  0xa7, 0x8e, 0xa0, 0x98, 0xb2, 0xc4, 0x6c, 0x8d, 0xa4, 0x60, 0x74, 0x87,
  0x9f, 0x64, 0x3f, 0xa1, 0x79, 0x48, 0x90, 0x93, 0xa2, 0x9b, 0x9d, 0xd7,
  0x86, 0x75, 0x9b, 0x68, 0x70, 0x72, 0x95, 0x8a, 0x34, 0x76, 0x8c, 0x42,
  0x70, 0x9b, 0xa2, 0x92, 0x8d, 0xca, 0xab, 0x7a, 0x93, 0x95, 0x79, 0x5a,
  0x82, 0xb2, 0x5e, 0x51, 0xa3, 0x7d, 0x58, 0x7e, 0xaa, 0xa6, 0x92, 0xb5,
  0xc1, 0xa1, 0x80, 0x88, 0x94, 0x6f, 0x73, 0x9a, 0x7f, 0x53, 0x65, 0x87,
  0x5e, 0x51, 0xa8, 0x95, 0x7c, 0xaa, 0xa1, 0xa5, 0x87, 0x71, 0x97, 0x65,
  0x55, 0x8c, 0x80, 0x7a, 0x44, 0x79, 0x94, 0x2e, 0x87, 0xa6, 0x7f, 0xa2,
  0xa1, 0xb2, 0xa2, 0x6e, 0x9a, 0x7f, 0x64, 0x88, 0x85, 0x98, 0x52, 0x4f,
  0xa6, 0x5a, 0x53, 0xac, 0x95, 0x8a, 0x96, 0xb2, 0xaf, 0x79, 0x8b, 0x8f,
  0x6e, 0x6b, 0x7a, 0xa1, 0x79, 0x47, 0x7e, 0x95, 0x47, 0x60, 0xa6, 0x8d,
  0x88, 0xaf, 0xba, 0x9a, 0x85, 0x83, 0x85, 0x67, 0x69, 0x96, 0x96, 0x60,
  0x48, 0x8a, 0x7a, 0x37, 0x86, 0xb7, 0x78, 0x8b, 0xb3, 0xb4, 0x9d, 0x80,
  0x90, 0x82, 0x55, 0x78, 0x92, 0x89, 0x62, 0x52, 0x9c, 0x62, 0x42, 0xa9,
  0x91, 0x89, 0xb4, 0xa2, 0xb0, 0x8b, 0x81, 0x9c, 0x61, 0x7b, 0x9a, 0x85,
  0x88, 0x51, 0x83, 0x94, 0x34, 0x8b, 0xb7, 0x79, 0x9c, 0xaf, 0xb6, 0x9f,
  0x7c, 0xa0, 0x7d, 0x59, 0x82, 0x85, 0x94, 0x60, 0x4f, 0x9b, 0x58, 0x3a,
  0x9c, 0x93, 0x82, 0x95, 0xac, 0xaa, 0x76, 0x8b, 0x8c, 0x63, 0x6e, 0x82,
  0x96, 0x7f, 0x49, 0x6c, 0x92, 0x52, 0x5b, 0xa4, 0x91, 0x7a, 0xb0, 0xbd,
  0xa7, 0x95, 0x88, 0x95, 0x68, 0x69, 0x9f, 0x8b, 0x82, 0x60, 0x7c, 0x94,
  0x3f, 0x77, 0xbc, 0x7b, 0x96, 0xb3, 0xa7, 0xa3, 0x77, 0x8b, 0x9d, 0x49,
  0x7b, 0x9e, 0x89, 0x6e, 0x2a, 0xac, 0x74, 0x33, 0x9c, 0x90, 0x8b, 0x90,
  0xa1, 0xb4, 0x8f, 0x6c, 0x9d, 0x65, 0x73, 0x8c, 0x77, 0x9e, 0x43, 0x70,
  0x8c, 0x3e, 0x6f, 0xa0, 0x81, 0x90, 0x9d, 0xb1, 0xa1, 0x73, 0x9f, 0x6e,
  0x89, 0x6c, 0x95, 0x8d, 0x50, 0x6b, 0x84, 0x71, 0x44, 0x89, 0xbe, 0x6f,
  0x94, 0xda, 0x9f, 0x8c, 0x86, 0xa2, 0x7b, 0x43, 0xbc, 0x97, 0x7e, 0x66,
  0x78, 0x9f, 0x33, 0x5a, 0xc5, 0x8f, 0x6a, 0xac, 0xcf, 0x91, 0x57, 0xba,
  0x99, 0x50, 0x71, 0xa3, 0xa8, 0x41, 0x52, 0xa5, 0x7b, 0x15, 0x83, 0xc8,
  0x8c, 0x68, 0xb9, 0xe0, 0x65, 0x66, 0x9b, 0x95, 0x4e, 0x74, 0xb8, 0x95,
  0x3e, 0x54, 0xa1, 0x5f, 0x3f, 0x85, 0xc9, 0x8f, 0x94, 0xc3, 0xba, 0x85,
  0x5c, 0x9a, 0x78, 0x71, 0x74, 0x87, 0x88, 0x57, 0x74, 0x87, 0x64, 0x8f,
  0x80, 0x9c, 0xb8, 0x96, 0xb8, 0x94, 0x9f, 0xa1, 0x46, 0x95, 0xa4, 0x91,
  0x66, 0x5b, 0xa0, 0x73, 0x2b, 0x97, 0xa9, 0x9e, 0x91, 0xa3, 0xe1, 0x7c,
  0x68, 0x99, 0x89, 0x55, 0x53, 0xab, 0x91, 0x41, 0x6d, 0xa3, 0x59, 0x55,
  0x6b, 0xa9, 0x8b, 0x70, 0xb8, 0xb8, 0x8b, 0x6f, 0x89, 0x9c, 0x4e, 0x80,
  0xb3, 0x63, 0x59, 0x7e, 0x88, 0x75, 0x5e, 0xba, 0xa9, 0x94, 0x9e, 0xa4,
  0xca, 0x63, 0x71, 0xb2, 0x70, 0x7b, 0x89, 0x92, 0x77, 0x3c, 0x94, 0x70,
  0x65, 0x8e, 0x78, 0xc0, 0x98, 0x7b, 0xc4, 0x91, 0x74, 0x61, 0x6f, 0x99,
  0x67, 0x6a, 0x7d, 0x50, 0x84, 0x41, 0x66, 0xa8, 0x6f, 0x8b, 0xb0, 0xa1,
  0x96, 0x79, 0x94, 0x8e, 0x65, 0x7f, 0x8b, 0x8f, 0x72, 0x3b, 0x97, 0x79,
  0x48, 0x88, 0x9c, 0x99, 0x91, 0x9f, 0xc8, 0x99, 0x81, 0x7e, 0x7b, 0x87,
  0x5e, 0x78, 0x9b, 0x59, 0x5f, 0x72, 0x7b, 0x75, 0x6f, 0x91, 0xbd, 0xa4,
  0x7d, 0x9a, 0xb1, 0x75, 0x5b, 0x7e, 0xa8, 0x74, 0x53, 0x90, 0x85, 0x71,
  0x5f, 0x7f, 0xa2, 0x69, 0x9b, 0xcc, 0x9d, 0xa1, 0x8f, 0xa9, 0x72, 0x44,
  0xa0, 0x91, 0x66, 0x75, 0x75, 0x92, 0x4a, 0x5e, 0xb5, 0x71, 0x7b, 0xb2,
  0xb0, 0xa4, 0x73, 0xa9, 0x9b, 0x3c, 0x77, 0xa7, 0x7d, 0x52, 0x4e, 0xb5,
  0x64, 0x3f, 0xb8, 0x9c, 0x8b, 0x9e, 0xa4, 0xd0, 0x81, 0x85, 0xa4, 0x72,
  0x7a, 0x7c, 0x9a, 0x84, 0x53, 0x97, 0x70, 0x60, 0xa2, 0x87, 0x8f, 0xab,
  0xb9, 0xa8, 0x76, 0xab, 0x8c, 0x5b, 0x72, 0x8c, 0x9f, 0x51, 0x50, 0xa9,
  0x71, 0x3c, 0x8f, 0xc5, 0x83, 0x64, 0xc0, 0xc7, 0x71, 0x75, 0xa7, 0x94,
  0x4e, 0x71, 0xba, 0x7e, 0x3e, 0x6d, 0xab, 0x61, 0x46, 0xac, 0xc6, 0x8b,
  0x9e, 0xbe, 0xad, 0x74, 0x75, 0x9d, 0x77, 0x6a, 0x8a, 0x85, 0x75, 0x58,
  0x74, 0x7b, 0x67, 0x84, 0x9f, 0x97, 0x9c, 0x97, 0xb0, 0x8e, 0x7b, 0x88,
  0x68, 0x83, 0x85, 0x71, 0x75, 0x6a, 0x81, 0x6d, 0x71, 0x92, 0x90, 0xab,
  0xb0, 0x95, 0xad, 0x88, 0x86, 0x7e, 0x68, 0x93, 0x94, 0x73, 0x5f, 0x79,
  0x8c, 0x4f, 0x77, 0xa6, 0x7e, 0xa1, 0xa6, 0x93, 0xad, 0x86, 0x8f, 0x7e,
  0x69, 0x86, 0x6e, 0x76, 0x60, 0x64, 0x94, 0x5f, 0x74, 0xa6, 0x74, 0xa1,
  0xb0, 0x9d, 0x9d, 0x97, 0xb1, 0x67, 0x68, 0xae, 0x86, 0x6e, 0x66, 0x89,
  0x94, 0x2e, 0x75, 0xc5, 0x89, 0x7e, 0xb1, 0xe3, 0x7d, 0x66, 0xc8, 0x98,
  0x52, 0x74, 0xa8, 0x8c, 0x32, 0x5e, 0xab, 0x69, 0x47, 0x8f, 0xbd, 0x83,
  0x7a, 0xc1, 0xb2, 0x78, 0x79, 0x97, 0x7b, 0x6d, 0x8d, 0x8f, 0x67, 0x5e,
  0x7e, 0x6b, 0x61, 0x80, 0xa5, 0x90, 0x9c, 0xb1, 0xae, 0x93, 0x88, 0x9e,
  0x75, 0x5c, 0xa0, 0x95, 0x5a, 0x5d, 0x88, 0x7f, 0x53, 0x7f, 0xb7, 0x86,
  0x91, 0xb0, 0xaf, 0xa2, 0x74, 0x9f, 0x92, 0x4b, 0x8d, 0x93, 0x68, 0x4e,
  0x7b, 0x91, 0x3d, 0x68, 0xb6, 0x9a, 0x98, 0x99, 0xbb, 0xab, 0x5c, 0x87,
  0x9b, 0x6b, 0x6e, 0x72, 0x8c, 0x51, 0x4c, 0x88, 0x6d, 0x6b, 0x84, 0x8e,
  0xb0, 0x80, 0x9a, 0xc2, 0x8f, 0x86, 0x71, 0x86, 0x92, 0x5a, 0x66, 0x73,
  0x68, 0x64, 0x59, 0x9a, 0x99, 0x79, 0xb1, 0xb6, 0xab, 0x95, 0x8a, 0xb2,
  0x73, 0x62, 0xa6, 0x99, 0x5f, 0x4e, 0x88, 0x81, 0x4f, 0x87, 0x9e, 0x9d,
  0xa6, 0x92, 0xbd, 0xad, 0x87, 0x9d, 0x84, 0x80, 0x78, 0x7e, 0x5e, 0x57,
  0x8a, 0x55, 0x5f, 0xa7, 0x86, 0x97, 0xa5, 0xb3, 0xb1, 0x74, 0x9a, 0x8e,
  0x6b, 0x7e, 0x7f, 0x88, 0x43, 0x54, 0x89, 0x54, 0x62, 0x8d, 0xb0, 0xa8,
  0x7d, 0xc5, 0xbe, 0x80, 0x9b, 0x93, 0x87, 0x7c, 0x7d, 0x76, 0x4d, 0x6b,
  0x6c, 0x75, 0x85, 0x6d, 0xb4, 0xc8, 0x7d, 0xb1, 0xbc, 0x96, 0x8a, 0x7e,
  0x9a, 0x86, 0x52, 0x56, 0x7e, 0x7c, 0x30, 0x69, 0xba, 0x75, 0x83, 0xb7,
  0xc2, 0xa2, 0x80, 0xaf, 0x9f, 0x5e, 0x7b, 0x81, 0x69, 0x47, 0x53, 0x7a,
  0x65, 0x61, 0x8d, 0xa7, 0x9f, 0x93, 0xb5, 0xae, 0x96, 0xa4, 0x7d, 0x7f,
  0x9d, 0x57, 0x40, 0x79, 0x5f, 0x58, 0x63, 0x81, 0x9b, 0x8c, 0x9f, 0xad,
  0xc3, 0x99, 0x7d, 0xae, 0x88, 0x6a, 0x71, 0x63, 0x71, 0x5a, 0x5c, 0x85,
  0x7f, 0x73, 0x87, 0xb4, 0xa3, 0x83, 0x9b, 0xa4, 0x9a, 0x7a, 0x96, 0xab,
  0x66, 0x63, 0x7b, 0x80, 0x73, 0x67, 0x94, 0x86, 0x6e, 0x8d, 0xa1, 0x99,
  0x7e, 0x85, 0xa5, 0x74, 0x7b, 0x93, 0x86, 0x7e, 0x79, 0x94, 0x8a, 0x7b,
  0x8a, 0x8c, 0x72, 0x7c, 0x89, 0x91, 0x72, 0x6f, 0x92, 0x80, 0x6f, 0x7c,
  0x94, 0x7d, 0x65, 0x85, 0x94, 0x7d, 0x7a, 0x93, 0x94, 0x88, 0x7a, 0x94,
  0x94, 0x77, 0x7a, 0x85, 0x90, 0x77, 0x7f, 0x99, 0x86, 0x80, 0x8e, 0x92,
  0x93, 0x7f, 0x88, 0x96, 0x8d, 0x97, 0x7d, 0x92, 0x8d, 0x77, 0x89, 0x84,
  0x8b, 0x83, 0x6d, 0x83, 0x90, 0x84, 0x86, 0x87, 0xa8, 0x75, 0x69, 0x9f,
  0x89, 0x81, 0x77, 0x8f, 0x8d, 0x66, 0x6d, 0x92, 0x82, 0x71, 0x6b, 0x9a,
  0x9c, 0x63, 0x9e, 0x97, 0x88, 0x85, 0x89, 0xa4, 0x84, 0x72, 0x88, 0x88,
  0x82, 0x72, 0x8b, 0x9c, 0x68, 0x87, 0x97, 0x87, 0x90, 0x8b, 0x92, 0x7a,
  0x83, 0x99, 0x8b, 0x8c, 0x86, 0x8d, 0x92, 0x70, 0x84, 0x9d, 0x74, 0x71,
  0x90, 0x9a, 0x77, 0x79, 0xa2, 0x8a, 0x84, 0x8d, 0x93, 0x94, 0x77, 0x79,
  0x8f, 0x89, 0x77, 0x7d, 0x97, 0x74, 0x64, 0x8c, 0x84, 0x83, 0x84, 0x81,
  0x87, 0x85, 0x86, 0x85, 0x90, 0x89, 0x75, 0x82, 0x8e, 0x7c, 0x7f, 0x7e,
  0x7c, 0x89, 0x7f, 0x7b, 0x8e, 0x8d, 0x6e, 0x7e, 0xa0, 0x8f, 0x6e, 0x89,
  0x92, 0x88, 0x7c, 0x7e, 0x9e, 0x84, 0x67, 0x84, 0x9d, 0x7a, 0x68, 0x94,
  0x98, 0x68, 0x7c, 0xa0, 0x93, 0x7e, 0x73, 0x9b, 0x8c, 0x6b, 0x7e, 0x91,
  0x95, 0x65, 0x79, 0xa3, 0x7b, 0x74, 0x84, 0x8a, 0x83, 0x6f, 0x8f, 0x94,
  0x7b, 0x8c, 0x81, 0x90, 0x83, 0x79, 0x9b, 0x79, 0x79, 0x8d, 0x85, 0x85,
  0x8b, 0x90, 0x89, 0x74, 0x96, 0x94, 0x88, 0x8f, 0x85, 0x94, 0x7c, 0x81,
  0x9d, 0x89, 0x83, 0x8a, 0x91, 0x91, 0x76, 0x83, 0x96, 0x81, 0x89, 0x8b,
  0x93, 0x8f, 0x7a, 0x85, 0x88, 0x8e, 0x83, 0x79, 0x8c, 0x81, 0x7e, 0x85,
  0x81, 0x92, 0x86, 0x78, 0x82, 0x8d, 0x8b, 0x75, 0x89, 0x91, 0x79, 0x7b,
  0x93, 0x9a, 0x80, 0x78, 0x95, 0x96, 0x7d, 0x84, 0x9b, 0x9f, 0x73, 0x82,
  0xaf, 0x8c, 0x6e, 0x81, 0x9e, 0x8a, 0x6c, 0x8b, 0x9c, 0x7d, 0x73, 0x8e,
  0x9f, 0x84, 0x6a, 0x92, 0x9b, 0x73, 0x71, 0x96, 0x8d, 0x6d, 0x78, 0x91,
  0x7f, 0x7c, 0x82, 0x88, 0x87, 0x71, 0x7f, 0x8d, 0x83, 0x7d, 0x8a, 0x8e,
  0x82, 0x89, 0x89, 0x82, 0x82, 0x8c, 0x7f, 0x82, 0x91, 0x8b, 0x81, 0x7f,
  0x8c, 0x89, 0x8b, 0x7b, 0x84, 0x93, 0x73, 0x82, 0x95, 0x89, 0x7d, 0x85,
  0x89, 0x7e, 0x74, 0x8a, 0x7d, 0x7b, 0x83, 0x6f, 0x8a, 0x7c, 0x73, 0x87,
  0x7a, 0x7d, 0x82, 0x7a, 0x7d, 0x7b, 0x8a, 0x75, 0x6c, 0x9d, 0x81, 0x73,
  0x89, 0x86, 0x89, 0x74, 0x80, 0x9b, 0x83, 0x79, 0x88, 0xa1, 0x8f, 0x63,
  0x92, 0x9c, 0x6a, 0x7e, 0x96, 0x94, 0x74, 0x74, 0x95, 0x8d, 0x77, 0x78,
  0x99, 0x97, 0x65, 0x7a, 0xa1, 0x83, 0x6d, 0x81, 0x94, 0x77, 0x6f, 0x89,
  0x87, 0x7c, 0x72, 0x80, 0x92, 0x7a, 0x74, 0x89, 0x88, 0x7d, 0x82, 0x8c,
  0x88, 0x78, 0x86, 0x82, 0x7f, 0x93, 0x82, 0x89, 0x8c, 0x80, 0x86, 0x85,
  0x8a, 0x8a, 0x7b, 0x85, 0x8a, 0x8f, 0x8a, 0x7a, 0x95, 0x8a, 0x75, 0x87,
  0x8e, 0x83, 0x7c, 0x7d, 0x8f, 0x86, 0x7e, 0x85, 0x87, 0x87, 0x7c, 0x89,
  0x91, 0x7d, 0x7f, 0x8b, 0x84, 0x86, 0x89, 0x87, 0x82, 0x80, 0x8a, 0x7e,
  0x7f, 0x8e, 0x8c, 0x7f, 0x7e, 0x90, 0x8b, 0x77, 0x76, 0x8e, 0x8a, 0x6a,
  0x7b, 0x96, 0x7f, 0x6b, 0x7e, 0x99, 0x7b, 0x65, 0x89, 0x8f, 0x77, 0x6d,
  0x82, 0x9e, 0x79, 0x62, 0x91, 0x8b, 0x7b, 0x6d, 0x92, 0x94, 0x65, 0x7d,
  0x8e, 0x87, 0x84, 0x78, 0x92, 0x8d, 0x74, 0x88, 0x88, 0x8c, 0x7d, 0x80,
  0x94, 0x83, 0x81, 0x8a, 0x82, 0x8a, 0x82, 0x82, 0x83, 0x84, 0x86, 0x7b,
  0x88, 0x8b, 0x7f, 0x80, 0x7f, 0x82, 0x7f, 0x72, 0x7e, 0x85, 0x77, 0x70,
  0x7d, 0x89, 0x6d, 0x74, 0x8c, 0x7a, 0x70, 0x78, 0x81, 0x7e, 0x6f, 0x7a,
  0x8a, 0x7d, 0x7a, 0x7c, 0x8b, 0x78, 0x72, 0x91, 0x7e, 0x7a, 0x8b, 0x86,
  0x85, 0x7d, 0x88, 0x90, 0x7a, 0x83, 0x87, 0x7d, 0x84, 0x79, 0x8e, 0x8e,
  0x6e, 0x8f, 0x90, 0x75, 0x7c, 0x8e, 0x93, 0x71, 0x73, 0x95, 0x86, 0x72,
  0x7e, 0x8e, 0x90, 0x69, 0x79, 0x9a, 0x7a, 0x67, 0x7f, 0x93, 0x78, 0x6a,
  0x8a, 0x8d, 0x74, 0x7b, 0x86, 0x8b, 0x7d, 0x6c, 0x8c, 0x8f, 0x7a, 0x7c,
  0x8c, 0x85, 0x7d, 0x86, 0x86, 0x87, 0x83, 0x78, 0x84, 0x87, 0x8b, 0x77,
  0x84, 0x91, 0x80, 0x7d, 0x85, 0x86, 0x88, 0x78, 0x7f, 0x93, 0x87, 0x7c,
  0x82, 0x94, 0x82, 0x73, 0x8e, 0x8c, 0x79, 0x7c, 0x8a, 0x91, 0x85, 0x81,
  0x8f, 0x8d, 0x7b, 0x7c, 0x92, 0x8c, 0x77, 0x8c, 0x8f, 0x82, 0x81, 0x8e,
  0x89, 0x7c, 0x86, 0x84, 0x82, 0x81, 0x76, 0x8b, 0x85, 0x75, 0x8b, 0x88,
  0x7f, 0x75, 0x84, 0x89, 0x6e, 0x83, 0x92, 0x7b, 0x7b, 0x83, 0x86, 0x88,
  0x71, 0x86, 0x8f, 0x73, 0x79, 0x8b, 0x91, 0x7a, 0x6f, 0x9e, 0x8e, 0x76,
  0x8c, 0x87, 0x8c, 0x7d, 0x7a, 0x95, 0x82, 0x7b, 0x8a, 0x8d, 0x88, 0x72,
  0x87, 0x94, 0x78, 0x7c, 0x89, 0x86, 0x8a, 0x7c, 0x86, 0x8d, 0x7e, 0x7f,
  0x7b, 0x8c, 0x89, 0x76, 0x85, 0x86, 0x86, 0x83, 0x7c, 0x8c, 0x8c, 0x73,
  0x7a, 0x8e, 0x89, 0x6f, 0x7b, 0x93, 0x7b, 0x73, 0x86, 0x8f, 0x87, 0x73,
  0x7f, 0x94, 0x7f, 0x6e, 0x87, 0x95, 0x79, 0x74, 0x8a, 0x87, 0x7c, 0x78,
  0x88, 0x87, 0x78, 0x87, 0x8b, 0x81, 0x84, 0x80, 0x89, 0x87, 0x75, 0x8e,
  0x83, 0x7b, 0x89, 0x89, 0x84, 0x7c, 0x8b, 0x90, 0x78, 0x8a, 0x91, 0x87,
  0x85, 0x81, 0x93, 0x8d, 0x79, 0x7f, 0x97, 0x8b, 0x74, 0x87, 0x91, 0x7e,
  0x75, 0x89, 0x8b, 0x77, 0x80, 0x86, 0x86, 0x7e, 0x72, 0x8a, 0x8c, 0x74,
  0x7f, 0x82, 0x83, 0x7e, 0x80, 0x8c, 0x7d, 0x7d, 0x82, 0x75, 0x87, 0x87,
  0x75, 0x8a, 0x89, 0x7f, 0x7f, 0x85, 0x91, 0x7d, 0x7d, 0x8b, 0x87, 0x89,
  0x7a, 0x86, 0x9f, 0x78, 0x7e, 0x94, 0x8b, 0x80, 0x7a, 0x8e, 0x93, 0x72,
  0x84, 0x8d, 0x86, 0x7d, 0x74, 0xa0, 0x8f, 0x68, 0x8f, 0x7f, 0x81, 0x86,
  0x95, 0x91, 0x57, 0x70, 0x99, 0xa4, 0x5b, 0x7e, 0x9e, 0x8f, 0x57, 0x72,
  0xa1, 0x65, 0x77, 0x77, 0x9b, 0x67, 0x6e, 0xa3, 0x6a, 0x91, 0x53, 0x8e,
  0x7f, 0x6e, 0x9d, 0x7b, 0x84, 0x71, 0x84, 0x99, 0x82, 0x74, 0x8d, 0x73,
  0x90, 0x47, 0x8b, 0xab, 0x73, 0x7d, 0x6f, 0xba, 0x6b, 0x82, 0x7e, 0x99,
  0x88, 0x76, 0x80, 0x90, 0x9b, 0x65, 0x75, 0xa4, 0x82, 0x73, 0x98, 0x69,
  0x91, 0x5c, 0x8f, 0xb6, 0x7e, 0x86, 0x5f, 0xa4, 0x66, 0x77, 0xa4, 0x7b,
  0x69, 0x5e, 0x93, 0x88, 0x79, 0x88, 0x92, 0x76, 0x63, 0x76, 0xb6, 0x66,
  0x69, 0x89, 0x93, 0x8d, 0x4f, 0xc6, 0x80, 0x69, 0x8a, 0x76, 0xb5, 0x59,
  0x6c, 0x9e, 0x7e, 0x92, 0x85, 0x9e, 0x9d, 0x50, 0x8a, 0x7f, 0x88, 0x97,
  0x73, 0x8e, 0x7a, 0x8e, 0x89, 0x97, 0x98, 0x83, 0x83, 0x64, 0x89, 0x8e,
  0x91, 0x7a, 0x8e, 0x9c, 0x6f, 0x78, 0x9e, 0x89, 0x7b, 0x6f, 0x89, 0x9c,
  0x5b, 0x8a, 0x8b, 0xa4, 0x7d, 0x75, 0xa9, 0x68, 0x86, 0x64, 0x83, 0x9b,
  0x77, 0x87, 0x92, 0x74, 0x81, 0x9d, 0x91, 0x80, 0x8b, 0x97, 0x56, 0x9b,
  0x9b, 0x6f, 0x95, 0x8f, 0xa1, 0x74, 0x74, 0xa1, 0x7c, 0x7d, 0x80, 0x98,
  0xa8, 0x47, 0x6c, 0xcb, 0x63, 0x71, 0x9c, 0x92, 0x5f, 0x56, 0xa0, 0xb0,
  0x75, 0x81, 0x96, 0x98, 0x65, 0x53, 0xc8, 0x78, 0x3e, 0xa7, 0x93, 0x83,
  0x5f, 0x9c, 0xb2, 0x5e, 0x85, 0x8f, 0x8f, 0x82, 0x4e, 0xc1, 0x94, 0x57,
  0x92, 0x88, 0x98, 0x52, 0x9b, 0xb3, 0x50, 0x96, 0x7a, 0x6f, 0x7b, 0x71,
  0xa8, 0x7e, 0x82, 0x89, 0x65, 0x81, 0x56, 0x95, 0xa6, 0x3e, 0x9d, 0x87,
  0x6d, 0x82, 0x87, 0xa4, 0x5d, 0x69, 0x90, 0x7a, 0x89, 0x6e, 0x97, 0xa7,
  0x6f, 0x8e, 0x9a, 0x7f, 0x6c, 0x8d, 0xa3, 0x7d, 0x8a, 0x8d, 0x76, 0x87,
  0x8e, 0x92, 0x80, 0x8f, 0x8a, 0x79, 0x78, 0x7e, 0xa5, 0x7d, 0x67, 0x9b,
  0x9e, 0x65, 0x6a, 0xa3, 0x91, 0x50, 0x7b, 0xa5, 0x82, 0x5e, 0x76, 0xb0,
  0x86, 0x58, 0x83, 0xb3, 0x66, 0x4b, 0xa0, 0xae, 0x74, 0x66, 0xa3, 0x9f,
  0x4f, 0x71, 0xb9, 0x96, 0x73, 0x7a, 0xa5, 0x8f, 0x5a, 0x9c, 0xae, 0x7d,
  0x7a, 0x8a, 0x9e, 0x78, 0x6a, 0xa1, 0x83, 0x71, 0x8c, 0x88, 0x8b, 0x71,
  0x85, 0x8a, 0x65, 0x85, 0x88, 0x74, 0x7b, 0x76, 0x99, 0x7f, 0x6a, 0x9c,
  0x7c, 0x6e, 0x81, 0x99, 0x9a, 0x56, 0x95, 0x8e, 0x66, 0x85, 0x83, 0xa0,
  0x6c, 0x66, 0x9a, 0x75, 0x7d, 0x79, 0x96, 0xa2, 0x55, 0x8f, 0x9e, 0x63,
  0x81, 0x77, 0x8f, 0x6f, 0x77, 0x9f, 0x5e, 0x84, 0x83, 0x7d, 0x98, 0x5a,
  0x91, 0x8f, 0x48, 0x8c, 0x9d, 0x89, 0x62, 0x87, 0xa4, 0x51, 0x70, 0xb1,
  0x92, 0x74, 0x6b, 0x94, 0x9d, 0x60, 0x7f, 0xc5, 0x8d, 0x59, 0x84, 0xbf,
  0x7b, 0x4d, 0xa8, 0xaa, 0x6d, 0x6b, 0x95, 0x92, 0x70, 0x5b, 0x96, 0x98,
  0x60, 0x6e, 0x92, 0x8a, 0x5c, 0x81, 0xa0, 0x71, 0x73, 0x81, 0x74, 0x84,
  0x82, 0x7f, 0x89, 0x82, 0x7a, 0x7c, 0x8c, 0x80, 0x9b, 0x8e, 0x68, 0x8d,
  0x93, 0x7e, 0x70, 0xa8, 0x98, 0x70, 0x90, 0x9a, 0x80, 0x82, 0x82, 0x97,
  0xa1, 0x63, 0x8c, 0xa1, 0x83, 0x6c, 0x92, 0xb0, 0x67, 0x77, 0x97, 0x76,
  0x7b, 0x95, 0x8a, 0x89, 0x6b, 0x7a, 0x8b, 0x76, 0x7f, 0x8a, 0x92, 0x6f,
  0x6f, 0xa0, 0x7a, 0x68, 0xa3, 0x90, 0x70, 0x70, 0x98, 0x7f, 0x63, 0x93,
  0x98, 0x8e, 0x6f, 0x7a, 0xaa, 0x72, 0x63, 0x9e, 0xa6, 0x6a, 0x53, 0xa4,
  0x8d, 0x4f, 0x93, 0xa2, 0x89, 0x67, 0x60, 0xad, 0x7e, 0x66, 0x8f, 0x9d,
  0x87, 0x50, 0x9a, 0xb2, 0x69, 0x82, 0x90, 0x86, 0x84, 0x66, 0x8d, 0x8e,
  0x7d, 0x8e, 0x86, 0x92, 0x77, 0x70, 0x8d, 0x7b, 0x89, 0x95, 0x73, 0x86,
  0x8c, 0x76, 0x7f, 0x8b, 0x9d, 0x7b, 0x64, 0x94, 0x83, 0x76, 0x86, 0x97,
  0x9a, 0x66, 0x68, 0xa2, 0x86, 0x6c, 0x81, 0xa0, 0x84, 0x5f, 0x87, 0x98,
  0x7c, 0x74, 0x8d, 0x97, 0x72, 0x77, 0x92, 0x82, 0x7d, 0x82, 0x91, 0x87,
  0x6d, 0x8b, 0x8d, 0x78, 0x87, 0x93, 0x8c, 0x5d, 0x79, 0x9d, 0x74, 0x82,
  0x96, 0x8e, 0x76, 0x65, 0x91, 0x9b, 0x6c, 0x83, 0x96, 0x89, 0x65, 0x7c,
  0xb4, 0x7d, 0x61, 0x9b, 0x9b, 0x73, 0x64, 0x90, 0x9a, 0x69, 0x83, 0x9f,
  0x92, 0x66, 0x64, 0xa5, 0x88, 0x68, 0x8e, 0x99, 0x7a, 0x64, 0x88, 0x93,
  0x83, 0x8a, 0x81, 0x85, 0x78, 0x74, 0x8a, 0x8a, 0x88, 0x84, 0x7c, 0x84,
  0x77, 0x8c, 0x84, 0x6d, 0xa0, 0x7b, 0x5d, 0x93, 0x8b, 0x88, 0x77, 0x8d,
  0xa5, 0x6d, 0x72, 0x87, 0x90, 0x7f, 0x5f, 0xa5, 0xa9, 0x51, 0x71, 0x99,
  0x88, 0x6d, 0x86, 0xab, 0x74, 0x6f, 0x90, 0x90, 0x98, 0x72, 0x80, 0xa6,
  0x67, 0x67, 0x9f, 0x89, 0x73, 0x7f, 0x99, 0x7d, 0x72, 0x9a, 0x8a, 0x83,
  0x8c, 0x86, 0x84, 0x72, 0x73, 0x96, 0x88, 0x76, 0x92, 0x9c, 0x6a, 0x5c,
  0xa2, 0x93, 0x64, 0x8a, 0x96, 0x7d, 0x67, 0x7b, 0xa5, 0x8c, 0x71, 0x86,
  0x98, 0x7c, 0x52, 0x99, 0xa5, 0x6f, 0x84, 0x93, 0x8c, 0x76, 0x7d, 0x97,
  0x86, 0x82, 0x83, 0x7d, 0x90, 0x77, 0x83, 0x9f, 0x7a, 0x87, 0x89, 0x70,
  0x81, 0x86, 0x8d, 0x79, 0x8c, 0x9e, 0x5f, 0x7c, 0x90, 0x82, 0x8a, 0x83,
  0x91, 0x85, 0x62, 0x80, 0xa0, 0x92, 0x68, 0x84, 0xa9, 0x72, 0x61, 0x96,
  0x9e, 0x79, 0x72, 0x9f, 0x97, 0x6a, 0x7a, 0x9b, 0x96, 0x63, 0x76, 0xa4,
  0x81, 0x62, 0x83, 0xa1, 0x83, 0x6c, 0x94, 0x90, 0x6a, 0x81, 0x8e, 0x98,
  0x85, 0x76, 0x91, 0x7b, 0x77, 0x94, 0x89, 0x84, 0x7b, 0x8f, 0x86, 0x62,
  0x8e, 0x9c, 0x76, 0x81, 0x8c, 0x8d, 0x6d, 0x6b, 0xa0, 0x88, 0x72, 0x7c,
  0x89, 0x8c, 0x62, 0x71, 0xaa, 0x7f, 0x6e, 0x83, 0x8a, 0x76, 0x68, 0x94,
  0x95, 0x82, 0x84, 0x82, 0x87, 0x7f, 0x79, 0x92, 0x8a, 0x83, 0x79, 0x7e,
  0x89, 0x85, 0x94, 0x87, 0x77, 0x94, 0x79, 0x6d, 0x8e, 0x8d, 0x83, 0x6e,
  0x8e, 0x99, 0x6a, 0x75, 0x8c, 0x9b, 0x7c, 0x66, 0xa0, 0x8e, 0x59, 0x75,
  0x9a, 0x96, 0x63, 0x7d, 0xb0, 0x65, 0x71, 0x8c, 0x98, 0x8e, 0x60, 0x90,
  0x8f, 0x64, 0x9f, 0x81, 0x9a, 0x7b, 0x61, 0xbb, 0x57, 0x81, 0x8d, 0x92,
  0x84, 0x68, 0xa2, 0x8e, 0x6e, 0x81, 0x81, 0x9a, 0x72, 0x70, 0xac, 0x70,
  0x82, 0x8e, 0x91, 0x85, 0x6f, 0xa9, 0x55, 0x88, 0x91, 0x6e, 0xaa, 0x6f,
  0x7f, 0x96, 0x54, 0x92, 0x9e, 0x80, 0x78, 0x69, 0xa7, 0x64, 0x64, 0xa8,
  0x7b, 0x8f, 0x7b, 0x72, 0xa6, 0x77, 0x7a, 0x89, 0x8b, 0x91, 0x67, 0x8e,
  0x93, 0x67, 0x9d, 0x81, 0x79, 0x99, 0x70, 0x6c, 0x97, 0x8d, 0x8b, 0x77,
  0x92, 0x92, 0x69, 0x7a, 0x88, 0xa3, 0x89, 0x56, 0x94, 0xa7, 0x6a, 0x6f,
  0xb3, 0x9c, 0x66, 0x7d, 0x94, 0x85, 0x71, 0x7e, 0x9a, 0x9d, 0x65, 0x77,
  0xa8, 0x76, 0x60, 0x8c, 0xa2, 0x75, 0x6b, 0xa5, 0x76, 0x79, 0x96, 0x84,
  0x99, 0x70, 0x6f, 0x93, 0x72, 0x86, 0x87, 0xa1, 0x88, 0x56, 0xb3, 0x82,
  0x62, 0xba, 0x7c, 0x7d, 0x86, 0x71, 0x9e, 0x72, 0x91, 0x90, 0x6e, 0xaa,
  0x63, 0x88, 0x99, 0x55, 0xaa, 0x84, 0x6d, 0x96, 0x77, 0x8d, 0x6b, 0x92,
  0xa4, 0x5c, 0x8f, 0x76, 0x74, 0x96, 0x6a, 0x96, 0x99, 0x70, 0x7b, 0x85,
  0x92, 0x72, 0x86, 0x99, 0x69, 0x88, 0x7d, 0x81, 0x8e, 0x88, 0x91, 0x6e,
  0x81, 0x81, 0x70, 0x8d, 0x6b, 0x9b, 0x94, 0x5c, 0x90, 0x90, 0x80, 0x6e,
  0x85, 0xb5, 0x67, 0x61, 0x9b, 0x7f, 0x81, 0x79, 0x91, 0xa6, 0x5a, 0x69,
  0x99, 0x8c, 0x74, 0x73, 0xb1, 0x83, 0x53, 0x8e, 0x94, 0x81, 0x7f, 0x89,
  0x96, 0x7a, 0x72, 0x86, 0x99, 0x88, 0x7b, 0x95, 0x90, 0x76, 0x73, 0x8c,
  0x7f, 0x7b, 0x94, 0x87, 0x7c, 0x84, 0x82, 0x7e, 0x89, 0x89, 0x84, 0x83,
  0x76, 0x7d, 0x8b, 0x83, 0x8b, 0x8f, 0x87, 0x74, 0x73, 0x9b, 0x78, 0x7c,
  0x9e, 0x70, 0x82, 0x8b, 0x7c, 0x97, 0x72, 0x8e, 0x87, 0x70, 0x8e, 0x6b,
  0x95, 0x91, 0x63, 0xb6, 0x79, 0x66, 0x97, 0x70, 0x97, 0x71, 0x92, 0x9f,
  0x54, 0x91, 0x76, 0x7d, 0xa1, 0x65, 0xa6, 0x86, 0x56, 0x91, 0x84, 0x8b,
  0x77, 0x87, 0xa1, 0x57, 0x8b, 0xa8, 0x73, 0x8b, 0x82, 0x93, 0x87, 0x5c,
  0x89, 0x92, 0x85, 0x6e, 0x98, 0xae, 0x53, 0x6d, 0x9c, 0x79, 0x84, 0x84,
  0xa0, 0x8b, 0x6d, 0x7e, 0x87, 0xa3, 0x6d, 0x6c, 0xab, 0x6b, 0x67, 0x90,
  0x87, 0x8d, 0x79, 0x88, 0x81, 0x7a, 0x90, 0x6f, 0x8c, 0x93, 0x6a, 0x8e,
  0x89, 0x7c, 0x8a, 0x83, 0x7d, 0x8a, 0x8c, 0x71, 0x79, 0x97, 0x7e, 0x70,
  0x97, 0x96, 0x74, 0x7e, 0x81, 0x81, 0x8d, 0x7e, 0x83, 0x91, 0x6c, 0x73,
  0x96, 0x92, 0x78, 0x82, 0x99, 0x6a, 0x74, 0x99, 0x80, 0x83, 0x8c, 0x84,
  0x82, 0x83, 0x7e, 0x8c, 0x89, 0x71, 0x8c, 0x93, 0x6c, 0x7a, 0x98, 0x92,
  0x6d, 0x8c, 0xa2, 0x66, 0x73, 0x89, 0x88, 0x95, 0x6e, 0x8b, 0x9a, 0x66,
  0x7f, 0x86, 0x97, 0x7d, 0x62, 0xae, 0x71, 0x63, 0xa6, 0x7a, 0x92, 0x79,
  0x7d, 0xa7, 0x6a, 0x7e, 0x8d, 0x83, 0x96, 0x5a, 0x9c, 0x92, 0x4f, 0x98,
  0x8a, 0x8c, 0x86, 0x74, 0x9e, 0x76, 0x73, 0x8f, 0x82, 0xa3, 0x75, 0x77,
  0x91, 0x6f, 0x89, 0x83, 0x8c, 0x8c, 0x75, 0x8a, 0x77, 0x92, 0x96, 0x6a,
  0x97, 0x8e, 0x7a, 0x77, 0x84, 0x9d, 0x78, 0x7e, 0x8f, 0x83, 0x8b, 0x6b,
  0x88, 0xa0, 0x6e, 0x7d, 0x8f, 0x89, 0x78, 0x77, 0x95, 0x89, 0x77, 0x91,
  0x80, 0x7d, 0x82, 0x77, 0x98, 0x82, 0x75, 0x8e, 0x7c, 0x76, 0x8b, 0x8f,
  0x86, 0x72, 0x8d, 0x8e, 0x5f, 0x84, 0x97, 0x86, 0x89, 0x81, 0x8c, 0x88,
  0x63, 0x89, 0x96, 0x82, 0x71, 0x78, 0xa6, 0x6d, 0x6c, 0xa2, 0x87, 0x88,
  0x85, 0x88, 0x85, 0x75, 0x80, 0x92, 0x90, 0x7e, 0x73, 0x94, 0x81, 0x74,
  0x96, 0x92, 0x7a, 0x7c, 0x90, 0x72, 0x7e, 0x92, 0x7a, 0x8f, 0x82, 0x6c,
  0x8f, 0x7f, 0x81, 0x85, 0x8d, 0x91, 0x70, 0x93, 0x7d, 0x6a, 0xaa, 0x70,
  0x78, 0xa1, 0x73, 0x7e, 0x84, 0x97, 0x87, 0x72, 0x9a, 0x7c, 0x7c, 0x84,
  0x65, 0xa9, 0x83, 0x62, 0x99, 0x8c, 0x75, 0x6f, 0x9c, 0x94, 0x5e, 0x89,
  0x8c, 0x7d, 0x8a, 0x70, 0x97, 0x94, 0x6c, 0x82, 0x91, 0x86, 0x67, 0x89,
  0x9f, 0x6b, 0x87, 0x8d, 0x73, 0x86, 0x86, 0x88, 0x82, 0x7f, 0x82, 0x78,
  0x88, 0x79, 0x8a, 0xa8, 0x6e, 0x7a, 0xa0, 0x6e, 0x76, 0x90, 0x8f, 0x83,
  0x6d, 0x8c, 0x8b, 0x7d, 0x85, 0x83, 0x97, 0x80, 0x5b, 0x90, 0x87, 0x68,
  0x89, 0x8a, 0x8e, 0x80, 0x77, 0x8c, 0x7a, 0x8c, 0x84, 0x74, 0x9d, 0x6a,
  0x71, 0x99, 0x82, 0x98, 0x88, 0x7f, 0x8a, 0x78, 0x80, 0x7a, 0x8e, 0x9a,
  0x6a, 0x8f, 0x8d, 0x71, 0x8c, 0x82, 0x8d, 0x87, 0x75, 0x87, 0x87, 0x82,
  0x74, 0x86, 0x97, 0x76, 0x7f, 0x8f, 0x7b, 0x75, 0x83, 0x95, 0x7a, 0x7d,
  0x8a, 0x84, 0x83, 0x70, 0x8d, 0x9a, 0x6e, 0x7b, 0x87, 0x87, 0x7f, 0x71,
  0xa6, 0x87, 0x67, 0x8d, 0x85, 0x88, 0x7d, 0x7e, 0x93, 0x73, 0x7a, 0x89,
  0x88, 0x8d, 0x76, 0x94, 0x90, 0x6f, 0x87, 0x84, 0x82, 0x86, 0x88, 0x8a,
  0x71, 0x88, 0x8c, 0x7a, 0x87, 0x85, 0x8f, 0x7f, 0x70, 0x85, 0x8c, 0x88,
  0x76, 0x90, 0x97, 0x66, 0x7c, 0x90, 0x84, 0x89, 0x84, 0x8e, 0x85, 0x82,
  0x82, 0x78, 0x94, 0x86, 0x74, 0x97, 0x81, 0x74, 0x87, 0x76, 0x8e, 0x97,
  0x81, 0x7f, 0x84, 0x8a, 0x6b, 0x7a, 0xac, 0x81, 0x78, 0x8e, 0x7f, 0x89,
  0x7e, 0x74, 0xa5, 0x82, 0x63, 0x89, 0x8a, 0x86, 0x67, 0x9c, 0x9c, 0x67,
  0x91, 0x83, 0x7f, 0x8e, 0x6b, 0x91, 0x97, 0x76, 0x85, 0x85, 0x91, 0x74,
  0x87, 0xab, 0x66, 0x7c, 0x95, 0x69, 0x84, 0x8a, 0x86, 0x8d, 0x7a, 0x7e,
  0x82, 0x95, 0x7e, 0x79, 0xa2, 0x6f, 0x6a, 0x94, 0x7f, 0x85, 0x88, 0x90,
  0x76, 0x81, 0x8c, 0x6d, 0x96, 0x88, 0x72, 0x97, 0x83, 0x7c, 0x89, 0x82,
  0x7f, 0x85, 0x92, 0x77, 0x70, 0x9a, 0x74, 0x77, 0xa3, 0x85, 0x83, 0x84,
  0x76, 0x87, 0x87, 0x83, 0x83, 0x8d, 0x81, 0x69, 0x8b, 0x97, 0x74, 0x90,
  0x8b, 0x6f, 0x87, 0x87, 0x7a, 0x83, 0x92, 0x81, 0x80, 0x83, 0x83, 0x85,
  0x80, 0x78, 0x8c, 0x9b, 0x71, 0x6e, 0xa1, 0x7c, 0x6b, 0x9f, 0x9a, 0x7f,
  0x71, 0x7d, 0x8e, 0x86, 0x7a, 0x8d, 0x95, 0x7b, 0x5b, 0x8f, 0x9f, 0x6a,
  0x7d, 0x94, 0x79, 0x79, 0x83, 0x85, 0x91, 0x7f, 0x82, 0x87, 0x87, 0x81,
  0x73, 0x8d, 0x8f, 0x72, 0x95, 0x82, 0x74, 0x8f, 0x7b, 0x80, 0x87, 0x87,
  0x8b, 0x71, 0x88, 0x88, 0x7c, 0x91, 0x78, 0x8a, 0x88, 0x63, 0x8a, 0x8a,
  0x86, 0x84, 0x81, 0x8f, 0x74, 0x81, 0x94, 0x75, 0x8c, 0x81, 0x79, 0x87,
  0x7b, 0x8d, 0x82, 0x7d, 0x90, 0x84, 0x89, 0x74, 0x86, 0x94, 0x71, 0x87,
  0x8f, 0x87, 0x7c, 0x78, 0x99, 0x80, 0x7c, 0x93, 0x79, 0x7f, 0x79, 0x80,
  0x92, 0x80, 0x8b, 0x85, 0x7d, 0x7c, 0x7a, 0x9b, 0x81, 0x6b, 0x97, 0x80,
  0x6a, 0x8d, 0x89, 0x85, 0x7d, 0x87, 0x96, 0x7e, 0x74, 0x7a, 0x8f, 0x91,
  0x6a, 0x88, 0xa5, 0x6b, 0x71, 0x91, 0x8b, 0x84, 0x88, 0x86, 0x85, 0x77,
  0x7a, 0x87, 0x92, 0x85, 0x6c, 0x8f, 0x88, 0x68, 0x8e, 0x8e, 0x80, 0x8d,
  0x80, 0x77, 0x86, 0x91, 0x7b, 0x7d, 0x95, 0x81, 0x74, 0x8e, 0x7e, 0x81,
  0x90, 0x7e, 0x88, 0x95, 0x6f, 0x76, 0x97, 0x87, 0x7a, 0x8e, 0x86, 0x74,
  0x81, 0x89, 0x80, 0x8c, 0x8a, 0x6d, 0x87, 0x87, 0x6c, 0x92, 0x8b, 0x76,
  0x87, 0x88, 0x76, 0x74, 0x9e, 0x87, 0x6d, 0x94, 0x7d, 0x74, 0x92, 0x7a,
  0x90, 0x91, 0x71, 0x87, 0x8d, 0x7b, 0x68, 0x9b, 0x95, 0x66, 0x88, 0x8b,
  0x6e, 0x84, 0x86, 0x8a, 0x8a, 0x83, 0x7f, 0x7f, 0x90, 0x73, 0x8c, 0xa2,
  0x6d, 0x83, 0x90, 0x7c, 0x7f, 0x83, 0x91, 0x7b, 0x85, 0x91, 0x74, 0x8f,
  0x7a, 0x79, 0xa5, 0x78, 0x76, 0x8e, 0x7f, 0x79, 0x81, 0x94, 0x8b, 0x7f,
  0x92, 0x7a, 0x7c, 0x8f, 0x6c, 0x8a, 0x9b, 0x79, 0x85, 0x87, 0x86, 0x87,
  0x86, 0x87, 0x86, 0x87, 0x7e, 0x7a, 0x9b, 0x8a, 0x69, 0x8a, 0x8e, 0x80,
  0x84, 0x80, 0x8f, 0x83, 0x75, 0x83, 0x8a, 0x8a, 0x70, 0x80, 0x9f, 0x7e,
  0x79, 0x93, 0x7d, 0x81, 0x87, 0x8a, 0x8a, 0x84, 0x87, 0x7f, 0x82, 0x88,
  0x85, 0x88, 0x7e, 0x7b, 0x89, 0x7e, 0x79, 0x8b, 0x96, 0x7c, 0x78, 0x8d,
  0x81, 0x7d, 0x82, 0x8c, 0x90, 0x77, 0x80, 0x89, 0x85, 0x80, 0x79, 0x9e,
  0x8c, 0x6e, 0x86, 0x86, 0x82, 0x81, 0x85, 0x97, 0x7a, 0x7f, 0x87, 0x75,
  0x8b, 0x7f, 0x85, 0x91, 0x79, 0x80, 0x88, 0x86, 0x86, 0x87, 0x8e, 0x77,
  0x7c, 0x87, 0x7a, 0x87, 0x86, 0x87, 0x86, 0x88, 0x81, 0x74, 0x8e, 0x7e,
  0x80, 0x91, 0x7a, 0x85, 0x81, 0x79, 0x89, 0x85, 0x89, 0x7a, 0x83, 0x90,
  0x66, 0x82, 0x9f, 0x7a, 0x83, 0x84, 0x82, 0x87, 0x73, 0x88, 0x8f, 0x85,
  0x7b, 0x6f, 0xa1, 0x84, 0x69, 0xa0, 0x85, 0x74, 0x88, 0x85, 0x89, 0x81,
  0x7d, 0x89, 0x86, 0x85, 0x75, 0x88, 0x8f, 0x6f, 0x8b, 0x93, 0x6a, 0x82,
  0x89, 0x76, 0x87, 0x8b, 0x87, 0x79, 0x80, 0x83, 0x76, 0x8d, 0x82, 0x83,
  0x97, 0x6e, 0x70, 0x9b, 0x87, 0x7a, 0x8f, 0x93, 0x7e, 0x75, 0x8a, 0x7a,
  0x8d, 0x87, 0x77, 0x96, 0x88, 0x6d, 0x85, 0x8c, 0x7f, 0x7a, 0x97, 0x7e,
  0x79, 0x90, 0x6f, 0x7e, 0x9d, 0x78, 0x7f, 0x8a, 0x85, 0x7b, 0x81, 0x98,
  0x7c, 0x8d, 0x8b, 0x6a, 0x9d, 0x83, 0x6e, 0x9c, 0x87, 0x7d, 0x86, 0x87,
  0x82, 0x72, 0x90, 0x8c, 0x6b, 0x95, 0x86, 0x75, 0x8c, 0x6d, 0x93, 0x93,
  0x5e, 0x76, 0xaa, 0x79, 0x6a, 0x8f, 0x8e, 0x86, 0x67, 0x9b, 0x87, 0x7b,
  0x89, 0x80, 0x93, 0x79, 0x73, 0x94, 0x8c, 0x65, 0x98, 0x88, 0x7f, 0x7e,
  0x7c, 0x98, 0x59, 0x98, 0x8f, 0x73, 0x8b, 0x79, 0x97, 0x8d, 0x76, 0x83,
  0x8c, 0x83, 0x75, 0x7e, 0x9e, 0x63, 0x9c, 0x83, 0x70, 0xa0, 0x62, 0x8d,
  0x7d, 0x9e, 0x7f, 0x66, 0x9f, 0x75, 0x76, 0x8c, 0x83, 0x9a, 0x7e, 0x64,
  0xa5, 0x77, 0x81, 0x7c, 0x9b, 0x95, 0x48, 0xa3, 0x88, 0x7d, 0x7d, 0x8e,
  0x98, 0x72, 0x64, 0x93, 0x93, 0x66, 0x83, 0xa0, 0xa5, 0x60, 0x7c, 0xab,
  0x70, 0x5c, 0x96, 0xb0, 0x75, 0x6f, 0x90, 0xac, 0x61, 0x72, 0x9a, 0x9c,
  0x68, 0x5a, 0xad, 0x98, 0x5e, 0x7e, 0xb5, 0x89, 0x54, 0x80, 0xa4, 0x75,
  0x69, 0x8a, 0x9b, 0x94, 0x53, 0x9d, 0x98, 0x84, 0x69, 0x83, 0xb2, 0x5f,
  0x6c, 0x93, 0x83, 0x8a, 0x81, 0x7f, 0x9e, 0x6a, 0x83, 0x86, 0x8b, 0x93,
  0x54, 0x9b, 0x7e, 0x74, 0x95, 0x77, 0x90, 0x8b, 0x73, 0x8a, 0x82, 0x7d,
  0x82, 0x79, 0x9b, 0x68, 0x8b, 0x9d, 0x69, 0x89, 0x85, 0x88, 0x81, 0x6f,
  0x8b, 0x91, 0x75, 0x83, 0x89, 0xa1, 0x70, 0x54, 0xae, 0x7b, 0x6c, 0x8c,
  0xa8, 0x8d, 0x54, 0x88, 0x9a, 0x7f, 0x71, 0x75, 0xa8, 0x7f, 0x3d, 0xa1,
  0xa3, 0x6f, 0x72, 0x98, 0xa9, 0x52, 0x73, 0x9a, 0x84, 0x80, 0x6b, 0x9c,
  0x9b, 0x4d, 0x89, 0xa6, 0x83, 0x6a, 0x89, 0xb4, 0x5d, 0x62, 0x9a, 0x86,
  0x89, 0x7a, 0x88, 0x9e, 0x6c, 0x64, 0x9f, 0x8f, 0x6c, 0x79, 0xa3, 0x85,
  0x59, 0x8f, 0x8c, 0x86, 0x84, 0x79, 0x8b, 0x8e, 0x6a, 0x79, 0xa0, 0x87,
  0x70, 0x7f, 0x9d, 0x72, 0x72, 0x89, 0x89, 0x91, 0x70, 0x72, 0x97, 0x90,
  0x6e, 0x7d, 0xab, 0x81, 0x5f, 0x91, 0x93, 0x86, 0x7e, 0x7f, 0xa4, 0x77,
  0x75, 0x8a, 0x99, 0x8d, 0x5b, 0x9e, 0x94, 0x51, 0x82, 0x90, 0x84, 0x88,
  0x84, 0xa1, 0x75, 0x71, 0x90, 0x83, 0x8d, 0x66, 0x92, 0xac, 0x4f, 0x77,
  0xa5, 0x89, 0x71, 0x7c, 0xac, 0x77, 0x55, 0x91, 0x92, 0x8e, 0x6c, 0x84,
  0xb6, 0x66, 0x5d, 0x99, 0x9d, 0x6d, 0x69, 0xa3, 0x91, 0x5a, 0x81, 0x95,
  0x8a, 0x7b, 0x6e, 0xa3, 0x82, 0x67, 0x83, 0x95, 0x94, 0x65, 0x8a, 0x9c,
  0x76, 0x85, 0x85, 0x8e, 0x8f, 0x6f, 0x89, 0x88, 0x81, 0x83, 0x79, 0xa4,
  0x80, 0x6b, 0x96, 0x81, 0x7d, 0x7e, 0x7e, 0x96, 0x72, 0x7a, 0x91, 0x87,
  0x8c, 0x62, 0x8c, 0xa7, 0x5f, 0x83, 0x91, 0x87, 0x83, 0x75, 0xa1, 0x88,
  0x60, 0x8b, 0x8d, 0x92, 0x69, 0x75, 0xb8, 0x71, 0x61, 0x94, 0x98, 0x83,
  0x6a, 0x8c, 0x97, 0x64, 0x7d, 0x8f, 0x95, 0x80, 0x66, 0x9f, 0x86, 0x5c,
  0x87, 0x97, 0x85, 0x6a, 0x92, 0x91, 0x67, 0x81, 0x8c, 0x89, 0x7c, 0x6f,
  0x90, 0x8b, 0x6a, 0x7f, 0x99, 0x95, 0x64, 0x88, 0xab, 0x65, 0x74, 0x97,
  0x8a, 0x7f, 0x65, 0x87, 0x93, 0x72, 0x77, 0x8b, 0xa7, 0x74, 0x5a, 0x9b,
  0x83, 0x6c, 0x88, 0x84, 0x94, 0x7d, 0x6f, 0x8b, 0x8a, 0x87, 0x6a, 0x8a,
  0xa0, 0x5f, 0x7c, 0x94, 0x84, 0x87, 0x76, 0x8f, 0x8e, 0x71, 0x74, 0x8b,
  0xa1, 0x6b, 0x68, 0xac, 0x84, 0x6a, 0x85, 0x97, 0x8b, 0x69, 0x8c, 0x89,
  0x81, 0x75, 0x79, 0xa8, 0x7a, 0x5d, 0xa0, 0x96, 0x6a, 0x79, 0x96, 0x95,
  0x58, 0x84, 0x99, 0x79, 0x82, 0x79, 0xa5, 0x9a, 0x56, 0x88, 0xa0, 0x6f,
  0x74, 0x92, 0xaa, 0x74, 0x73, 0xa1, 0x77, 0x7e, 0x8a, 0x87, 0x9b, 0x6b,
  0x72, 0xa0, 0x7a, 0x79, 0x84, 0x9b, 0x87, 0x60, 0x92, 0x82, 0x76, 0x91,
  0x83, 0x8e, 0x84, 0x72, 0x8c, 0x87, 0x87, 0x80, 0x88, 0x8c, 0x71, 0x90,
  0x8c, 0x6f, 0x8a, 0x88, 0x86, 0x82, 0x79, 0x88, 0x86, 0x87, 0x78, 0x84,
  0x9f, 0x71, 0x6e, 0x8e, 0x88, 0x84, 0x6e, 0x86, 0x9a, 0x73, 0x70, 0x7c,
  0x9c, 0x85, 0x55, 0x9b, 0xa6, 0x69, 0x73, 0x91, 0xa6, 0x72, 0x6f, 0x9f,
  0x8b, 0x76, 0x68, 0x9b, 0xa7, 0x54, 0x6e, 0xa1, 0x83, 0x70, 0x7a, 0xa5,
  0x8a, 0x66, 0x89, 0x8d, 0x88, 0x76, 0x80, 0x9d, 0x7b, 0x70, 0x98, 0x8d,
  0x79, 0x78, 0x9a, 0x88, 0x6c, 0x8a, 0x8b, 0x83, 0x83, 0x87, 0x97, 0x7f,
  0x77, 0x87, 0x8b, 0x87, 0x71, 0x93, 0x96, 0x66, 0x86, 0x8b, 0x87, 0x82,
  0x7d, 0x95, 0x84, 0x79, 0x83, 0x7f, 0x94, 0x81, 0x76, 0x9a, 0x7a, 0x7e,
  0x87, 0x79, 0x92, 0x7e, 0x80, 0x84, 0x7b, 0x89, 0x6c, 0x94, 0x9a, 0x6b,
  0x8d, 0x88, 0x7a, 0x8a, 0x7e, 0x98, 0x80, 0x7d, 0x8e, 0x77, 0x8a, 0x74,
  0x88, 0x9d, 0x69, 0x81, 0x95, 0x83, 0x73, 0x7d, 0xab, 0x78, 0x67, 0x90,
  0x90, 0x82, 0x65, 0x87, 0xaa, 0x84, 0x64, 0x94, 0xa1, 0x62, 0x68, 0xac,
  0x9d, 0x67, 0x73, 0x97, 0x8e, 0x76, 0x74, 0x97, 0x9c, 0x63, 0x78, 0x9d,
  0x91, 0x70, 0x75, 0xa6, 0x77, 0x72, 0x8f, 0x80, 0x8d, 0x7a, 0x76, 0x90,
  0x85, 0x82, 0x83, 0x88, 0x83, 0x6e, 0x93, 0x88, 0x78, 0x95, 0x7b, 0x85,
  0x8c, 0x83, 0x8a, 0x7b, 0x7f, 0x7d, 0x86, 0x94, 0x7b, 0x8f, 0x89, 0x71,
  0x89, 0x86, 0x88, 0x86, 0x84, 0x7e, 0x80, 0x92, 0x73, 0x83, 0x9c, 0x77,
  0x7f, 0x8a, 0x84, 0x7b, 0x72, 0x90, 0x8d, 0x80, 0x84, 0x7b, 0x97, 0x7f,
  0x6c, 0x9f, 0x89, 0x70, 0x82, 0x88, 0x85, 0x74, 0x91, 0x9d, 0x75, 0x7d,
  0x81, 0x8d, 0x8e, 0x69, 0x98, 0x8b, 0x68, 0x82, 0x94, 0x94, 0x6c, 0x7b,
  0xa3, 0x70, 0x71, 0x89, 0x89, 0x8e, 0x5f, 0x8d, 0xa0, 0x70, 0x75, 0x84,
  0xa2, 0x73, 0x6a, 0xa8, 0x8c, 0x70, 0x7e, 0x8a, 0x99, 0x74, 0x77, 0x8e,
  0x85, 0x78, 0x6d, 0x9f, 0x94, 0x6e, 0x85, 0x86, 0x86, 0x86, 0x7d, 0x8f,
  0x89, 0x7a, 0x83, 0x81, 0x9a, 0x84, 0x6f, 0x8e, 0x80, 0x86, 0x82, 0x7f,
  0x8c, 0x7e, 0x7e, 0x89, 0x88, 0x85, 0x77, 0x83, 0x8a, 0x73, 0x86, 0x8e,
  0x7d, 0x89, 0x85, 0x88, 0x84, 0x85, 0x91, 0x7c, 0x7c, 0x88, 0x81, 0x8f,
  0x73, 0x89, 0x9a, 0x6e, 0x76, 0x8c, 0x97, 0x78, 0x72, 0x9e, 0x8e, 0x70,
  0x81, 0x8b, 0x90, 0x70, 0x7c, 0xa2, 0x88, 0x70, 0x72, 0xa0, 0x86, 0x67,
  0x97, 0x8e, 0x73, 0x75, 0x8c, 0x99, 0x7d, 0x7c, 0x8f, 0x84, 0x7b, 0x6e,
  0x96, 0x95, 0x63, 0x89, 0x8b, 0x7c, 0x80, 0x85, 0x8f, 0x78, 0x73, 0x8a,
  0x84, 0x8a, 0x7a, 0x82, 0x9d, 0x75, 0x7d, 0x8d, 0x88, 0x7c, 0x75, 0x8e,
  0x88, 0x81, 0x82, 0x7b, 0x8f, 0x84, 0x6e, 0x94, 0x94, 0x79, 0x7d, 0x87,
  0x97, 0x82, 0x84, 0x87, 0x86, 0x86, 0x6f, 0x88, 0xa2, 0x74, 0x7b, 0x90,
  0x85, 0x7d, 0x76, 0x9a, 0x87, 0x7b, 0x8a, 0x7d, 0x8f, 0x78, 0x6d, 0x96,
  0x86, 0x82, 0x88, 0x88, 0x7f, 0x73, 0x92, 0x92, 0x75, 0x93, 0x84, 0x79,
  0x85, 0x7c, 0x96, 0x86, 0x71, 0x8d, 0x88, 0x74, 0x71, 0x94, 0x9b, 0x67,
  0x88, 0x9d, 0x79, 0x7f, 0x81, 0x91, 0x8c, 0x67, 0x8a, 0x90, 0x84, 0x75,
  0x79, 0xa7, 0x7b, 0x6a, 0x8e, 0x80, 0x81, 0x79, 0x85, 0x97, 0x80, 0x80,
  0x85, 0x88, 0x82, 0x75, 0x94, 0x86, 0x73, 0x83, 0x87, 0x86, 0x85, 0x81,
  0x89, 0x7d, 0x84, 0x7a, 0x84, 0x97, 0x76, 0x7d, 0x8d, 0x82, 0x87, 0x81,
  0x85, 0x87, 0x7a, 0x8b, 0x89, 0x86, 0x80, 0x73, 0x99, 0x86, 0x75, 0x8a,
  0x84, 0x7f, 0x73, 0x89, 0x98, 0x78, 0x85, 0x86, 0x87, 0x81, 0x6a, 0x97,
  0x95, 0x72, 0x78, 0x8b, 0x90, 0x72, 0x7f, 0x99, 0x7d, 0x7d, 0x85, 0x8c,
  0x88, 0x77, 0x85, 0x8d, 0x84, 0x7d, 0x89, 0x8d, 0x77, 0x7c, 0x97, 0x85,
  0x78, 0x86, 0x86, 0x79, 0x7d, 0x93, 0x8d, 0x77, 0x83, 0x86, 0x88, 0x7e,
  0x7d, 0x9b, 0x8a, 0x6d, 0x82, 0x8e, 0x83, 0x73, 0x87, 0x93, 0x79, 0x7f,
  0x87, 0x87, 0x8c, 0x71, 0x85, 0x95, 0x77, 0x7b, 0x86, 0x8e, 0x7f, 0x73,
  0x92, 0x85, 0x85, 0x81, 0x72, 0x9c, 0x87, 0x74, 0x85, 0x87, 0x86, 0x70,
  0x83, 0x99, 0x7d, 0x81, 0x85, 0x84, 0x8c, 0x68, 0x86, 0x98, 0x7a, 0x76,
  0x87, 0x97, 0x79, 0x73, 0x93, 0x89, 0x7d, 0x84, 0x89, 0x8d, 0x73, 0x7a,
  0x98, 0x85, 0x79, 0x85, 0x91, 0x7f, 0x6b, 0x98, 0x8f, 0x78, 0x89, 0x85,
  0x89, 0x80, 0x80, 0x95, 0x83, 0x75, 0x7d, 0x90, 0x90, 0x69, 0x88, 0x96,
  0x72, 0x7f, 0x86, 0x87, 0x82, 0x78, 0x8e, 0x81, 0x7f, 0x82, 0x7d, 0x8f,
  0x7a, 0x7e, 0x96, 0x7e, 0x80, 0x88, 0x84, 0x88, 0x84, 0x8d, 0x80, 0x81,
  0x88, 0x7f, 0x8c, 0x87, 0x80, 0x88, 0x82, 0x78, 0x85, 0x8e, 0x81, 0x7f,
  0x87, 0x86, 0x87, 0x83, 0x7d, 0x89, 0x8b, 0x77, 0x7b, 0x8f, 0x8a, 0x73,
  0x85, 0x8d, 0x85, 0x80, 0x80, 0x8f, 0x8a, 0x6f, 0x7d, 0x98, 0x8d, 0x71,
  0x7f, 0x98, 0x81, 0x6e, 0x8e, 0x93, 0x7b, 0x75, 0x7c, 0x94, 0x84, 0x73,
  0x8d, 0x93, 0x7a, 0x6f, 0x8d, 0x9e, 0x76, 0x7c, 0x94, 0x87, 0x81, 0x78,
  0x8c, 0x88, 0x77, 0x8a, 0x89, 0x87, 0x7c, 0x7e, 0x94, 0x78, 0x7d, 0x8d,
  0x7d, 0x80, 0x7d, 0x8a, 0x87, 0x76, 0x89, 0x7e, 0x81, 0x7f, 0x7b, 0x95,
  0x7c, 0x7c, 0x89, 0x81, 0x7f, 0x7d, 0x8a, 0x8d, 0x76, 0x86, 0x89, 0x82,
  0x88, 0x78, 0x84, 0x8b, 0x7b, 0x88, 0x82, 0x85, 0x83, 0x7c, 0x91, 0x83,
  0x84, 0x86, 0x76, 0x8d, 0x82, 0x7c, 0x8f, 0x85, 0x88, 0x78, 0x85, 0x8c,
  0x74, 0x8e, 0x8a, 0x7f, 0x89, 0x7e, 0x8d, 0x86, 0x75, 0x8d, 0x89, 0x80,
  0x79, 0x8b, 0x92, 0x72, 0x7b, 0x97, 0x88, 0x74, 0x82, 0x8f, 0x8c, 0x78,
  0x7c, 0x97, 0x86, 0x6b, 0x80, 0x97, 0x81, 0x6f, 0x8d, 0x91, 0x73, 0x79,
  0x89, 0x8d, 0x7f, 0x74, 0x84, 0x91, 0x77, 0x73, 0x8d, 0x94, 0x7b, 0x78,
  0x8d, 0x81, 0x7d, 0x82, 0x88, 0x87, 0x82, 0x7d, 0x81, 0x8c, 0x80, 0x81,
  0x89, 0x83, 0x83, 0x86, 0x7e, 0x80, 0x85, 0x88, 0x80, 0x88, 0x8b, 0x78,
  0x82, 0x87, 0x86, 0x86, 0x81, 0x84, 0x7d, 0x87, 0x83, 0x7d, 0x8d, 0x81,
  0x7f, 0x85, 0x77, 0x86, 0x84, 0x7d, 0x87, 0x86, 0x86, 0x73, 0x87, 0x95,
  0x77, 0x83, 0x88, 0x86, 0x85, 0x77, 0x8c, 0x8d, 0x7d, 0x80, 0x88, 0x8d,
  0x73, 0x70, 0x9d, 0x83, 0x7c, 0x8a, 0x85, 0x89, 0x76, 0x7f, 0x94, 0x7f,
  0x80, 0x80, 0x8d, 0x8b, 0x68, 0x96, 0x92, 0x71, 0x85, 0x86, 0x88, 0x7c,
  0x7d, 0x93, 0x7a, 0x7a, 0x88, 0x86, 0x8f, 0x74, 0x88, 0x9c, 0x7e, 0x82,
  0x85, 0x88, 0x7f, 0x7b, 0x90, 0x8b, 0x7f, 0x7f, 0x7e, 0x8d, 0x81, 0x74,
  0x8f, 0x8b, 0x80, 0x7e, 0x83, 0x88, 0x82, 0x84, 0x87, 0x86, 0x86, 0x85,
  0x80, 0x9b, 0x86, 0x8e, 0x79, 0x6b, 0x77, 0xa2, 0x8d, 0x52, 0xa5, 0x86,
  0x81, 0x8f, 0x90, 0x6d, 0x7d, 0xac, 0x73, 0x92, 0x65, 0xa6, 0x7c, 0x6e,
  0x95, 0x59, 0xa4, 0x5b, 0xa2, 0x70, 0x90, 0x79, 0x90, 0x76, 0x7b, 0xad,
  0x71, 0x86, 0x76, 0xac, 0x34, 0x99, 0x9f, 0x99, 0x5e, 0x75, 0x8a, 0x8d,
  0x9d, 0x4f, 0xc2, 0x5f, 0x7e, 0x58, 0xba, 0x91, 0x43, 0xa7, 0x7a, 0x96,
  0x69, 0x92, 0x7a, 0x8c, 0x5f, 0x9e, 0xa5, 0x84, 0x75, 0x95, 0x95, 0x57,
  0xb1, 0x88, 0x85, 0x56, 0x91, 0x90, 0x69, 0xa1, 0x78, 0xa3, 0x58, 0x7d,
  0x88, 0xa2, 0x63, 0x72, 0x95, 0x86, 0x6d, 0x87, 0xa6, 0x6f, 0x8f, 0x75,
  0x8b, 0x7f, 0x86, 0x78, 0x76, 0x9e, 0x65, 0xa0, 0x75, 0x8c, 0x7a, 0x7b,
  0x8b, 0x8a, 0xa1, 0x61, 0x6c, 0xa1, 0x80, 0x6b, 0xa7, 0x87, 0x84, 0x5c,
  0x8e, 0x9f, 0x76, 0x99, 0x60, 0xae, 0x70, 0x69, 0xa3, 0x88, 0x7c, 0x75,
  0x97, 0x81, 0x6b, 0x92, 0x8a, 0x6e, 0x98, 0x89, 0x8f, 0x78, 0x8d, 0x88,
  0x69, 0x91, 0x7b, 0xa8, 0x75, 0x63, 0x93, 0x88, 0x82, 0x7b, 0xa9, 0x79,
  0x62, 0x81, 0x9d, 0x85, 0x85, 0x86, 0x88, 0x80, 0x7a, 0x85, 0x8f, 0x85,
  0x63, 0x9a, 0x7f, 0x7e, 0x87, 0x89, 0x8a, 0x6a, 0xa1, 0x73, 0x81, 0x99,
  0x6a, 0x84, 0x91, 0x80, 0x9c, 0x6e, 0x82, 0x7f, 0x78, 0xa5, 0x67, 0xae,
  0x77, 0x5f, 0xaf, 0x74, 0x8c, 0x81, 0x82, 0x8b, 0x5f, 0x96, 0x8d, 0x6d,
  0xa2, 0x5b, 0x90, 0x92, 0x58, 0xb8, 0x83, 0x78, 0x88, 0x8e, 0xa1, 0x54,
  0x9f, 0x9c, 0x5e, 0x9e, 0x83, 0x81, 0x9c, 0x53, 0x99, 0x89, 0x73, 0x93,
  0x7a, 0xac, 0x55, 0x84, 0xb1, 0x69, 0x8a, 0x91, 0x75, 0x86, 0x70, 0x8e,
  0x9f, 0x7e, 0x8f, 0x77, 0x8a, 0x74, 0x75, 0xac, 0x76, 0x70, 0x97, 0x8f,
  0x7d, 0x83, 0x85, 0x88, 0x73, 0x8c, 0x8f, 0x85, 0x7e, 0x72, 0x8c, 0x94,
  0x7d, 0x83, 0x95, 0x61, 0x73, 0x93, 0x86, 0x8a, 0x8b, 0x85, 0x7e, 0x82,
  0x8a, 0x8a, 0x8c, 0x85, 0x73, 0x86, 0x81, 0x7d, 0x98, 0x77, 0x80, 0x88,
  0x88, 0x81, 0x7a, 0xa3, 0x6c, 0x73, 0x98, 0x84, 0x8d, 0x79, 0x7d, 0x94,
  0x71, 0x7f, 0x8a, 0x88, 0x80, 0x5b, 0xa1, 0x91, 0x6e, 0x93, 0x87, 0x80,
  0x6e, 0x8c, 0x99, 0x81, 0x86, 0x83, 0x82, 0x8b, 0x79, 0x95, 0x8b, 0x6c,
  0x82, 0x86, 0x87, 0x74, 0x97, 0x8a, 0x67, 0x89, 0x89, 0x8a, 0x7a, 0x7a,
  0x93, 0x7c, 0x84, 0x85, 0x8d, 0x8c, 0x5a, 0x9c, 0x9b, 0x70, 0x91, 0x78,
  0x8b, 0x71, 0x78, 0xa9, 0x79, 0x8c, 0x7e, 0x6d, 0x99, 0x6c, 0x88, 0x9f,
  0x69, 0x8a, 0x7a, 0x88, 0x89, 0x77, 0xaa, 0x6b, 0x7e, 0x9e, 0x68, 0x94,
  0x7b, 0x7c, 0x95, 0x6d, 0x9b, 0x7a, 0x7c, 0x89, 0x68, 0xad, 0x7e, 0x76,
  0xa0, 0x66, 0x7b, 0x87, 0x8d, 0x89, 0x73, 0x96, 0x78, 0x72, 0x95, 0x83,
  0x8a, 0x77, 0x76, 0x92, 0x7a, 0x7d, 0x87, 0x98, 0x75, 0x6b, 0x9f, 0x89,
  0x7c, 0x7b, 0x94, 0x7e, 0x79, 0x89, 0x8e, 0x8d, 0x68, 0x88, 0x94, 0x7b,
  0x79, 0x88, 0x8a, 0x72, 0x75, 0x9d, 0x7c, 0x7c, 0x91, 0x82, 0x82, 0x75,
  0x8e, 0x92, 0x78, 0x7b, 0x8a, 0x8a, 0x77, 0x7d, 0x96, 0x7e, 0x78, 0x97,
  0x86, 0x82, 0x79, 0x93, 0x90, 0x82, 0x81, 0x87, 0x8f, 0x78, 0x7e, 0x8f,
  0x8b, 0x77, 0x7f, 0x8f, 0x74, 0x81, 0x95, 0x7f, 0x82, 0x89, 0x85, 0x81,
  0x7a, 0x8b, 0x84, 0x7c, 0x89, 0x7b, 0x8d, 0x7b, 0x81, 0xa0, 0x77, 0x74,
  0x92, 0x84, 0x83, 0x74, 0x96, 0x8b, 0x68, 0x92, 0x82, 0x88, 0x7c, 0x70,
  0x99, 0x83, 0x74, 0x93, 0x8b, 0x85, 0x77, 0x91, 0x94, 0x6d, 0x8c, 0x91,
  0x76, 0x84, 0x8a, 0x90, 0x80, 0x78, 0x90, 0x8a, 0x78, 0x80, 0x91, 0x8d,
  0x6f, 0x83, 0x95, 0x7b, 0x76, 0x8f, 0x8e, 0x7a, 0x83, 0x86, 0x8e, 0x80,
  0x77, 0x92, 0x84, 0x82, 0x7f, 0x85, 0x91, 0x74, 0x86, 0x8e, 0x7d, 0x85,
  0x82, 0x83, 0x84, 0x7e, 0x98, 0x76, 0x7f, 0x8c, 0x7a, 0x80, 0x77, 0x94,
  0x88, 0x81, 0x80, 0x7a, 0x94, 0x7e, 0x83, 0x9b, 0x7a, 0x7c, 0x85, 0x83,
  0x90, 0x7f, 0x8b, 0x83, 0x80, 0x87, 0x73, 0x90, 0x8a, 0x73, 0x83, 0x8c,
  0x87, 0x85, 0x82, 0x82, 0x8b, 0x81, 0x7d, 0x8d, 0x88, 0x7d, 0x76, 0x8c,
  0x95, 0x77, 0x8d, 0x7b, 0x7c, 0x90, 0x76, 0x8d, 0x88, 0x7f, 0x7e, 0x75,
  0x94, 0x84, 0x80, 0x8e, 0x6e, 0x89, 0x8f, 0x6d, 0x98, 0x80, 0x7f, 0x84,
  0x7b, 0x98, 0x70, 0x8e, 0x8b, 0x6f, 0x94, 0x76, 0x88, 0x93, 0x71, 0x88,
  0x80, 0x8d, 0x8b, 0x74, 0x8b, 0x74, 0x7f, 0x97, 0x80, 0x93, 0x81, 0x7c,
  0x81, 0x81, 0x8c, 0x82, 0x8b, 0x7e, 0x79, 0x8d, 0x78, 0x82, 0x95, 0x7f,
  0x7f, 0x7c, 0x8b, 0x7d, 0x7c, 0x8a, 0x76, 0x90, 0x88, 0x7c, 0x8f, 0x7f,
  0x82, 0x7d, 0x89, 0x8c, 0x74, 0x8b, 0x78, 0x81, 0x96, 0x80, 0x8e, 0x81,
  0x79, 0x7e, 0x79, 0x96, 0x85, 0x88, 0x83, 0x6c, 0x97, 0x82, 0x75, 0x9a,
  0x7c, 0x83, 0x76, 0x86, 0x8e, 0x6e, 0x98, 0x82, 0x84, 0x8f, 0x71, 0x8e,
  0x86, 0x70, 0x80, 0x8f, 0x8c, 0x7c, 0x83, 0x89, 0x7a, 0x88, 0x8c, 0x7e,
  0x8e, 0x81, 0x73, 0x8e, 0x88, 0x86, 0x8c, 0x80, 0x81, 0x89, 0x83, 0x7f,
  0x7e, 0x92, 0x79, 0x74, 0x99, 0x81, 0x7d, 0x8d, 0x7f, 0x88, 0x80, 0x78,
  0x8d, 0x83, 0x84, 0x78, 0x8d, 0x92, 0x69, 0x90, 0x8d, 0x75, 0x8c, 0x88,
  0x88, 0x7f, 0x7f, 0x88, 0x7b, 0x8d, 0x81, 0x7d, 0x90, 0x68, 0x8b, 0x94,
  0x78, 0x80, 0x89, 0x84, 0x9d, 0x64, 0x95, 0x78, 0x8b, 0x8b, 0x47, 0xa0,
  0x6d, 0x94, 0x7e, 0x78, 0x97, 0x7e, 0x88, 0x70, 0x6b, 0xa9, 0x67, 0x8c,
  0x9b, 0x74, 0x9c, 0x5d, 0x92, 0x7b, 0x8e, 0x92, 0x4b, 0xb6, 0x72, 0x7a,
  0x98, 0x7f, 0x8e, 0x75, 0x76, 0x85, 0x83, 0x85, 0x7c, 0x82, 0x8a, 0x77,
  0x93, 0x90, 0x82, 0x79, 0x8a, 0x76, 0x88, 0x93, 0x7f, 0x79, 0x85, 0x7e,
  0x89, 0x88, 0x91, 0x88, 0x86, 0x77, 0x7c, 0x96, 0x82, 0x74, 0x87, 0x8c,
  0x84, 0x75, 0xa0, 0x83, 0x76, 0x8d, 0x7e, 0x8a, 0x85, 0x78, 0x8d, 0x84,
  0x7f, 0x83, 0x89, 0x88, 0x5e, 0x93, 0x8e, 0x68, 0x9b, 0x8b, 0x82, 0x7b,
  0x7e, 0x9b, 0x7e, 0x81, 0x80, 0x79, 0x92, 0x65, 0x8d, 0xb4, 0x66, 0x83,
  0x8d, 0x87, 0x89, 0x7a, 0x98, 0x7e, 0x6b, 0x8a, 0x71, 0x9a, 0x83, 0x6d,
  0xab, 0x70, 0x78, 0x99, 0x76, 0x87, 0x76, 0x8e, 0x89, 0x70, 0xa0, 0x7d,
  0x6f, 0x97, 0x70, 0x9a, 0x87, 0x73, 0x91, 0x74, 0x80, 0x82, 0x91, 0x8f,
  0x5d, 0x94, 0x86, 0x6c, 0x96, 0x85, 0x86, 0x85, 0x7a, 0x8d, 0x84, 0x8f,
  0x7d, 0x78, 0x96, 0x6e, 0x84, 0x95, 0x71, 0x88, 0x8b, 0x7e, 0x82, 0x87,
  0x85, 0x6f, 0x87, 0x94, 0x74, 0x88, 0x85, 0x79, 0x89, 0x81, 0x85, 0x8d,
  0x7e, 0x73, 0x8a, 0x8d, 0x77, 0x82, 0x9a, 0x80, 0x77, 0x8f, 0x81, 0x7d,
  0x8d, 0x87, 0x86, 0x80, 0x7a, 0x8b, 0x8e, 0x78, 0x7b, 0x96, 0x87, 0x6d,
  0x8c, 0x91, 0x69, 0x7f, 0x8f, 0x85, 0x87, 0x7d, 0x84, 0x88, 0x82, 0x7e,
  0x88, 0x8e, 0x6d, 0x71, 0x95, 0x86, 0x7f, 0x91, 0x83, 0x74, 0x8a, 0x80,
  0x86, 0x93, 0x82, 0x83, 0x81, 0x87, 0x85, 0x7f, 0x94, 0x7d, 0x81, 0x94,
  0x6d, 0x8b, 0x8c, 0x71, 0x8a, 0x82, 0x8e, 0x7d, 0x78, 0x94, 0x6d, 0x88,
  0x8c, 0x72, 0x9c, 0x6e, 0x75, 0x92, 0x72, 0x8e, 0x81, 0x89, 0x85, 0x6b,
  0x97, 0x72, 0x7e, 0x9f, 0x66, 0x90, 0x87, 0x7a, 0x95, 0x71, 0x89, 0x86,
  0x7f, 0x8a, 0x6c, 0x9c, 0x7c, 0x69, 0xa8, 0x7e, 0x79, 0x8a, 0x83, 0x8f,
  0x72, 0x87, 0x91, 0x74, 0x8c, 0x72, 0x8b, 0x99, 0x69, 0x94, 0x8e, 0x6f,
  0x82, 0x8c, 0x8e, 0x7a, 0x82, 0x94, 0x72, 0x81, 0x8c, 0x7c, 0x92, 0x75,
  0x76, 0x94, 0x77, 0x85, 0x8c, 0x87, 0x80, 0x7a, 0x9c, 0x89, 0x72, 0x97,
  0x7c, 0x84, 0x95, 0x74, 0x8b, 0x83, 0x73, 0x85, 0x88, 0x8d, 0x7d, 0x84,
  0x87, 0x6f, 0x8f, 0x8c, 0x79, 0x97, 0x81, 0x71, 0x86, 0x85, 0x88, 0x7a,
  0x87, 0x89, 0x7b, 0x8b, 0x79, 0x88, 0x8f, 0x75, 0x88, 0x90, 0x7c, 0x75,
  0x8b, 0x8b, 0x77, 0x8d, 0x8b, 0x7c, 0x85, 0x7e, 0x84, 0x87, 0x87, 0x81,
  0x80, 0x89, 0x72, 0x8e, 0x8e, 0x6f, 0x89, 0x88, 0x75, 0x7b, 0x8c, 0x8e,
  0x75, 0x85, 0x8f, 0x7d, 0x8a, 0x79, 0x89, 0x99, 0x6d, 0x84, 0x8b, 0x89,
  0x72, 0x7c, 0xa4, 0x79, 0x7e, 0x98, 0x78, 0x87, 0x7c, 0x7a, 0x99, 0x7b,
  0x83, 0x84, 0x83, 0x85, 0x72, 0x9d, 0x86, 0x70, 0x99, 0x75, 0x7c, 0x94,
  0x7f, 0x8e, 0x7e, 0x83, 0x81, 0x77, 0x96, 0x77, 0x82, 0x91, 0x6b, 0x95,
  0x8a, 0x73, 0x90, 0x86, 0x88, 0x84, 0x84, 0x8c, 0x74, 0x89, 0x8c, 0x70,
  0x95, 0x8e, 0x78, 0x8b, 0x76, 0x89, 0x8e, 0x7d, 0x89, 0x83, 0x8b, 0x77,
  0x7d, 0xa0, 0x73, 0x82, 0x93, 0x72, 0x87, 0x81, 0x86, 0x8e, 0x79, 0x87,
  0x82, 0x85, 0x82, 0x68, 0x97, 0x86, 0x6f, 0x99, 0x7e, 0x7d, 0x84, 0x81,
  0x8e, 0x7a, 0x8d, 0x80, 0x78, 0x91, 0x6e, 0x84, 0x94, 0x70, 0x91, 0x84,
  0x79, 0x87, 0x88, 0x8c, 0x6c, 0x8c, 0x90, 0x72, 0x8e, 0x82, 0x82, 0x8a,
  0x71, 0x83, 0x8d, 0x82, 0x78, 0x85, 0x92, 0x73, 0x79, 0x93, 0x77, 0x7e,
  0x8c, 0x84, 0x89, 0x84, 0x79, 0x82, 0x89, 0x83, 0x83, 0x8e, 0x83, 0x78,
  0x85, 0x88, 0x80, 0x8a, 0x8b, 0x76, 0x88, 0x88, 0x70, 0x8a, 0x8e, 0x86,
  0x86, 0x80, 0x87, 0x82, 0x85, 0x88, 0x7f, 0x97, 0x7a, 0x78, 0x9e, 0x78,
  0x75, 0x8f, 0x87, 0x87, 0x86, 0x89, 0x7e, 0x77, 0x90, 0x7a, 0x87, 0x94,
  0x77, 0x8a, 0x84, 0x6d, 0x8f, 0x8d, 0x77, 0x83, 0x87, 0x84, 0x6e, 0x8c,
  0x91, 0x75, 0x88, 0x7e, 0x7b, 0x91, 0x76, 0x82, 0x90, 0x78, 0x80, 0x87,
  0x8d, 0x7c, 0x7d, 0x98, 0x79, 0x7e, 0x95, 0x75, 0x87, 0x87, 0x82, 0x8d,
  0x7c, 0x85, 0x7e, 0x82, 0x87, 0x77, 0x9c, 0x82, 0x6f, 0x9f, 0x80, 0x7f,
  0x87, 0x7f, 0x88, 0x77, 0x88, 0x88, 0x7b, 0x95, 0x6d, 0x88, 0x97, 0x6b,
  0x8f, 0x85, 0x7a, 0x8e, 0x7a, 0x8c, 0x7f, 0x85, 0x88, 0x63, 0x9e, 0x88,
  0x72, 0x95, 0x7b, 0x84, 0x81, 0x7c, 0x95, 0x89, 0x85, 0x7a, 0x80, 0x99,
  0x6e, 0x85, 0xa1, 0x70, 0x7f, 0x87, 0x87, 0x86, 0x86, 0x87, 0x87, 0x87,
  0x7e, 0x81, 0x8e, 0x81, 0x78, 0x96, 0x85, 0x72, 0x89, 0x88, 0x75, 0x85,
  0x8a, 0x80, 0x88, 0x86, 0x85, 0x7d, 0x86, 0x83, 0x82, 0x8d, 0x79, 0x82,
  0x96, 0x76, 0x82, 0x91, 0x89, 0x7e, 0x81, 0x87, 0x7e, 0x82, 0x88, 0x82,
  0x84, 0x85, 0x77, 0x8e, 0x87, 0x73, 0x84, 0x88, 0x7b, 0x7e, 0x88, 0x84,
  0x81, 0x8c, 0x88, 0x7c, 0x87, 0x82, 0x7d, 0x8a, 0x83, 0x7f, 0x84, 0x7e,
  0x84, 0x88, 0x86, 0x82, 0x85, 0x89, 0x75, 0x81, 0x8c, 0x7b, 0x89, 0x89,
  0x7c, 0x85, 0x86, 0x88, 0x7f, 0x83, 0x8d, 0x79, 0x8a, 0x79, 0x7b, 0x99,
  0x73, 0x7b, 0x97, 0x80, 0x80, 0x78, 0x8f, 0x7f, 0x71, 0x9e, 0x7e, 0x87,
  0x83, 0x6a, 0x9b, 0x84, 0x70, 0x91, 0x83, 0x83, 0x71, 0x7f, 0x97, 0x6e,
  0x93, 0x89, 0x72, 0x9a, 0x76, 0x82, 0x93, 0x75, 0x87, 0x82, 0x85, 0x84,
  0x7a, 0x92, 0x75, 0x81, 0x96, 0x71, 0x8a, 0x8b, 0x72, 0x84, 0x87, 0x88,
  0x85, 0x81, 0x87, 0x80, 0x8c, 0x82, 0x78, 0x96, 0x82, 0x75, 0x90, 0x84,
  0x7e, 0x85, 0x88, 0x81, 0x7e, 0x88, 0x7f, 0x83, 0x8d, 0x77, 0x85, 0x8b,
  0x76, 0x88, 0x8a, 0x7c, 0x85, 0x8b, 0x7f, 0x7e, 0x8a, 0x83, 0x74, 0x8c,
  0x89, 0x75, 0x87, 0x81, 0x85, 0x88, 0x86, 0x88, 0x81, 0x84, 0x7b, 0x81,
  0x92, 0x76, 0x82, 0x96, 0x78, 0x81, 0x8c, 0x80, 0x86, 0x86, 0x86, 0x7e,
  0x84, 0x86, 0x80, 0x8a, 0x7f, 0x7f, 0x95, 0x81, 0x6e, 0x87, 0x8c, 0x79,
  0x86, 0x87, 0x85, 0x7f, 0x7f, 0x86, 0x86, 0x87, 0x84, 0x81, 0x91, 0x79,
  0x7e, 0x97, 0x7b, 0x84, 0x8e, 0x7f, 0x87, 0x82, 0x83, 0x85, 0x80, 0x90,
  0x75, 0x7d, 0x8e, 0x70, 0x91, 0x83, 0x7b, 0x98, 0x7e, 0x81, 0x89, 0x85,
  0x86, 0x78, 0x99, 0x88, 0x73, 0x93, 0x7e, 0x83, 0x8e, 0x79, 0x8f, 0x85,
  0x82, 0x87, 0x81, 0x92, 0x79, 0x86, 0x92, 0x72, 0x8d, 0x8a, 0x7a, 0x89,
  0x86, 0x85, 0x7d, 0x88, 0x8d, 0x79, 0x88, 0x8c, 0x7f, 0x89, 0x7b, 0x85,
  0x8f, 0x77, 0x7b, 0x88, 0x86, 0x7b, 0x7f, 0x93, 0x80, 0x7c, 0x8e, 0x80,
  0x86, 0x85, 0x78, 0x94, 0x87, 0x77, 0x88, 0x86, 0x88, 0x78, 0x8d, 0x8d,
  0x70, 0x89, 0x86, 0x79, 0x8f, 0x81, 0x86, 0x8b, 0x7c, 0x86, 0x7d, 0x84,
  0x7e, 0x7a, 0x97, 0x77, 0x80, 0x91, 0x72, 0x83, 0x84, 0x81, 0x88, 0x84,
  0x88, 0x7e, 0x85, 0x8b, 0x77, 0x93, 0x87, 0x74, 0x90, 0x7d, 0x7c, 0x8f,
  0x83, 0x82, 0x88, 0x84, 0x79, 0x85, 0x91, 0x82, 0x7f, 0x8d, 0x81, 0x80,
  0x89, 0x7d, 0x86, 0x90, 0x7b, 0x7e, 0x91, 0x7e, 0x80, 0x88, 0x86, 0x81,
  0x7f, 0x89, 0x77, 0x86, 0x8a, 0x78, 0x8d, 0x86, 0x7b, 0x8d, 0x80, 0x81,
  0x88, 0x83, 0x7f, 0x7e, 0x92, 0x7b, 0x74, 0x99, 0x81, 0x74, 0x89, 0x7f,
  0x88, 0x80, 0x80, 0x86, 0x87, 0x83, 0x73, 0x8c, 0x89, 0x68, 0x8e, 0x91,
  0x7e, 0x88, 0x85, 0x88, 0x82, 0x83, 0x88, 0x86, 0x88, 0x7b, 0x7f, 0x90,
  0x7d, 0x81, 0x90, 0x7d, 0x81, 0x8a, 0x80, 0x80, 0x86, 0x88, 0x7a, 0x82,
  0x91, 0x71, 0x88, 0x8b, 0x7a, 0x91, 0x80, 0x7f, 0x88, 0x7c, 0x85, 0x80,
  0x8b, 0x89, 0x78, 0x94, 0x80, 0x74, 0x92, 0x7a, 0x83, 0x8a, 0x7e, 0x8a,
  0x77, 0x86, 0x8a, 0x81, 0x8f, 0x76, 0x88, 0x90, 0x6a, 0x91, 0x8b, 0x79,
  0x89, 0x7f, 0x88, 0x7b, 0x7f, 0x8f, 0x77, 0x8a, 0x82, 0x7c, 0x90, 0x78,
  0x82, 0x8d, 0x7f, 0x87, 0x86, 0x87, 0x84, 0x82, 0x90, 0x7c, 0x82, 0x8f,
  0x7b, 0x82, 0x8c, 0x85, 0x70, 0x91, 0x7c, 0x84, 0x95, 0x5c, 0x94, 0x95,
  0x82, 0x65, 0x89, 0xa2, 0x72, 0x7e, 0x8a, 0x96, 0x85, 0x7b, 0x68, 0xa6,
  0x8a, 0x69, 0x8a, 0x9e, 0x7e, 0x61, 0x90, 0x8e, 0x88, 0x75, 0x88, 0x87,
  0x92, 0x62, 0x84, 0xa5, 0x77, 0x7b, 0x72, 0xab, 0x71, 0x6b, 0x92, 0x77,
  0x8c, 0x74, 0x7e, 0x97, 0x71, 0x7b, 0x9f, 0x7c, 0x92, 0x74, 0x90, 0x82,
  0x5d, 0xaa, 0x69, 0x8e, 0x7d, 0x85, 0x7e, 0x81, 0x88, 0x87, 0x83, 0x87,
  0x7d, 0x7c, 0x96, 0x66, 0x96, 0x7c, 0x83, 0x9a, 0x75, 0x84, 0x81, 0x8e,
  0x6b, 0x80, 0x90, 0x9b, 0x64, 0x8c, 0x8e, 0x85, 0x80, 0x68, 0xac, 0x7a,
  0x69, 0x8a, 0x9f, 0x85, 0x5e, 0x8f, 0xaf, 0x68, 0x74, 0x9f, 0x81, 0x8c,
  0x52, 0x95, 0x94, 0x6d, 0x80, 0x8f, 0xa4, 0x64, 0x6c, 0x9d, 0x83, 0x5f,
  0x8b, 0x91, 0x8b, 0x6d, 0x7f, 0xa2, 0x7e, 0x83, 0x79, 0xa2, 0x7c, 0x5e,
  0x90, 0x94, 0x80, 0x78, 0x95, 0x8e, 0x7b, 0x74, 0x8a, 0x87, 0x8a, 0x74,
  0x89, 0x9e, 0x73, 0x7d, 0x8a, 0x93, 0x7a, 0x7e, 0x8f, 0x86, 0x7a, 0x76,
  0x83, 0x96, 0x79, 0x73, 0xa2, 0x88, 0x78, 0x6d, 0x9c, 0x87, 0x6e, 0x92,
  0x84, 0x89, 0x74, 0x77, 0x9b, 0x8b, 0x68, 0x86, 0x93, 0x7b, 0x6a, 0x8f,
  0xa1, 0x62, 0x87, 0x93, 0x88, 0x79, 0x74, 0x9b, 0x86, 0x67, 0x83, 0x99,
  0x8a, 0x67, 0x82, 0xac, 0x6c, 0x6d, 0x9a, 0x8f, 0x7e, 0x67, 0x94, 0x97,
  0x74, 0x72, 0x93, 0x8e, 0x77, 0x67, 0xa6, 0x8e, 0x58, 0x88, 0x8a, 0x87,
  0x80, 0x7f, 0x96, 0x7f, 0x74, 0x7a, 0x80, 0x99, 0x75, 0x72, 0xa1, 0x75,
  0x86, 0x88, 0x80, 0x90, 0x76, 0x85, 0x79, 0x7e, 0x8a, 0x73, 0x8f, 0x8c,
  0x76, 0x93, 0x81, 0x78, 0x85, 0x86, 0x8e, 0x6d, 0x85, 0x93, 0x76, 0x78,
  0x82, 0x93, 0x8e, 0x63, 0x79, 0xa0, 0x7e, 0x6c, 0x88, 0xa9, 0x7e, 0x66,
  0x92, 0x96, 0x84, 0x68, 0x89, 0xa9, 0x6d, 0x6a, 0x9c, 0x99, 0x75, 0x6e,
  0x99, 0xa3, 0x77, 0x87, 0x85, 0x89, 0x81, 0x78, 0x94, 0x8c, 0x7b, 0x84,
  0x88, 0x84, 0x79, 0x87, 0x8b, 0x69, 0x85, 0x92, 0x80, 0x88, 0x89, 0x8b,
  0x76, 0x78, 0x86, 0x93, 0x7e, 0x73, 0x88, 0x93, 0x77, 0x7c, 0x9b, 0x89,
  0x74, 0x79, 0x89, 0x8c, 0x81, 0x79, 0x86, 0x8e, 0x7c, 0x7c, 0x8c, 0x8d,
  0x7b, 0x71, 0x8e, 0x8c, 0x7d, 0x82, 0x7a, 0x8c, 0x8d, 0x6f, 0x92, 0x98,
  0x7b, 0x71, 0x83, 0x8a, 0x7d, 0x7a, 0x95, 0x83, 0x7d, 0x80, 0x80, 0x96,
  0x7f, 0x78, 0x99, 0x7a, 0x78, 0x89, 0x93, 0x85, 0x74, 0x9b, 0x8c, 0x68,
  0x89, 0x88, 0x86, 0x7b, 0x78, 0xa0, 0x81, 0x66, 0x83, 0x8d, 0x8d, 0x69,
  0x8d, 0x9f, 0x67, 0x74, 0x8e, 0x8a, 0x84, 0x6d, 0x8f, 0x8e, 0x75, 0x7b,
  0x85, 0x97, 0x71, 0x76, 0x9e, 0x7c, 0x7e, 0x89, 0x83, 0x8b, 0x79, 0x89,
  0x8a, 0x7f, 0x86, 0x7a, 0x8c, 0x92, 0x7c, 0x96, 0x7e, 0x7a, 0x8e, 0x7e,
  0x87, 0x82, 0x87, 0x8a, 0x70, 0x8c, 0x88, 0x81, 0x92, 0x73, 0x83, 0x8b,
  0x73, 0x89, 0x87, 0x8b, 0x81, 0x79, 0x8f, 0x85, 0x88, 0x7e, 0x73, 0x94,
  0x81, 0x70, 0x8e, 0x92, 0x84, 0x7a, 0x8a, 0x99, 0x71, 0x79, 0x84, 0x87,
  0x84, 0x72, 0x8d, 0xa1, 0x72, 0x6c, 0x98, 0x93, 0x7f, 0x7f, 0x8e, 0x81,
  0x6f, 0x84, 0x90, 0x8e, 0x83, 0x85, 0x90, 0x83, 0x70, 0x8c, 0x95, 0x7a,
  0x78, 0x92, 0x88, 0x73, 0x83, 0x92, 0x85, 0x79, 0x83, 0x89, 0x81, 0x73,
  0x7d, 0x9a, 0x88, 0x79, 0x93, 0x87, 0x74, 0x79, 0x8a, 0x84, 0x7c, 0x7c,
  0x8d, 0x87, 0x87, 0x80, 0x8a, 0x92, 0x75, 0x7c, 0x8b, 0x88, 0x78, 0x83,
  0x8d, 0x86, 0x85, 0x82, 0x87, 0x88, 0x7f, 0x75, 0x89, 0x8c, 0x7c, 0x7d,
  0x88, 0x85, 0x7d, 0x87, 0x8c, 0x87, 0x84, 0x79, 0x84, 0x90, 0x7b, 0x8a,
  0x8a, 0x82, 0x78, 0x81, 0x9c, 0x79, 0x80, 0x8d, 0x77, 0x8a, 0x7b, 0x8d,
  0x93, 0x6e, 0x80, 0x89, 0x83, 0x7f, 0x77, 0x9b, 0x7b, 0x6a, 0x91, 0x89,
  0x77, 0x7e, 0x8d, 0x91, 0x74, 0x77, 0x93, 0x88, 0x71, 0x77, 0x93, 0x97,
  0x64, 0x7f, 0x93, 0x7d, 0x73, 0x85, 0x8f, 0x8e, 0x75, 0x83, 0x8e, 0x84,
  0x79, 0x85, 0x97, 0x81, 0x75, 0x89, 0x7c, 0x7d, 0x88, 0x89, 0x84, 0x84,
  0x84, 0x7d, 0x82, 0x89, 0x7d, 0x87, 0x88, 0x7d, 0x89, 0x81, 0x7d, 0x85,
  0x8e, 0x84, 0x7e, 0x8e, 0x7f, 0x7b, 0x8a, 0x81, 0x88, 0x87, 0x79, 0x7f,
  0x88, 0x89, 0x7c, 0x81, 0x8a, 0x89, 0x83, 0x7d, 0x87, 0x8c, 0x7f, 0x78,
  0x96, 0x91, 0x73, 0x82, 0x90, 0x85, 0x72, 0x7d, 0x95, 0x83, 0x7e, 0x8a,
  0x89, 0x89, 0x76, 0x81, 0x91, 0x6f, 0x7d, 0x92, 0x90, 0x7d, 0x7d, 0x91,
  0x85, 0x76, 0x86, 0x8a, 0x85, 0x76, 0x7e, 0x8e, 0x88, 0x6e, 0x90, 0x9b,
  0x6f, 0x74, 0x8f, 0x88, 0x77, 0x7e, 0x9d, 0x86, 0x73, 0x84, 0x89, 0x94,
  0x73, 0x6b, 0x9c, 0x82, 0x71, 0x83, 0x8d, 0x90, 0x73, 0x8b, 0x96, 0x82,
  0x88, 0x76, 0x88, 0x94, 0x73, 0x87, 0x8b, 0x87, 0x82, 0x79, 0x8e, 0x83,
  0x7d, 0x8a, 0x7c, 0x8a, 0x7f, 0x79, 0x8d, 0x89, 0x82, 0x84, 0x88, 0x85,
  0x82, 0x88, 0x84, 0x82, 0x87, 0x7e, 0x83, 0x88, 0x81, 0x89, 0x88, 0x7b,
  0x82, 0x8b, 0x83, 0x7a, 0x8a, 0x93, 0x6f, 0x7e, 0x8e, 0x83, 0x7f, 0x78,
  0x8e, 0x8d, 0x74, 0x7f, 0x8f, 0x93, 0x76, 0x75, 0x98, 0x86, 0x70, 0x88,
  0x87, 0x8e, 0x7b, 0x85, 0x93, 0x81, 0x78, 0x82, 0x90, 0x86, 0x74, 0x88,
  0x8d, 0x73, 0x82, 0x8c, 0x84, 0x88, 0x85, 0x88, 0x82, 0x78, 0x87, 0x82,
  0x85, 0x84, 0x82, 0x91, 0x77, 0x74, 0x91, 0x88, 0x81, 0x86, 0x88, 0x82,
  0x75, 0x7d, 0x8b, 0x89, 0x88, 0x7e, 0x86, 0x90, 0x71, 0x80, 0x8b, 0x87,
  0x82, 0x7d, 0x87, 0x88, 0x7d, 0x7d, 0x87, 0x8b, 0x87, 0x72, 0x8b, 0x89,
  0x71, 0x83, 0x8b, 0x88, 0x82, 0x7a, 0x85, 0x89, 0x77, 0x7c, 0x88, 0x8d,
  0x7b, 0x78, 0x92, 0x7f, 0x7a, 0x88, 0x82, 0x84, 0x85, 0x7d, 0x86, 0x86,
  0x86, 0x88, 0x82, 0x84, 0x80, 0x8d, 0x86, 0x7a, 0x8f, 0x84, 0x75, 0x83,
  0x90, 0x8a, 0x79, 0x80, 0x8e, 0x85, 0x7a, 0x75, 0x8c, 0x8f, 0x6e, 0x80,
  0x91, 0x83, 0x71, 0x80, 0x93, 0x82, 0x7a, 0x86, 0x87, 0x84, 0x7e, 0x7f,
  0x94, 0x87, 0x7e, 0x88, 0x86, 0x85, 0x7c, 0x86, 0x83, 0x81, 0x8a, 0x7e,
  0x7c, 0x8f, 0x7b, 0x82, 0x89, 0x7f, 0x88, 0x7e, 0x81, 0x89, 0x84, 0x8f,
  0x82, 0x84, 0x85, 0x73, 0x87, 0x80, 0x7e, 0x90, 0x81, 0x7f, 0x85, 0x88,
  0x84, 0x7b, 0x91, 0x89, 0x77, 0x84, 0x84, 0x82, 0x86, 0x77, 0x8b, 0x93,
  0x75, 0x7e, 0x8b, 0x8b, 0x78, 0x7a, 0x94, 0x87, 0x7d, 0x87, 0x85, 0x88,
  0x7c, 0x76, 0x8f, 0x84, 0x71, 0x81, 0x89, 0x85, 0x82, 0x85, 0x89, 0x83,
  0x83, 0x87, 0x80, 0x8a, 0x81, 0x7d, 0x87, 0x81, 0x88, 0x87, 0x83, 0x82,
  0x89, 0x82, 0x7a, 0x87, 0x92, 0x84, 0x7c, 0x88, 0x86, 0x84, 0x7c, 0x84,
  0x8f, 0x88, 0x7a, 0x80, 0x8f, 0x7c, 0x77, 0x88, 0x91, 0x84, 0x79, 0x84,
  0x8a, 0x87, 0x7c, 0x82, 0x8a, 0x89, 0x79, 0x83, 0x93, 0x81, 0x80, 0x87,
  0x86, 0x87, 0x75, 0x7e, 0x8a, 0x85, 0x82, 0x7a, 0x91, 0x8d, 0x73, 0x84,
  0x88, 0x82, 0x84, 0x7e, 0x84, 0x88, 0x78, 0x83, 0x87, 0x8b, 0x87, 0x7f,
  0x8a, 0x7b, 0x7e, 0x8d, 0x7d, 0x84, 0x8e, 0x82, 0x83, 0x81, 0x8c, 0x88,
  0x73, 0x82, 0x88, 0x87, 0x7c, 0x75, 0x98, 0x88, 0x71, 0x87, 0x8c, 0x83,
  0x7d, 0x7a, 0x93, 0x89, 0x77, 0x87, 0x85, 0x89, 0x79, 0x7c, 0x93, 0x82,
  0x7d, 0x89, 0x86, 0x87, 0x80, 0x86, 0x86, 0x87, 0x84, 0x79, 0x85, 0x88,
  0x84, 0x83, 0x82, 0x7e, 0x88, 0x80, 0x7f, 0x8b, 0x89, 0x79, 0x7b, 0x8d,
  0x83, 0x7d, 0x81, 0x87, 0x8c, 0x85, 0x7c, 0x84, 0x8b, 0x80, 0x7c, 0x89,
  0x8d, 0x7e, 0x7a, 0x84, 0x88, 0x86, 0x7e, 0x83, 0x8e, 0x81, 0x75, 0x7c,
  0x95, 0x8a, 0x73, 0x82, 0x8d, 0x87, 0x7c, 0x7c, 0x92, 0x8f, 0x71, 0x7c,
  0x93, 0x82, 0x75, 0x7f, 0x91, 0x8a, 0x75, 0x88, 0x83, 0x83, 0x80, 0x79,
  0x8e, 0x88, 0x7d, 0x85, 0x80, 0x81, 0x89, 0x81, 0x84, 0x85, 0x83, 0x82,
  0x79, 0x8d, 0x89, 0x7d, 0x84, 0x80, 0x8b, 0x88, 0x71, 0x8a, 0x89, 0x7d,
  0x80, 0x86, 0x92, 0x80, 0x73, 0x8e, 0x88, 0x87, 0x81, 0x7f, 0x92, 0x81,
  0x7a, 0x89, 0x84, 0x89, 0x7a, 0x80, 0x8e, 0x83, 0x83, 0x80, 0x86, 0x8f,
  0x79, 0x79, 0x8c, 0x89, 0x83, 0x7e, 0x85, 0x89, 0x7b, 0x7e, 0x88, 0x86,
  0x86, 0x78, 0x86, 0x8d, 0x7f, 0x87, 0x87, 0x88, 0x85, 0x78, 0x85, 0x87,
  0x87, 0x85, 0x7d, 0x87, 0x84, 0x7e, 0x78, 0x86, 0x91, 0x83, 0x7f, 0x84,
  0x8c, 0x89, 0x71, 0x87, 0x97, 0x82, 0x74, 0x80, 0x90, 0x83, 0x74, 0x8c,
  0x92, 0x83, 0x7a, 0x7d, 0x96, 0x8a, 0x71, 0x89, 0x8f, 0x83, 0x7d, 0x81,
  0x90, 0x88, 0x7e, 0x84, 0x86, 0x88, 0x7c, 0x76, 0x8d, 0x87, 0x80, 0x87,
  0x80, 0x87, 0x82, 0x76, 0x88, 0x89, 0x87, 0x7d, 0x7c, 0x92, 0x81, 0x7a,
  0x89, 0x85, 0x89, 0x7b, 0x78, 0x91, 0x88, 0x7e, 0x83, 0x87, 0x88, 0x7c,
  0x7d, 0x89, 0x84, 0x89, 0x7c, 0x7d, 0x8f, 0x7a, 0x78, 0x8c, 0x89, 0x84,
  0x79, 0x82, 0x89, 0x80, 0x80, 0x86, 0x8d, 0x8d, 0x72, 0x85, 0x8e, 0x80,
  0x84, 0x82, 0x88, 0x85, 0x78, 0x84, 0x87, 0x86, 0x85, 0x81, 0x90, 0x80,
  0x7a, 0x87, 0x86, 0x87, 0x87, 0x82, 0x82, 0x82, 0x88, 0x7f, 0x82, 0x8d,
  0x89, 0x81, 0x7a, 0x85, 0x87, 0x82, 0x7d, 0x8e, 0x8d, 0x7c, 0x77, 0x8b,
  0x8a, 0x75, 0x7e, 0x89, 0x8c, 0x81, 0x79, 0x8a, 0x91, 0x82, 0x79, 0x85,
  0x91, 0x80, 0x75, 0x8c, 0x88, 0x87, 0x82, 0x7f, 0x90, 0x84, 0x76, 0x83,
  0x86, 0x88, 0x7d, 0x82, 0x92, 0x87, 0x82, 0x82, 0x83, 0x8f, 0x7b, 0x78,
  0x91, 0x88, 0x7f, 0x7e, 0x85, 0x8e, 0x7b, 0x7d, 0x88, 0x85, 0x87, 0x78,
  0x7e, 0x8d, 0x80, 0x85, 0x87, 0x86, 0x8f, 0x7d, 0x81, 0x88, 0x85, 0x87,
  0x79, 0x82, 0x95, 0x7b, 0x78, 0x86, 0x87, 0x84, 0x75, 0x82, 0x90, 0x76,
  0x75, 0x87, 0x8a, 0x88, 0x7c, 0x88, 0x8a, 0x7d, 0x7f, 0x81, 0x8d, 0x88,
  0x79, 0x82, 0x89, 0x81, 0x7e, 0x80, 0x8e, 0x85, 0x81, 0x89, 0x7c, 0x87,
  0x82, 0x7c, 0x89, 0x86, 0x84, 0x7b, 0x7c, 0x8e, 0x87, 0x7c, 0x85, 0x86,
  0x88, 0x79, 0x82, 0x86, 0x89, 0x7e, 0x82, 0x84, 0x7f, 0x91, 0x74, 0x7e,
  0x97, 0x6d, 0x87, 0x8c, 0x83, 0x88, 0x85, 0x8c, 0x79, 0x93, 0x7a, 0x81,
  0x74, 0x91, 0x96, 0x69, 0x97, 0x81, 0x99, 0x64, 0x96, 0x61, 0xa8, 0x47,
  0x95, 0x88, 0x75, 0x8a, 0x6e, 0xae, 0x5d, 0x89, 0x97, 0x7f, 0x85, 0x6b,
  0x8d, 0xa2, 0x94, 0x34, 0xc8, 0x4c, 0xce, 0x4e, 0x88, 0x9e, 0x84, 0x81,
  0x61, 0x8f, 0x90, 0x86, 0x4f, 0xae, 0x7a, 0x99, 0x5b, 0x8f, 0xa6, 0x70,
  0x7e, 0x7a, 0xb6, 0x47, 0x99, 0x6c, 0xd1, 0x63, 0x67, 0x95, 0x7c, 0x73,
  0x61, 0x9f, 0x93, 0x88, 0x68, 0xa7, 0x70, 0x8a, 0x8a, 0x77, 0x9f, 0x5c,
  0x97, 0x73, 0x82, 0x7a, 0xb0, 0x6d, 0x87, 0x86, 0x88, 0x92, 0x45, 0xac,
  0x75, 0x8c, 0x82, 0x8c, 0x9b, 0x84, 0x60, 0x99, 0x91, 0x72, 0x91, 0x5d,
  0xad, 0x68, 0x7e, 0x96, 0x83, 0x9c, 0x65, 0x80, 0x81, 0x97, 0x6c, 0x8f,
  0x74, 0xa3, 0x70, 0x79, 0x91, 0x92, 0x76, 0x63, 0x9c, 0x92, 0x82, 0x59,
  0x9f, 0x95, 0x7d, 0x7f, 0x8a, 0xa7, 0x60, 0x75, 0x8b, 0x9d, 0x75, 0x88,
  0x84, 0x95, 0x7e, 0x71, 0x94, 0x82, 0x97, 0x6c, 0x73, 0x90, 0x99, 0x69,
  0x8b, 0x8a, 0x8f, 0x7d, 0x64, 0xb6, 0x88, 0x76, 0x6a, 0x83, 0xb0, 0x64,
  0x66, 0xbb, 0x97, 0x6b, 0x7b, 0x85, 0xba, 0x4a, 0x7d, 0x9f, 0x87, 0x80,
  0x5a, 0xa6, 0x90, 0x5c, 0x7f, 0x9d, 0x89, 0x75, 0x6d, 0x89, 0x93, 0x76,
  0x8c, 0x8c, 0x8c, 0x72, 0x81, 0x79, 0x8e, 0x82, 0x84, 0x84, 0x78, 0x9a,
  0x78, 0x78, 0x8a, 0x86, 0x7b, 0x86, 0x81, 0x8c, 0x7b, 0x75, 0x99, 0x81,
  0x91, 0x7d, 0x79, 0x8c, 0x78, 0x86, 0x96, 0x7f, 0x91, 0x8c, 0x61, 0x93,
  0x7b, 0x98, 0x84, 0x61, 0xa0, 0x75, 0x7b, 0x8c, 0x86, 0x9f, 0x70, 0x6f,
  0xad, 0x76, 0x74, 0x87, 0x81, 0x97, 0x5e, 0x8b, 0x8f, 0x7a, 0x89, 0x84,
  0x8a, 0x94, 0x71, 0x82, 0x8b, 0x7c, 0x92, 0x73, 0x7d, 0x91, 0x89, 0x79,
  0x7a, 0x92, 0x99, 0x73, 0x6b, 0xa0, 0x87, 0x71, 0x7a, 0x9b, 0x9b, 0x5b,
  0x69, 0xa7, 0x92, 0x60, 0x80, 0x96, 0x9d, 0x59, 0x65, 0xac, 0x87, 0x74,
  0x7b, 0x93, 0xa0, 0x5f, 0x63, 0x9c, 0x81, 0x8c, 0x7e, 0x88, 0xa6, 0x59,
  0x7d, 0x8d, 0x8e, 0x93, 0x62, 0x8a, 0xa1, 0x68, 0x80, 0x83, 0x95, 0x95,
  0x59, 0x8a, 0x92, 0x73, 0x81, 0x7c, 0x9f, 0x94, 0x63, 0x8b, 0x90, 0x79,
  0x7e, 0x82, 0x95, 0x88, 0x78, 0x88, 0x89, 0x80, 0x88, 0x86, 0x87, 0x86,
  0x77, 0x85, 0x78, 0x7f, 0x9c, 0x7d, 0x7c, 0x8f, 0x84, 0x7e, 0x78, 0x8e,
  0x9a, 0x70, 0x73, 0x96, 0x85, 0x89, 0x76, 0x8b, 0x99, 0x65, 0x7f, 0x97,
  0x7c, 0x8a, 0x79, 0x8b, 0x94, 0x72, 0x97, 0x82, 0x75, 0x97, 0x71, 0x8d,
  0x83, 0x7b, 0x9f, 0x67, 0x81, 0xa1, 0x7b, 0x87, 0x73, 0x8b, 0x98, 0x62,
  0x91, 0x9a, 0x7b, 0x78, 0x6d, 0xa2, 0x98, 0x67, 0x84, 0x94, 0x84, 0x6d,
  0x71, 0x9d, 0x91, 0x6d, 0x81, 0x8e, 0x8c, 0x77, 0x6d, 0x91, 0xa2, 0x6d,
  0x73, 0x90, 0x8d, 0x7c, 0x64, 0x95, 0xab, 0x73, 0x66, 0x8b, 0x96, 0x83,
  0x62, 0x94, 0xad, 0x63, 0x70, 0x8b, 0x95, 0x89, 0x5e, 0x9a, 0x9d, 0x5f,
  0x7c, 0x89, 0x96, 0x8d, 0x60, 0x9b, 0x97, 0x74, 0x8d, 0x6f, 0x8f, 0x93,
  0x71, 0x89, 0x7f, 0x88, 0x8a, 0x68, 0x90, 0x92, 0x82, 0x84, 0x6f, 0x98,
  0x86, 0x64, 0x8f, 0x92, 0x85, 0x72, 0x79, 0x9a, 0x85, 0x6d, 0x8f, 0x8d,
  0x7d, 0x76, 0x83, 0x97, 0x85, 0x72, 0x8b, 0x8a, 0x79, 0x89, 0x7a, 0x89,
  0x8c, 0x79, 0x89, 0x7a, 0x85, 0x8e, 0x78, 0x8d, 0x8f, 0x7e, 0x87, 0x70,
  0x8b, 0x9b, 0x73, 0x8a, 0x86, 0x82, 0x89, 0x68, 0x90, 0x9a, 0x76, 0x91,
  0x79, 0x8a, 0x98, 0x66, 0x8f, 0x90, 0x83, 0x86, 0x66, 0x93, 0x8e, 0x6c,
  0x89, 0x88, 0x9b, 0x7c, 0x58, 0x98, 0x95, 0x70, 0x7a, 0x90, 0xa6, 0x71,
  0x5c, 0x94, 0x99, 0x73, 0x79, 0x92, 0x9e, 0x74, 0x64, 0x98, 0x98, 0x74,
  0x77, 0x8e, 0x8e, 0x7d, 0x64, 0x91, 0x9b, 0x71, 0x7f, 0x85, 0x91, 0x8a,
  0x66, 0x8c, 0x8f, 0x83, 0x84, 0x6b, 0x8f, 0x9b, 0x6b, 0x87, 0x85, 0x91,
  0x80, 0x60, 0x9c, 0x99, 0x70, 0x82, 0x85, 0x9d, 0x7b, 0x5d, 0x9d, 0x91,
  0x76, 0x7f, 0x7e, 0x9d, 0x76, 0x6b, 0x98, 0x8d, 0x85, 0x72, 0x7b, 0x98,
  0x78, 0x7b, 0x93, 0x84, 0x89, 0x77, 0x78, 0x96, 0x86, 0x7e, 0x88, 0x86,
  0x88, 0x77, 0x78, 0x90, 0x8a, 0x86, 0x87, 0x86, 0x8d, 0x77, 0x77, 0x9a,
  0x8a, 0x7c, 0x8a, 0x7a, 0x85, 0x80, 0x7f, 0x92, 0x7a, 0x84, 0x8b, 0x77,
  0x85, 0x85, 0x89, 0x90, 0x6c, 0x92, 0x8f, 0x6b, 0x8a, 0x89, 0x8f, 0x7d,
  0x73, 0x9d, 0x86, 0x66, 0x85, 0x84, 0x99, 0x80, 0x68, 0xa1, 0x81, 0x6d,
  0x89, 0x86, 0x9a, 0x79, 0x6e, 0x92, 0x86, 0x85, 0x81, 0x89, 0x9e, 0x7a,
  0x6d, 0x88, 0x85, 0x88, 0x72, 0x7b, 0x96, 0x80, 0x70, 0x85, 0x93, 0x8d,
  0x6f, 0x77, 0x9e, 0x86, 0x6a, 0x85, 0x90, 0x8e, 0x71, 0x74, 0xa3, 0x8e,
  0x69, 0x83, 0x8b, 0x96, 0x76, 0x6c, 0x96, 0x87, 0x83, 0x87, 0x7d, 0x98,
  0x77, 0x6a, 0x95, 0x84, 0x8e, 0x7c, 0x7b, 0xa3, 0x7b, 0x6c, 0x8a, 0x8c,
  0x91, 0x6c, 0x71, 0xa6, 0x7b, 0x74, 0x84, 0x8f, 0x96, 0x67, 0x80, 0x9a,
  0x79, 0x79, 0x85, 0x90, 0x89, 0x68, 0x83, 0x90, 0x74, 0x82, 0x87, 0x8a,
  0x8a, 0x73, 0x82, 0x86, 0x80, 0x8e, 0x85, 0x7d, 0x85, 0x7d, 0x85, 0x7e,
  0x7b, 0x94, 0x84, 0x73, 0x85, 0x83, 0x83, 0x7f, 0x7a, 0x97, 0x80, 0x7f,
  0x87, 0x80, 0x8a, 0x7c, 0x7d, 0x94, 0x84, 0x82, 0x88, 0x7e, 0x95, 0x81,
  0x78, 0x90, 0x85, 0x85, 0x73, 0x7b, 0x9f, 0x81, 0x73, 0x89, 0x8a, 0x88,
  0x6f, 0x7c, 0xa4, 0x7a, 0x72, 0x86, 0x8a, 0x8a, 0x72, 0x85, 0x98, 0x7d,
  0x7b, 0x88, 0x8b, 0x91, 0x70, 0x7e, 0x98, 0x81, 0x79, 0x81, 0x88, 0x92,
  0x79, 0x79, 0x90, 0x8b, 0x82, 0x77, 0x87, 0xa0, 0x81, 0x74, 0x89, 0x8c,
  0x83, 0x75, 0x82, 0xa7, 0x7f, 0x67, 0x85, 0x8f, 0x8a, 0x69, 0x87, 0xac,
  0x7a, 0x73, 0x86, 0x8d, 0x8f, 0x67, 0x86, 0x9f, 0x71, 0x7c, 0x88, 0x8b,
  0x91, 0x6f, 0x8a, 0x89, 0x7c, 0x7b, 0x71, 0x98, 0x95, 0x6b, 0x9b, 0x77,
  0x78, 0x91, 0x5d, 0xa8, 0x58, 0xac, 0x78, 0x6b, 0xad, 0x6b, 0x88, 0x86,
  0x8a, 0x94, 0x66, 0x97, 0x77, 0x75, 0x9f, 0x61, 0xa1, 0x78, 0x75, 0x9b,
  0x56, 0xaf, 0x65, 0x92, 0x83, 0x62, 0xbb, 0x60, 0x7b, 0xa4, 0x64, 0x9e,
  0x7d, 0x62, 0xaf, 0x66, 0x7c, 0x90, 0x89, 0x8e, 0x5a, 0xa5, 0x9d, 0x73,
  0x91, 0x96, 0x70, 0x94, 0x54, 0x86, 0x9c, 0x75, 0x8d, 0x93, 0x83, 0x8b,
  0x70, 0x8a, 0x8d, 0x77, 0x9a, 0x6b, 0x8d, 0xab, 0x4e, 0x98, 0x78, 0x7f,
  0x9e, 0x55, 0x8f, 0xa8, 0x6b, 0x8d, 0x72, 0xb1, 0x7a, 0x46, 0xbd, 0x87,
  0x79, 0x8e, 0x68, 0xc4, 0x57, 0x69, 0x9d, 0x7e, 0x99, 0x5f, 0x85, 0xb3,
  0x4f, 0x94, 0x86, 0x7f, 0x99, 0x6e, 0x8d, 0x8a, 0x76, 0x91, 0x6a, 0x92,
  0x8a, 0x72, 0x8c, 0x7a, 0x89, 0x92, 0x76, 0x8d, 0x97, 0x7a, 0x7a, 0x8d,
  0x87, 0x7b, 0x79, 0x8c, 0x8d, 0x6f, 0x8b, 0x7d, 0x88, 0x87, 0x6b, 0x9a,
  0x7c, 0x6d, 0x9b, 0x7e, 0x88, 0x7f, 0x8c, 0x97, 0x5f, 0x97, 0x8b, 0x66,
  0x99, 0x72, 0x9d, 0x78, 0x5b, 0xa2, 0x83, 0x8a, 0x82, 0x79, 0xab, 0x4a,
  0x82, 0x9f, 0x72, 0x8d, 0x6a, 0x94, 0x9f, 0x58, 0x9c, 0x87, 0x82, 0x91,
  0x5e, 0x99, 0x87, 0x6a, 0x9f, 0x68, 0x8c, 0x94, 0x62, 0x8f, 0x7c, 0x8a,
  0x82, 0x60, 0xa3, 0x8c, 0x66, 0x89, 0x80, 0x96, 0x85, 0x60, 0xa1, 0x81,
  0x6a, 0x85, 0x84, 0x9b, 0x75, 0x6a, 0x9f, 0x7d, 0x7b, 0x8a, 0x80, 0xb3,
  0x7a, 0x7d, 0x9f, 0x72, 0x8f, 0x6c, 0x7c, 0xa7, 0x62, 0x88, 0x80, 0x72,
  0xa2, 0x58, 0x88, 0xa7, 0x6e, 0x87, 0x68, 0x9c, 0x8a, 0x5d, 0xa9, 0x80,
  0x84, 0x87, 0x5b, 0xb1, 0x8a, 0x6c, 0x94, 0x82, 0x8c, 0x6e, 0x86, 0xa4,
  0x68, 0x82, 0x8b, 0x7e, 0x95, 0x6b, 0x85, 0x95, 0x74, 0x8d, 0x7f, 0x83,
  0x7f, 0x81, 0x92, 0x74, 0x80, 0x99, 0x6c, 0x7c, 0x8f, 0x81, 0x8c, 0x7a,
  0x85, 0x96, 0x76, 0x83, 0x89, 0x8d, 0x8c, 0x6a, 0x98, 0x8e, 0x68, 0x99,
  0x7d, 0x77, 0x94, 0x77, 0x8b, 0x86, 0x82, 0x8f, 0x6e, 0x96, 0x82, 0x73,
  0x96, 0x68, 0x99, 0x92, 0x56, 0x8f, 0x8b, 0x7e, 0x84, 0x7f, 0xaa, 0x77,
  0x6b, 0x8f, 0x72, 0x95, 0x74, 0x71, 0xb7, 0x6b, 0x7e, 0x8c, 0x7b, 0x97,
  0x73, 0x8a, 0x95, 0x75, 0x94, 0x6a, 0x7b, 0x9f, 0x6b, 0x89, 0x90, 0x7a,
  0x91, 0x68, 0x81, 0x9b, 0x79, 0x7f, 0x7f, 0x96, 0x93, 0x55, 0x98, 0xa3,
  0x6e, 0x84, 0x79, 0x90, 0x8b, 0x5e, 0x9b, 0x96, 0x84, 0x76, 0x7c, 0xa7,
  0x6f, 0x6c, 0x9c, 0x77, 0x89, 0x84, 0x76, 0x9b, 0x76, 0x84, 0x8f, 0x80,
  0x91, 0x6c, 0x85, 0x8c, 0x77, 0x99, 0x6d, 0x7c, 0xa5, 0x72, 0x8c, 0x81,
  0x91, 0x92, 0x64, 0x96, 0x88, 0x76, 0x93, 0x6f, 0x91, 0x88, 0x66, 0x9c,
  0x7d, 0x7b, 0x85, 0x78, 0x97, 0x72, 0x7d, 0x8a, 0x75, 0x98, 0x85, 0x76,
  0x97, 0x78, 0x8c, 0x84, 0x73, 0x9a, 0x7e, 0x7b, 0x82, 0x76, 0x99, 0x72,
  0x74, 0xa9, 0x7e, 0x87, 0x87, 0x84, 0x9a, 0x73, 0x82, 0x91, 0x76, 0x8f,
  0x70, 0x7c, 0x90, 0x73, 0x97, 0x82, 0x71, 0x9f, 0x74, 0x7a, 0x8d, 0x7c,
  0x93, 0x69, 0x85, 0xa0, 0x68, 0x82, 0x88, 0x8e, 0x95, 0x61, 0x99, 0x97,
  0x67, 0x83, 0x86, 0x9f, 0x7c, 0x62, 0xa7, 0x8f, 0x72, 0x8a, 0x85, 0x99,
  0x7b, 0x69, 0x95, 0x83, 0x82, 0x7d, 0x82, 0x93, 0x72, 0x80, 0x8a, 0x77,
  0x96, 0x7a, 0x70, 0x97, 0x84, 0x83, 0x7c, 0x86, 0x98, 0x6e, 0x7b, 0x90,
  0x83, 0x8e, 0x6c, 0x8a, 0x9a, 0x65, 0x83, 0x92, 0x88, 0x7c, 0x73, 0x93,
  0x7e, 0x74, 0x8a, 0x7e, 0x98, 0x8a, 0x6f, 0x97, 0x7b, 0x7b, 0x91, 0x7d,
  0x97, 0x7a, 0x83, 0x87, 0x69, 0x9d, 0x74, 0x74, 0xa1, 0x72, 0x89, 0x78,
  0x79, 0xa0, 0x75, 0x80, 0x93, 0x84, 0x8f, 0x5f, 0x89, 0x97, 0x60, 0x99,
  0x89, 0x77, 0x8c, 0x6e, 0x8f, 0x8e, 0x7a, 0x95, 0x79, 0x89, 0x84, 0x6e,
  0x99, 0x6b, 0x83, 0xa1, 0x66, 0x85, 0x8f, 0x7c, 0x8b, 0x76, 0x91, 0x89,
  0x6c, 0x8d, 0x7c, 0x8e, 0x84, 0x5f, 0xa7, 0x89, 0x67, 0x8f, 0x7c, 0x85,
  0x80, 0x73, 0x99, 0x7f, 0x88, 0x7d, 0x77, 0xa6, 0x72, 0x77, 0x9a, 0x7c,
  0x89, 0x7e, 0x71, 0x9a, 0x7d, 0x7a, 0x7b, 0x8c, 0x96, 0x6b, 0x81, 0x99,
  0x7f, 0x7d, 0x77, 0x8d, 0x94, 0x72, 0x8c, 0x8f, 0x88, 0x78, 0x74, 0xa2,
  0x90, 0x78, 0x8d, 0x7c, 0x85, 0x86, 0x77, 0x90, 0x87, 0x81, 0x83, 0x79,
  0x8e, 0x81, 0x84, 0x8a, 0x7d, 0x96, 0x76, 0x6f, 0xa3, 0x83, 0x77, 0x8b,
  0x85, 0x90, 0x6a, 0x7a, 0x92, 0x7b, 0x8c, 0x7b, 0x88, 0x94, 0x64, 0x89,
  0x92, 0x84, 0x8f, 0x7a, 0x90, 0x8b, 0x6b, 0x92, 0x7d, 0x82, 0x97, 0x69,
  0x8d, 0x80, 0x71, 0x95, 0x6f, 0x89, 0x8e, 0x79, 0x8e, 0x70, 0x8e, 0x8b,
  0x6a, 0x9e, 0x82, 0x75, 0x8e, 0x71, 0x8e, 0x7d, 0x75, 0x98, 0x75, 0x89,
  0x83, 0x74, 0x9d, 0x76, 0x86, 0x97, 0x72, 0x98, 0x83, 0x78, 0x94, 0x77,
  0x8b, 0x7c, 0x76, 0x9f, 0x72, 0x7a, 0x8c, 0x7c, 0x92, 0x74, 0x7b, 0xa8,
  0x7b, 0x81, 0x8a, 0x8c, 0x86, 0x64, 0x92, 0x95, 0x79, 0x87, 0x7e, 0x8e,
  0x8c, 0x71, 0x91, 0x87, 0x83, 0x81, 0x77, 0x93, 0x81, 0x84, 0x8f, 0x71,
  0x94, 0x85, 0x6c, 0x91, 0x82, 0x86, 0x7f, 0x83, 0x96, 0x75, 0x75, 0x86,
  0x8e, 0x9d, 0x6e, 0x81, 0x9f, 0x6d, 0x7b, 0x8a, 0x92, 0x8a, 0x6f, 0x8d,
  0x8e, 0x79, 0x82, 0x72, 0x9b, 0x8d, 0x66, 0x94, 0x89, 0x7b, 0x8a, 0x7e,
  0x8d, 0x8c, 0x7b, 0x86, 0x7a, 0x91, 0x80, 0x71, 0x9e, 0x7f, 0x7e, 0x8d,
  0x70, 0x94, 0x82, 0x6f, 0x8e, 0x83, 0x86, 0x78, 0x7a, 0xa0, 0x75, 0x83,
  0x96, 0x70, 0x94, 0x7f, 0x7a, 0x9d, 0x73, 0x82, 0x89, 0x7d, 0x8f, 0x75,
  0x8d, 0x7f, 0x6e, 0x9d, 0x72, 0x7c, 0xa2, 0x7b, 0x8e, 0x88, 0x85, 0x94,
  0x77, 0x80, 0x8d, 0x85, 0x90, 0x62, 0x8e, 0x92, 0x66, 0x95, 0x86, 0x85,
  0x83, 0x77, 0x88, 0x85, 0x87, 0x86, 0x79, 0x91, 0x81, 0x73, 0x97, 0x7d,
  0x87, 0x94, 0x79, 0x91, 0x82, 0x78, 0x82, 0x89, 0x9a, 0x76, 0x7c, 0x91,
  0x76, 0x86, 0x79, 0x80, 0x9f, 0x74, 0x76, 0x8c, 0x8c, 0x81, 0x6e, 0x94,
  0x96, 0x72, 0x86, 0x83, 0x85, 0x8e, 0x6b, 0x8d, 0x91, 0x84, 0x85, 0x75,
  0x91, 0x81, 0x71, 0x94, 0x7f, 0x91, 0x84, 0x68, 0x9d, 0x86, 0x79, 0x8d,
  0x80, 0x93, 0x78, 0x77, 0x9d, 0x84, 0x89, 0x81, 0x7d, 0x9b, 0x6e, 0x78,
  0x99, 0x7b, 0x82, 0x76, 0x86, 0x8f, 0x6b, 0x87, 0x88, 0x7a, 0x90, 0x70,
  0x89, 0x8f, 0x76, 0x8e, 0x81, 0x87, 0x8c, 0x75, 0x89, 0x87, 0x84, 0x90,
  0x6d, 0x8b, 0x92, 0x6d, 0x8e, 0x80, 0x88, 0x8c, 0x6f, 0x8c, 0x89, 0x85,
  0x88, 0x77, 0x95, 0x7e, 0x6c, 0x94, 0x7f, 0x80, 0x8f, 0x77, 0x8a, 0x83,
  0x7c, 0x88, 0x7b, 0x90, 0x7f, 0x7c, 0x8b, 0x72, 0x8a, 0x83, 0x74, 0x97,
  0x8a, 0x7a, 0x88, 0x86, 0x86, 0x77, 0x87, 0x93, 0x7e, 0x88, 0x7d, 0x7d,
  0x96, 0x74, 0x84, 0x97, 0x85, 0x81, 0x7b, 0x8f, 0x86, 0x7d, 0x90, 0x76,
  0x8b, 0x90, 0x63, 0x8b, 0x93, 0x83, 0x8a, 0x83, 0x91, 0x83, 0x78, 0x8c,
  0x85, 0x95, 0x7a, 0x6d, 0xa9, 0x80, 0x6f, 0x8f, 0x89, 0x8d, 0x74, 0x7b,
  0x95, 0x7f, 0x88, 0x7a, 0x87, 0x98, 0x5c, 0x87, 0x9d, 0x75, 0x90, 0x7b,
  0x84, 0x8d, 0x71, 0x86, 0x82, 0x8b, 0x8f, 0x6f, 0x98, 0x8a, 0x6c, 0x8d,
  0x75, 0x8a, 0x91, 0x68, 0x8d, 0x89, 0x85, 0x88, 0x78, 0x9a, 0x80, 0x78,
  0x8c, 0x7c, 0x8f, 0x88, 0x71, 0x93, 0x85, 0x76, 0x86, 0x88, 0x8b, 0x7b,
  0x8a, 0x7e, 0x6e, 0x7f, 0xa1, 0x6a, 0x87, 0x96, 0x8f, 0x92, 0x58, 0x92,
  0x87, 0x72, 0x8b, 0x7e, 0x9a, 0x82, 0x7b, 0x9c, 0x79, 0x6d, 0x8b, 0x79,
  0x97, 0x73, 0x82, 0xa7, 0x76, 0x8f, 0x81, 0x8d, 0x8f, 0x5f, 0x85, 0x84,
  0x7c, 0xaa, 0x6b, 0x7d, 0x84, 0x6e, 0x9c, 0x7f, 0x98, 0x6b, 0x7c, 0x95,
  0x71, 0x90, 0x84, 0x7b, 0x8f, 0x82, 0x88, 0x87, 0x80, 0x8f, 0x77, 0x73,
  0x8b, 0x82, 0x87, 0x8a, 0x83, 0x8c, 0x83, 0x75, 0x93, 0x79, 0x87, 0x76,
  0x7f, 0xa3, 0x63, 0x98, 0x87, 0x80, 0xa1, 0x63, 0x86, 0x7f, 0x75, 0x8b,
  0x79, 0xab, 0x84, 0x76, 0x96, 0x73, 0x98, 0x78, 0x80, 0xa7, 0x80, 0x8d,
  0x7f, 0x9d, 0x90, 0x6c, 0x8f, 0x82, 0x80, 0x79, 0x8a, 0x99, 0x83, 0x70,
  0x72, 0x9a, 0x8b, 0x68, 0x8f, 0x85, 0x87, 0x79, 0x7f, 0xa3, 0x73, 0x82,
  0x79, 0x87, 0xa4, 0x6d, 0x91, 0x96, 0x70, 0x85, 0x77, 0x9d, 0x91, 0x76,
  0x8e, 0x7b, 0x8d, 0x80, 0x7c, 0x94, 0x83, 0x76, 0x80, 0x93, 0x85, 0x87,
  0x86, 0x7d, 0x87, 0x6f, 0x88, 0x88, 0x81, 0x84, 0x72, 0x9c, 0x82, 0x74,
  0xa1, 0x71, 0x80, 0x82, 0x7e, 0x93, 0x6b, 0x92, 0x81, 0x7f, 0x90, 0x6c,
  0x9c, 0x83, 0x6c, 0x97, 0x81, 0x8d, 0x7c, 0x7c, 0x93, 0x69, 0x91, 0x8a,
  0x88, 0x8e, 0x70, 0x87, 0x87, 0x7c, 0x76, 0x7c, 0x84, 0x7b, 0x86, 0x93,
  0x8c, 0x83, 0x7e, 0x73, 0x8b, 0x8d, 0x71, 0x80, 0x85, 0x7c, 0x95, 0x79,
  0x8c, 0x90, 0x67, 0x87, 0x76, 0x9a, 0x8f, 0x6a, 0xa3, 0x74, 0x89, 0x89,
  0x76, 0xa5, 0x71, 0x7e, 0x88, 0x7d, 0xac, 0x72, 0x89, 0x98, 0x72, 0x93,
  0x71, 0x8e, 0x8f, 0x69, 0x81, 0x7d, 0x8d, 0x80, 0x77, 0x98, 0x84, 0x76,
  0x80, 0x8c, 0x91, 0x71, 0x6f, 0x81, 0x97, 0x7a, 0x78, 0x8f, 0x84, 0x7c,
  0x74, 0x9b, 0x8d, 0x6b, 0x86, 0x80, 0x91, 0x8c, 0x76, 0x9b, 0x7d, 0x7f,
  0x7d, 0x76, 0x95, 0x72, 0x8c, 0x8a, 0x7c, 0x90, 0x7b, 0x8c, 0x85, 0x82,
  0x84, 0x73, 0x90, 0x80, 0x7f, 0x84, 0x84, 0x92, 0x7c, 0x82, 0x82, 0x82,
  0x8b, 0x7f, 0x92, 0x81, 0x78, 0x85, 0x77, 0x8a, 0x7c, 0x85, 0x7e, 0x75,
  0x92, 0x79, 0x90, 0x89, 0x7e, 0x95, 0x76, 0x89, 0x90, 0x7f, 0x82, 0x70,
  0x8b, 0x89, 0x75, 0x99, 0x83, 0x86, 0x7f, 0x76, 0x94, 0x81, 0x80, 0x78,
  0x7f, 0x86, 0x77, 0x86, 0x8e, 0x87, 0x86, 0x7c, 0x78, 0x8d, 0x8b, 0x79,
  0x86, 0x83, 0x83, 0x89, 0x85, 0x90, 0x7c, 0x7a, 0x85, 0x7a, 0x9d, 0x77,
  0x73, 0x94, 0x74, 0x90, 0x80, 0x86, 0x94, 0x66, 0x90, 0x86, 0x87, 0x8f,
  0x61, 0xa1, 0x7b, 0x72, 0x95, 0x86, 0x96, 0x71, 0x7e, 0x99, 0x78, 0x94,
  0x7f, 0x7b, 0x94, 0x76, 0x85, 0x8b, 0x80, 0x84, 0x81, 0x8a, 0x80, 0x7f,
  0x83, 0x81, 0x82, 0x85, 0x7f, 0x82, 0x86, 0x78, 0x7d, 0x89, 0x7e, 0x8e,
  0x80, 0x7f, 0x80, 0x7c, 0x8c, 0x7c, 0x94, 0x8f, 0x6f, 0x90, 0x78, 0x84,
  0x88, 0x7f, 0x8d, 0x75, 0x89, 0x8a, 0x7d, 0x8e, 0x76, 0x8a, 0x86, 0x79,
  0x93, 0x83, 0x7f, 0x85, 0x85, 0x8c, 0x7f, 0x8d, 0x84, 0x7b, 0x81, 0x84,
  0x8c, 0x86, 0x83, 0x82, 0x86, 0x80, 0x80, 0x8f, 0x81, 0x79, 0x81, 0x83,
  0x8c, 0x85, 0x8b, 0x82, 0x76, 0x8b, 0x7c, 0x84, 0x8b, 0x76, 0x8d, 0x7c,
  0x84, 0x8f, 0x85, 0x8a, 0x7d, 0x80, 0x88, 0x7b, 0x8a, 0x84, 0x7e, 0x84,
  0x7d, 0x8c, 0x86, 0x7c, 0x89, 0x85, 0x87, 0x83, 0x7e, 0x86, 0x86, 0x7c,
  0x8d, 0x80, 0x84, 0x8e, 0x7a, 0x83, 0x87, 0x77, 0x87, 0x7f, 0x91, 0x8b,
  0x75, 0x8f, 0x80, 0x91, 0x83, 0x6d, 0x9b, 0x78, 0x81, 0x86, 0x7e, 0x98,
  0x77, 0x85, 0x8b, 0x78, 0x89, 0x74, 0x87, 0x89, 0x76, 0x96, 0x86, 0x85,
  0x7f, 0x72, 0x90, 0x82, 0x7e, 0x83, 0x78, 0x8b, 0x84, 0x83, 0x87, 0x85,
  0x7e, 0x7d, 0x7f, 0x8c, 0x84, 0x7f, 0x87, 0x80, 0x89, 0x82, 0x7c, 0x90,
  0x80, 0x7e, 0x8a, 0x84, 0x8e, 0x77, 0x7d, 0x88, 0x75, 0x90, 0x84, 0x8b,
  0x91, 0x70, 0x88, 0x85, 0x81, 0x90, 0x76, 0x8b, 0x7d, 0x80, 0x92, 0x75,
  0x8d, 0x84, 0x72, 0x89, 0x81, 0x8c, 0x87, 0x7c, 0x87, 0x7e, 0x87, 0x80,
  0x82, 0x8d, 0x7c, 0x7f, 0x8b, 0x86, 0x82, 0x88, 0x80, 0x8a, 0x8b, 0x78,
  0x84, 0x80, 0x7f, 0x85, 0x7e, 0x8f, 0x88, 0x87, 0x85, 0x7a, 0x8b, 0x84,
  0x79, 0x88, 0x85, 0x7f, 0x7f, 0x86, 0x92, 0x7c, 0x7e, 0x8a, 0x88, 0x8d,
  0x78, 0x7f, 0x90, 0x7f, 0x7a, 0x85, 0x89, 0x81, 0x7e, 0x82, 0x88, 0x89,
  0x7f, 0x7f, 0x87, 0x82, 0x83, 0x84, 0x8e, 0x83, 0x85, 0x7d, 0x7f, 0x8c,
  0x7d, 0x88, 0x80, 0x89, 0x84, 0x74, 0x91, 0x8d, 0x82, 0x8b, 0x74, 0x8f,
  0x82, 0x70, 0x93, 0x84, 0x8a, 0x77, 0x7e, 0x97, 0x7f, 0x86, 0x81, 0x81,
  0x8c, 0x78, 0x7b, 0x90, 0x81, 0x7f, 0x7f, 0x8d, 0x88, 0x76, 0x85, 0x85,
  0x7e, 0x84, 0x84, 0x8a, 0x92, 0x80, 0x85, 0x83, 0x80, 0x90, 0x73, 0x88,
  0x7c, 0x71, 0x8a, 0x80, 0x8e, 0x8b, 0x7a, 0x91, 0x7a, 0x7f, 0x8c, 0x7b,
  0x90, 0x75, 0x82, 0x85, 0x7c, 0x98, 0x76, 0x8a, 0x88, 0x7a, 0x89, 0x80,
  0x7e, 0x8a, 0x7f, 0x8f, 0x8e, 0x80, 0x8f, 0x72, 0x85, 0x81, 0x80, 0x8b,
  0x80, 0x87, 0x85, 0x85, 0x83, 0x8d, 0x80, 0x87, 0x73, 0x81, 0x8a, 0x7e,
  0x8c, 0x81, 0x88, 0x89, 0x86, 0x87, 0x8d, 0x80, 0x85, 0x74, 0x86, 0x8d,
  0x7a, 0x89, 0x79, 0x94, 0x84, 0x7d, 0x8b, 0x85, 0x7b, 0x74, 0x84, 0x90,
  0x88, 0x7c, 0x8f, 0x80, 0x86, 0x7e, 0x86, 0x90, 0x73, 0x7d, 0x84, 0x8e,
  0x86, 0x88, 0x86, 0x89, 0x77, 0x7f, 0x8d, 0x83, 0x89, 0x7b, 0x85, 0x87,
  0x86, 0x87, 0x85, 0x7b, 0x88, 0x7b, 0x7f, 0x8d, 0x7b, 0x88, 0x72, 0x8e,
  0x8e, 0x82, 0x8b, 0x7a, 0x87, 0x7c, 0x7a, 0x8e, 0x87, 0x80, 0x84, 0x7a,
  0x8d, 0x85, 0x83, 0x8f, 0x74, 0x7d, 0x7e, 0x86, 0x88, 0x82, 0x83, 0x87,
  0x7b, 0x8c, 0x80, 0x7c, 0x88, 0x79, 0x8f, 0x79, 0x7e, 0x8f, 0x7d, 0x82,
  0x88, 0x88, 0x8c, 0x80, 0x7a, 0x89, 0x78, 0x8d, 0x83, 0x82, 0x8c, 0x71,
  0x8d, 0x86, 0x85, 0x83, 0x77, 0x87, 0x88, 0x81, 0x8e, 0x83, 0x8c, 0x8d,
  0x74, 0x87, 0x82, 0x88, 0x7f, 0x77, 0x88, 0x85, 0x87, 0x87, 0x85, 0x89,
  0x7b, 0x73, 0x94, 0x84, 0x83, 0x81, 0x7b, 0x8d, 0x7c, 0x88, 0x8c, 0x87,
  0x82, 0x7e, 0x81, 0x8b, 0x7b, 0x80, 0x87, 0x79, 0x89, 0x80, 0x8b, 0x8a,
  0x83, 0x80, 0x7f, 0x88, 0x88, 0x7d, 0x83, 0x89, 0x83, 0x8b, 0x79, 0x8d,
  0x83, 0x79, 0x87, 0x82, 0x8c, 0x7b, 0x7b, 0x89, 0x85, 0x7d, 0x8a, 0x84,
  0x86, 0x7a, 0x77, 0x8c, 0x81, 0x86, 0x87, 0x84, 0x82, 0x7e, 0x86, 0x90,
  0x81, 0x88, 0x86, 0x79, 0x8c, 0x83, 0x8a, 0x84, 0x85, 0x89, 0x80, 0x7e,
  0x85, 0x81, 0x81, 0x7f, 0x82, 0x90, 0x76, 0x87, 0x82, 0x7c, 0x8d, 0x7c,
  0x87, 0x87, 0x7a, 0x80, 0x83, 0x88, 0x8d, 0x80, 0x8a, 0x80, 0x7d, 0x8e,
  0x7b, 0x85, 0x84, 0x7d, 0x82, 0x80, 0x8c, 0x84, 0x7c, 0x87, 0x80, 0x86,
  0x83, 0x78, 0x92, 0x7e, 0x77, 0x89, 0x85, 0x89, 0x7d, 0x82, 0x89, 0x83,
  0x85, 0x86, 0x83, 0x86, 0x7b, 0x83, 0x8c, 0x82, 0x89, 0x7e, 0x7f, 0x88,
  0x7d, 0x83, 0x86, 0x84, 0x88, 0x75, 0x85, 0x90, 0x80, 0x88, 0x7f, 0x8a,
  0x87, 0x76, 0x82, 0x8c, 0x84, 0x7e, 0x7e, 0x89, 0x87, 0x7b, 0x89, 0x7d,
  0x87, 0x86, 0x7a, 0x8d, 0x7e, 0x7c, 0x83, 0x86, 0x8b, 0x85, 0x83, 0x87,
  0x84, 0x85, 0x83, 0x84, 0x8f, 0x7f, 0x79, 0x85, 0x83, 0x8a, 0x81, 0x7e,
  0x87, 0x81, 0x82, 0x83, 0x88, 0x8a, 0x77, 0x8a, 0x8c, 0x81, 0x84, 0x80,
  0x8a, 0x85, 0x7c, 0x8d, 0x87, 0x81, 0x84, 0x7d, 0x8c, 0x89, 0x7a, 0x89,
  0x7e, 0x81, 0x86, 0x82, 0x8c, 0x80, 0x86, 0x84, 0x77, 0x8a, 0x86, 0x82,
  0x89, 0x7f, 0x8b, 0x82, 0x80, 0x8a, 0x84, 0x84, 0x81, 0x84, 0x8e, 0x81,
  0x7f, 0x88, 0x7d, 0x88, 0x89, 0x80, 0x89, 0x7c, 0x82, 0x86, 0x81, 0x8c,
  0x7b, 0x80, 0x85, 0x82, 0x8e, 0x7f, 0x81, 0x86, 0x76, 0x81, 0x86, 0x8a,
  0x86, 0x79, 0x8b, 0x8c, 0x83, 0x84, 0x7f, 0x8b, 0x83, 0x77, 0x8b, 0x89,
  0x84, 0x7f, 0x7e, 0x86, 0x82, 0x82, 0x83, 0x7e, 0x86, 0x80, 0x82, 0x90,
  0x82, 0x7e, 0x82, 0x7e, 0x8a, 0x82, 0x7e, 0x87, 0x81, 0x83, 0x7c, 0x84,
  0x90, 0x7a, 0x81, 0x88, 0x86, 0x89, 0x7a, 0x88, 0x8c, 0x7d, 0x84, 0x85,
  0x8b, 0x83, 0x74, 0x8c, 0x88, 0x7a, 0x88, 0x81, 0x86, 0x86, 0x80, 0x86,
  0x87, 0x85, 0x7e, 0x7f, 0x88, 0x82, 0x84, 0x89, 0x7f, 0x87, 0x7f, 0x7a,
  0x8d, 0x88, 0x83, 0x7f, 0x7c, 0x85, 0x82, 0x83, 0x85, 0x83, 0x82, 0x80,
  0x81, 0x8d, 0x7f, 0x83, 0x8b, 0x7f, 0x84, 0x83, 0x8b, 0x84, 0x7f, 0x87,
  0x81, 0x83, 0x89, 0x7b, 0x80, 0x84, 0x85, 0x8f, 0x7e, 0x80, 0x87, 0x7f,
  0x85, 0x7f, 0x8a, 0x85, 0x7b, 0x89, 0x86, 0x85, 0x85, 0x7e, 0x8b, 0x8b,
  0x7d, 0x83, 0x85, 0x85, 0x86, 0x82, 0x8b, 0x80, 0x82, 0x8a, 0x7e, 0x8a,
  0x82, 0x7c, 0x88, 0x80, 0x88, 0x80, 0x7f, 0x8c, 0x89, 0x86, 0x82, 0x83,
  0x8a, 0x77, 0x7e, 0x8c, 0x84, 0x85, 0x7c, 0x89, 0x8b, 0x80, 0x87, 0x86,
  0x82, 0x84, 0x7d, 0x89, 0x8c, 0x7f, 0x88, 0x81, 0x85, 0x84, 0x7d, 0x8a,
  0x7d, 0x82, 0x86, 0x80, 0x8b, 0x87, 0x7d, 0x87, 0x86, 0x88, 0x84, 0x7d,
  0x8d, 0x82, 0x7e, 0x87, 0x86, 0x8c, 0x7b, 0x80, 0x8b, 0x81, 0x86, 0x83,
  0x88, 0x89, 0x7b, 0x81, 0x8b, 0x88, 0x83, 0x7c, 0x88, 0x86, 0x7a, 0x80,
  0x84, 0x85, 0x89, 0x82, 0x84, 0x86, 0x80, 0x84, 0x80, 0x85, 0x89, 0x7d,
  0x88, 0x87, 0x84, 0x82, 0x82, 0x8a, 0x8b, 0x81, 0x85, 0x84, 0x86, 0x85,
  0x7d, 0x8a, 0x81, 0x7d, 0x88, 0x80, 0x89, 0x85, 0x82, 0x87, 0x80, 0x87,
  0x87, 0x87, 0x87, 0x81, 0x87, 0x82, 0x7e, 0x8a, 0x7f, 0x7a, 0x89, 0x84,
  0x89, 0x80, 0x81, 0x8d, 0x7f, 0x86, 0x87, 0x87, 0x84, 0x78, 0x85, 0x88,
  0x80, 0x88, 0x81, 0x85, 0x85, 0x7d, 0x88, 0x82, 0x84, 0x86, 0x7c, 0x89,
  0x89, 0x7c, 0x87, 0x85, 0x88, 0x8a, 0x79, 0x84, 0x88, 0x84, 0x83, 0x82,
  0x8b, 0x87, 0x7b, 0x8e, 0x69, 0xa0, 0x80, 0x6c, 0xa2, 0x7e, 0x6a, 0x91,
  0x82, 0x75, 0x95, 0x7c, 0x8f, 0x76, 0x82, 0x90, 0x67, 0x85, 0x87, 0x7d,
  0x8f, 0x70, 0x95, 0x8f, 0x6c, 0x98, 0x79, 0x94, 0x82, 0x68, 0x9f, 0x73,
  0x81, 0x8f, 0x7c, 0x87, 0x82, 0x7c, 0x8e, 0x7c, 0x7f, 0x9e, 0x91, 0x82,
  0x72, 0x88, 0x7b, 0x9d, 0x91, 0x68, 0x91, 0x97, 0x84, 0x77, 0x72, 0x94,
  0x86, 0x63, 0x96, 0x8a, 0x90, 0x6d, 0x78, 0xa2, 0x7c, 0x75, 0x84, 0x88,
  0x84, 0x76, 0x8a, 0x9b, 0x7e, 0x8a, 0x78, 0x7f, 0x87, 0x72, 0x89, 0x79,
  0x87, 0x91, 0x75, 0x90, 0x92, 0x7c, 0x85, 0x65, 0x96, 0x93, 0x73, 0x86,
  0x80, 0x8f, 0x78, 0x74, 0x9b, 0x83, 0x70, 0x79, 0x88, 0x8d, 0x84, 0x74,
  0x91, 0x84, 0x83, 0x87, 0x82, 0x84, 0x84, 0x7b, 0x7d, 0x81, 0x89, 0x8f,
  0x75, 0x90, 0x9a, 0x81, 0x85, 0x72, 0x90, 0x84, 0x64, 0x89, 0x96, 0x83,
  0x84, 0x7c, 0x97, 0x87, 0x6e, 0x90, 0x86, 0x80, 0x80, 0x77, 0x99, 0x8c,
  0x76, 0x93, 0x82, 0x83, 0x83, 0x72, 0x91, 0x75, 0x8a, 0x8a, 0x77, 0xa5,
  0x7d, 0x79, 0x8f, 0x7f, 0x8c, 0x6c, 0x76, 0xa7, 0x72, 0x7e, 0x87, 0x93,
  0x98, 0x61, 0x8c, 0x98, 0x69, 0x82, 0x81, 0x98, 0x84, 0x69, 0x95, 0x94,
  0x85, 0x7d, 0x79, 0x95, 0x75, 0x84, 0x9a, 0x81, 0x8a, 0x7e, 0x78, 0x91,
  0x87, 0x85, 0x77, 0x76, 0x94, 0x7a, 0x82, 0x8d, 0x82, 0x92, 0x71, 0x88,
  0x95, 0x7a, 0x7c, 0x79, 0x8e, 0x89, 0x67, 0x90, 0x8b, 0x73, 0x81, 0x7c,
  0xa2, 0x7b, 0x76, 0x96, 0x73, 0x8a, 0x82, 0x7f, 0x9a, 0x77, 0x89, 0x84,
  0x71, 0x94, 0x7f, 0x7b, 0x83, 0x78, 0x98, 0x7c, 0x7a, 0x94, 0x7b, 0x79,
  0x79, 0x88, 0x91, 0x79, 0x84, 0x8b, 0x7e, 0x87, 0x80, 0x87, 0x8c, 0x6f,
  0x7f, 0x84, 0x83, 0x7f, 0x81, 0x81, 0x88, 0x7b, 0x89, 0x81, 0x81, 0x92,
  0x7a, 0x7f, 0x89, 0x8a, 0x83, 0x6c, 0x84, 0x97, 0x7a, 0x6e, 0x8a, 0x88,
  0x78, 0x72, 0x8e, 0x93, 0x75, 0x82, 0x8e, 0x87, 0x83, 0x79, 0x8b, 0x8e,
  0x71, 0x84, 0x87, 0x8d, 0x86, 0x70, 0x86, 0x8e, 0x88, 0x89, 0x75, 0x8b,
  0x85, 0x71, 0x8f, 0x87, 0x97, 0x86, 0x6f, 0x9c, 0x89, 0x75, 0x7f, 0x84,
  0x87, 0x6f, 0x72, 0x96, 0x84, 0x80, 0x77, 0x83, 0x9a, 0x75, 0x85, 0x90,
  0x83, 0x8a, 0x7a, 0x99, 0x8c, 0x78, 0x8c, 0x71, 0x83, 0x91, 0x74, 0x8e,
  0x83, 0x85, 0x84, 0x77, 0x96, 0x7e, 0x7a, 0x84, 0x78, 0x96, 0x79, 0x71,
  0x97, 0x7a, 0x89, 0x7f, 0x83, 0x9e, 0x70, 0x85, 0x89, 0x80, 0x90, 0x77,
  0x8c, 0x8e, 0x72, 0x8a, 0x7e, 0x82, 0x88, 0x73, 0x92, 0x81, 0x83, 0x95,
  0x6f, 0x86, 0x84, 0x7a, 0x91, 0x71, 0x89, 0x90, 0x65, 0x89, 0x87, 0x8d,
  0x87, 0x74, 0x95, 0x86, 0x79, 0x91, 0x7d, 0x90, 0x7d, 0x72, 0x91, 0x80,
  0x7f, 0x81, 0x7e, 0x8b, 0x7a, 0x7e, 0x8e, 0x7d, 0x8a, 0x7e, 0x7a, 0x96,
  0x82, 0x84, 0x85, 0x85, 0x8a, 0x76, 0x7c, 0x97, 0x8d, 0x74, 0x7a, 0x8c,
  0x8f, 0x72, 0x7b, 0x93, 0x85, 0x72, 0x7f, 0x8e, 0x89, 0x71, 0x83, 0x98,
  0x81, 0x79, 0x7f, 0x87, 0x8a, 0x77, 0x78, 0x8e, 0x84, 0x83, 0x7c, 0x80,
  0x8f, 0x7f, 0x84, 0x86, 0x81, 0x8f, 0x71, 0x84, 0x93, 0x84, 0x78, 0x74,
  0x8d, 0x87, 0x79, 0x83, 0x8e, 0x93, 0x7c, 0x77, 0x95, 0x80, 0x7b, 0x80,
  0x8c, 0x8e, 0x73, 0x80, 0x91, 0x80, 0x83, 0x77, 0x88, 0x93, 0x77, 0x8c,
  0x82, 0x80, 0x96, 0x7a, 0x86, 0x83, 0x81, 0x8f, 0x6c, 0x8d, 0x8b, 0x74,
  0x8f, 0x80, 0x8e, 0x86, 0x73, 0x97, 0x83, 0x7e, 0x89, 0x7a, 0x99, 0x79,
  0x76, 0x94, 0x73, 0x8c, 0x8d, 0x75, 0x96, 0x79, 0x86, 0x87, 0x72, 0x9b,
  0x7f, 0x7b, 0x91, 0x74, 0x8d, 0x73, 0x7b, 0x9f, 0x7a, 0x7b, 0x8a, 0x83,
  0x90, 0x70, 0x7c, 0x93, 0x74, 0x82, 0x7f, 0x8c, 0x8a, 0x69, 0x8f, 0x94,
  0x7c, 0x83, 0x7a, 0x8c, 0x8f, 0x76, 0x83, 0x87, 0x86, 0x81, 0x72, 0x8a,
  0x8c, 0x7c, 0x7f, 0x84, 0x90, 0x84, 0x77, 0x84, 0x91, 0x88, 0x77, 0x82,
  0x91, 0x7f, 0x79, 0x82, 0x8c, 0x83, 0x7a, 0x87, 0x8c, 0x89, 0x74, 0x83,
  0x97, 0x7d, 0x7a, 0x86, 0x85, 0x87, 0x7a, 0x84, 0x8a, 0x84, 0x80, 0x82,
  0x8a, 0x8f, 0x88, 0x77, 0x83, 0x8d, 0x8a, 0x7b, 0x82, 0x90, 0x7c, 0x76,
  0x89, 0x8e, 0x7e, 0x7a, 0x82, 0x92, 0x88, 0x7c, 0x93, 0x87, 0x83, 0x7c,
  0x7a, 0x97, 0x7e, 0x82, 0x90, 0x7a, 0x8f, 0x7c, 0x80, 0x96, 0x74, 0x8c,
  0x80, 0x72, 0x91, 0x7a, 0x84, 0x8a, 0x7a, 0x99, 0x77, 0x7b, 0x95, 0x77,
  0x87, 0x7d, 0x83, 0x97, 0x71, 0x8b, 0x8c, 0x7f, 0x8f, 0x6d, 0x88, 0x91,
  0x6e, 0x8d, 0x84, 0x80, 0x94, 0x6c, 0x8c, 0x8b, 0x7f, 0x8e, 0x6e, 0x84,
  0x88, 0x76, 0x88, 0x85, 0x8a, 0x8e, 0x77, 0x8f, 0x91, 0x75, 0x7f, 0x7f,
  0x96, 0x7e, 0x78, 0x8c, 0x86, 0x85, 0x79, 0x7f, 0x91, 0x7e, 0x74, 0x8a,
  0x8b, 0x7f, 0x7c, 0x8b, 0x86, 0x80, 0x7d, 0x7e, 0x8a, 0x7f, 0x81, 0x85,
  0x85, 0x8b, 0x7e, 0x7d, 0x8e, 0x84, 0x83, 0x7c, 0x84, 0x90, 0x75, 0x77,
  0x8a, 0x86, 0x83, 0x75, 0x84, 0x91, 0x79, 0x81, 0x8a, 0x89, 0x84, 0x76,
  0x88, 0x89, 0x76, 0x80, 0x88, 0x87, 0x88, 0x79, 0x81, 0x90, 0x7a, 0x88,
  0x88, 0x87, 0x8b, 0x78, 0x8c, 0x8a, 0x7b, 0x8d, 0x75, 0x88, 0x93, 0x75,
  0x88, 0x85, 0x83, 0x90, 0x79, 0x83, 0x92, 0x78, 0x84, 0x80, 0x88, 0x89,
  0x70, 0x8d, 0x80, 0x7a, 0x90, 0x70, 0x8c, 0x8f, 0x75, 0x8c, 0x7c, 0x86,
  0x8f, 0x77, 0x8a, 0x84, 0x7f, 0x8e, 0x75, 0x89, 0x8f, 0x70, 0x8f, 0x88,
  0x81, 0x86, 0x72, 0x97, 0x85, 0x72, 0x86, 0x7f, 0x8e, 0x7d, 0x79, 0x94,
  0x7c, 0x79, 0x86, 0x7d, 0x93, 0x7b, 0x76, 0x8c, 0x83, 0x85, 0x80, 0x82,
  0x91, 0x83, 0x81, 0x7c, 0x87, 0x8b, 0x78, 0x7b, 0x8c, 0x86, 0x75, 0x7d,
  0x8c, 0x80, 0x7a, 0x81, 0x89, 0x90, 0x79, 0x7c, 0x8a, 0x82, 0x82, 0x6f,
  0x9c, 0x88, 0x69, 0x96, 0x78, 0x7f, 0xb1, 0x4a, 0x96, 0x70, 0x8c, 0x81,
  0x56, 0xab, 0x68, 0x8b, 0x84, 0x70, 0xa0, 0x6e, 0x7a, 0x8f, 0x62, 0x9c,
  0x67, 0x9d, 0x85, 0x70, 0xa2, 0x55, 0xb6, 0x63, 0x7b, 0xa0, 0x6d, 0xa7,
  0x61, 0x95, 0x92, 0x64, 0xb1, 0x6e, 0x9c, 0x76, 0x6e, 0xa8, 0x5a, 0x90,
  0x86, 0x83, 0x97, 0x58, 0x9e, 0x85, 0x8e, 0x81, 0x75, 0x9d, 0x64, 0x93,
  0x76, 0x93, 0x95, 0x59, 0xae, 0x64, 0x90, 0x91, 0x5e, 0xc3, 0x60, 0x8e,
  0x91, 0x64, 0xca, 0x4a, 0xaa, 0x87, 0x53, 0xb8, 0x5d, 0xac, 0x78, 0x6c,
  0xaa, 0x5d, 0xa0, 0x89, 0x83, 0xa1, 0x4e, 0xa5, 0x84, 0x8a, 0x80, 0x6e,
  0xa9, 0x68, 0x87, 0x87, 0x81, 0xa1, 0x4e, 0x99, 0x87, 0x87, 0x87, 0x66,
  0xaf, 0x6a, 0x79, 0x95, 0x7a, 0x9d, 0x5f, 0x84, 0x97, 0x6e, 0x96, 0x73,
  0xa0, 0x89, 0x6a, 0x97, 0x74, 0xa1, 0x6d, 0x84, 0x95, 0x76, 0x9f, 0x69,
  0x93, 0x8b, 0x6a, 0x9e, 0x74, 0x9b, 0x7c, 0x63, 0xa6, 0x77, 0x91, 0x80,
  0x78, 0xa5, 0x66, 0x8b, 0x85, 0x7b, 0x93, 0x72, 0x8c, 0x85, 0x7d, 0x86,
  0x7e, 0x8a, 0x88, 0x81, 0x83, 0x80, 0x85, 0x7b, 0x86, 0x7c, 0x91, 0x91,
  0x75, 0x8b, 0x74, 0x8a, 0x87, 0x73, 0x9d, 0x79, 0x85, 0x8a, 0x77, 0x95,
  0x78, 0x85, 0x95, 0x70, 0x8b, 0x7c, 0x7b, 0x98, 0x76, 0x84, 0x89, 0x7d,
  0x90, 0x80, 0x82, 0x8f, 0x80, 0x89, 0x84, 0x7f, 0x8c, 0x77, 0x7d, 0x8b,
  0x7f, 0x88, 0x7e, 0x7a, 0x94, 0x79, 0x80, 0x8e, 0x82, 0x8a, 0x77, 0x86,
  0x8a, 0x7a, 0x88, 0x7c, 0x83, 0x8a, 0x75, 0x84, 0x8f, 0x84, 0x80, 0x7f,
  0x89, 0x87, 0x7b, 0x81, 0x8d, 0x86, 0x7d, 0x83, 0x8c, 0x89, 0x80, 0x85,
  0x90, 0x8e, 0x82, 0x7c, 0x85, 0x91, 0x7d, 0x78, 0x8d, 0x85, 0x7c, 0x7b,
  0x7f, 0x93, 0x7e, 0x81, 0x8e, 0x81, 0x87, 0x7e, 0x7f, 0x9c, 0x7d, 0x80,
  0x90, 0x7d, 0x8a, 0x79, 0x7c, 0x96, 0x81, 0x83, 0x84, 0x80, 0x8f, 0x73,
  0x82, 0x90, 0x7a, 0x89, 0x72, 0x85, 0x92, 0x73, 0x84, 0x8a, 0x80, 0x88,
  0x74, 0x87, 0x8e, 0x73, 0x8e, 0x7f, 0x82, 0x8b, 0x73, 0x8e, 0x8b, 0x6f,
  0x88, 0x7c, 0x83, 0x8f, 0x77, 0x8d, 0x84, 0x7b, 0x8b, 0x7a, 0x8a, 0x90,
  0x78, 0x8d, 0x82, 0x88, 0x8c, 0x6d, 0x86, 0x86, 0x82, 0x88, 0x80, 0x84,
  0x87, 0x7b, 0x87, 0x8a, 0x83, 0x87, 0x73, 0x86, 0x8a, 0x83, 0x8d, 0x87,
  0x8b, 0x83, 0x7a, 0x88, 0x85, 0x83, 0x82, 0x7f, 0x8b, 0x84, 0x77, 0x81,
  0x87, 0x82, 0x83, 0x7f, 0x8b, 0x89, 0x79, 0x7b, 0x87, 0x87, 0x80, 0x7f,
  0x8a, 0x84, 0x78, 0x82, 0x8b, 0x85, 0x81, 0x79, 0x7f, 0x8d, 0x7f, 0x83,
  0x8f, 0x86, 0x85, 0x7a, 0x7f, 0x91, 0x7f, 0x80, 0x8a, 0x85, 0x87, 0x76,
  0x80, 0x93, 0x7b, 0x84, 0x80, 0x85, 0x91, 0x72, 0x82, 0x96, 0x80, 0x8c,
  0x81, 0x8a, 0x94, 0x73, 0x86, 0x88, 0x84, 0x8b, 0x6e, 0x88, 0x8f, 0x74,
  0x8c, 0x88, 0x8a, 0x86, 0x6d, 0x8a, 0x87, 0x7d, 0x87, 0x75, 0x89, 0x84,
  0x6f, 0x8d, 0x82, 0x84, 0x89, 0x7a, 0x94, 0x80, 0x7b, 0x8d, 0x80, 0x8f,
  0x87, 0x7c, 0x8f, 0x82, 0x7d, 0x85, 0x7e, 0x8e, 0x83, 0x7c, 0x91, 0x7c,
  0x87, 0x8c, 0x7c, 0x89, 0x87, 0x78, 0x83, 0x80, 0x88, 0x87, 0x81, 0x8d,
  0x80, 0x83, 0x82, 0x82, 0x8d, 0x80, 0x7b, 0x88, 0x8a, 0x82, 0x7e, 0x80,
  0x88, 0x84, 0x7e, 0x8a, 0x85, 0x83, 0x81, 0x83, 0x8d, 0x85, 0x78, 0x80,
  0x87, 0x87, 0x85, 0x79, 0x82, 0x89, 0x79, 0x80, 0x86, 0x89, 0x85, 0x78,
  0x87, 0x87, 0x7c, 0x85, 0x84, 0x8d, 0x89, 0x73, 0x8f, 0x8c, 0x7e, 0x88,
  0x7f, 0x8d, 0x90, 0x78, 0x86, 0x8b, 0x81, 0x81, 0x7a, 0x95, 0x84, 0x74,
  0x8f, 0x80, 0x89, 0x86, 0x72, 0x90, 0x89, 0x74, 0x86, 0x7d, 0x8e, 0x82,
  0x76, 0x92, 0x7f, 0x7e, 0x87, 0x7c, 0x96, 0x81, 0x74, 0x94, 0x7d, 0x83,
  0x83, 0x7b, 0x99, 0x7b, 0x7b, 0x8b, 0x7f, 0x8c, 0x7a, 0x79, 0x98, 0x7c,
  0x83, 0x83, 0x7c, 0x90, 0x82, 0x82, 0x8f, 0x7f, 0x7f, 0x81, 0x80, 0x8b,
  0x7d, 0x82, 0x84, 0x7c, 0x88, 0x7e, 0x7e, 0x92, 0x82, 0x7d, 0x85, 0x84,
  0x8a, 0x7d, 0x7a, 0x8a, 0x85, 0x84, 0x81, 0x83, 0x8f, 0x7e, 0x85, 0x8a,
  0x7d, 0x82, 0x83, 0x7c, 0x89, 0x86, 0x7e, 0x87, 0x8a, 0x82, 0x7e, 0x81,
  0x8b, 0x84, 0x82, 0x80, 0x80, 0x89, 0x84, 0x7d, 0x8c, 0x8a, 0x7b, 0x88,
  0x84, 0x88, 0x82, 0x79, 0x8d, 0x83, 0x82, 0x82, 0x7a, 0x8d, 0x7f, 0x79,
  0x8b, 0x82, 0x8a, 0x7d, 0x79, 0x94, 0x88, 0x85, 0x8b, 0x7d, 0x87, 0x7d,
  0x76, 0x8d, 0x81, 0x81, 0x86, 0x7c, 0x92, 0x7a, 0x77, 0x94, 0x7f, 0x80,
  0x79, 0x7e, 0x91, 0x7a, 0x7c, 0x8d, 0x80, 0x89, 0x7c, 0x7c, 0x94, 0x7c,
  0x7d, 0x8a, 0x83, 0x8a, 0x79, 0x79, 0x8f, 0x7d, 0x83, 0x87, 0x80, 0x8e,
  0x75, 0x82, 0x90, 0x7f, 0x89, 0x7d, 0x86, 0x8a, 0x76, 0x89, 0x89, 0x7e,
  0x8a, 0x75, 0x82, 0x8a, 0x79, 0x89, 0x85, 0x88, 0x85, 0x7b, 0x89, 0x8c,
  0x82, 0x85, 0x84, 0x85, 0x8a, 0x79, 0x88, 0x8a, 0x83, 0x86, 0x7c, 0x84,
  0x89, 0x81, 0x7e, 0x87, 0x89, 0x87, 0x7b, 0x83, 0x8a, 0x7e, 0x85, 0x89,
  0x80, 0x8a, 0x7f, 0x7f, 0x8e, 0x81, 0x80, 0x82, 0x84, 0x85, 0x7b, 0x7c,
  0x8b, 0x84, 0x82, 0x80, 0x79, 0x90, 0x7c, 0x7c, 0x8e, 0x85, 0x87, 0x7e,
  0x7a, 0x90, 0x82, 0x7d, 0x88, 0x7f, 0x8e, 0x7a, 0x7a, 0x91, 0x7a, 0x83,
  0x85, 0x7f, 0x95, 0x7a, 0x78, 0x8e, 0x81, 0x86, 0x81, 0x84, 0x8e, 0x78,
  0x7f, 0x8e, 0x82, 0x8c, 0x75, 0x84, 0x8e, 0x73, 0x88, 0x87, 0x86, 0x8c,
  0x76, 0x82, 0x8e, 0x80, 0x85, 0x84, 0x88, 0x90, 0x72, 0x8a, 0x8f, 0x80,
  0x88, 0x7b, 0x87, 0x8d, 0x75, 0x82, 0x8b, 0x86, 0x84, 0x77, 0x8a, 0x8a,
  0x79, 0x89, 0x80, 0x88, 0x8d, 0x78, 0x8a, 0x8a, 0x7f, 0x87, 0x85, 0x87,
  0x82, 0x7c, 0x83, 0x86, 0x82, 0x83, 0x7e, 0x87, 0x86, 0x7b, 0x85, 0x87,
  0x86, 0x88, 0x83, 0x85, 0x8b, 0x7f, 0x7d, 0x88, 0x89, 0x85, 0x7e, 0x83,
  0x8a, 0x7b, 0x83, 0x85, 0x80, 0x8f, 0x81, 0x7d, 0x8c, 0x7d, 0x85, 0x83,
  0x82, 0x8f, 0x78, 0x7e, 0x88, 0x81, 0x8a, 0x7d, 0x84, 0x8c, 0x78, 0x81,
  0x88, 0x85, 0x89, 0x79, 0x82, 0x8d, 0x77, 0x83, 0x80, 0x89, 0x92, 0x76,
  0x84, 0x8c, 0x7e, 0x8a, 0x79, 0x8a, 0x91, 0x79, 0x87, 0x87, 0x85, 0x89,
  0x74, 0x89, 0x92, 0x77, 0x88, 0x84, 0x8b, 0x92, 0x73, 0x87, 0x8c, 0x78,
  0x89, 0x7b, 0x8c, 0x86, 0x71, 0x8f, 0x8c, 0x81, 0x88, 0x7c, 0x8e, 0x8c,
  0x75, 0x86, 0x83, 0x84, 0x86, 0x7a, 0x8e, 0x8a, 0x7d, 0x86, 0x80, 0x8b,
  0x87, 0x79, 0x8b, 0x84, 0x7b, 0x84, 0x7f, 0x89, 0x85, 0x7a, 0x89, 0x84,
  0x82, 0x82, 0x82, 0x90, 0x87, 0x7d, 0x87, 0x87, 0x86, 0x7e, 0x7f, 0x86,
  0x83, 0x7d, 0x82, 0x86, 0x88, 0x83, 0x83, 0x87, 0x86, 0x7c, 0x85, 0x83,
  0x83, 0x89, 0x7e, 0x83, 0x8b, 0x7f, 0x87, 0x85, 0x88, 0x8c, 0x7b, 0x84,
  0x88, 0x85, 0x89, 0x7a, 0x86, 0x8a, 0x76, 0x88, 0x81, 0x7f, 0x8e, 0x7a,
  0x86, 0x8e, 0x78, 0x89, 0x7c, 0x84, 0x8c, 0x79, 0x8c, 0x85, 0x7f, 0x8b,
  0x78, 0x85, 0x8e, 0x79, 0x89, 0x87, 0x82, 0x87, 0x76, 0x8c, 0x89, 0x7b,
  0x89, 0x80, 0x8d, 0x89, 0x72, 0x8f, 0x88, 0x78, 0x85, 0x7d, 0x8d, 0x81,
  0x74, 0x8d, 0x81, 0x86, 0x82, 0x7b, 0x93, 0x84, 0x7a, 0x8e, 0x85, 0x89,
  0x81, 0x74, 0x90, 0x84, 0x82, 0x8a, 0x83, 0x8b, 0x7c, 0x7b, 0x8f, 0x85,
  0x89, 0x84, 0x81, 0x8f, 0x80, 0x7e, 0x8b, 0x8a, 0x86, 0x7f, 0x82, 0x88,
  0x83, 0x7d, 0x86, 0x87, 0x86, 0x7e, 0x82, 0x8e, 0x83, 0x7e, 0x86, 0x87,
  0x86, 0x7e, 0x82, 0x88, 0x83, 0x7e, 0x86, 0x87, 0x86, 0x7f, 0x7e, 0x8c,
  0x84, 0x7c, 0x88, 0x80, 0x86, 0x81, 0x79, 0x87, 0x86, 0x82, 0x84, 0x7e,
  0x8b, 0x85, 0x7c, 0x88, 0x81, 0x86, 0x81, 0x7d, 0x8a, 0x82, 0x7f, 0x89,
  0x7e, 0x85, 0x86, 0x7c, 0x8f, 0x7e, 0x81, 0x85, 0x7a, 0x8c, 0x7d, 0x80,
  0x8d, 0x85, 0x80, 0x88, 0x7d, 0x7e, 0x87, 0x7a, 0xa3, 0x80, 0x71, 0x7b,
  0x93, 0x93, 0x55, 0x80, 0xa7, 0x7f, 0x73, 0x78, 0x9c, 0xa1, 0x6d, 0x73,
  0xa5, 0x7b, 0x77, 0x6f, 0x98, 0x95, 0x6f, 0x84, 0x8b, 0x88, 0x89, 0x74,
  0x8b, 0x90, 0x6f, 0x8a, 0x7e, 0x91, 0x8f, 0x6b, 0x8d, 0x77, 0x8e, 0x99,
  0x63, 0x71, 0x9d, 0x84, 0x7e, 0x79, 0x8f, 0xa6, 0x5f, 0x73, 0x9e, 0x8a,
  0x74, 0x7f, 0x8c, 0x99, 0x5e, 0x78, 0x9f, 0x84, 0x87, 0x68, 0x90, 0x94,
  0x6a, 0x7a, 0x8d, 0x91, 0x81, 0x7a, 0x80, 0x9b, 0x79, 0x7c, 0x8d, 0x8f,
  0x85, 0x6a, 0x7a, 0xa4, 0x7c, 0x7d, 0x89, 0x88, 0x97, 0x5a, 0x7c, 0x9f,
  0x7c, 0x88, 0x73, 0x8e, 0x8d, 0x73, 0x90, 0x94, 0x81, 0x8c, 0x76, 0x8a,
  0x87, 0x80, 0x87, 0x7f, 0x7b, 0x91, 0x88, 0x73, 0x8c, 0x86, 0x86, 0x7d,
  0x6f, 0xa9, 0x81, 0x71, 0x8f, 0x88, 0x97, 0x78, 0x70, 0xa3, 0x75, 0x78,
  0x81, 0x8f, 0x9c, 0x64, 0x86, 0x94, 0x85, 0x82, 0x7e, 0x92, 0x90, 0x60,
  0x6a, 0x9c, 0x88, 0x7d, 0x82, 0x8c, 0x9f, 0x67, 0x6e, 0x97, 0x85, 0x89,
  0x6b, 0x8b, 0xad, 0x60, 0x7d, 0x91, 0x8b, 0x90, 0x5d, 0x8f, 0x91, 0x69,
  0x8a, 0x82, 0x8f, 0x8f, 0x6c, 0x90, 0x8c, 0x84, 0x8a, 0x78, 0x8f, 0x85,
  0x7e, 0x77, 0x85, 0x8d, 0x89, 0x79, 0x78, 0x96, 0x7b, 0x75, 0x7b, 0x88,
  0x99, 0x67, 0x83, 0xa5, 0x7d, 0x71, 0x7a, 0x99, 0x9a, 0x56, 0x7e, 0x8d,
  0x89, 0x7e, 0x7d, 0xa4, 0x96, 0x63, 0x6e, 0x91, 0x83, 0x7a, 0x80, 0x92,
  0x96, 0x71, 0x7c, 0x94, 0x86, 0x89, 0x71, 0x76, 0x9a, 0x69, 0x87, 0x8d,
  0x87, 0x96, 0x69, 0x84, 0x93, 0x75, 0x8c, 0x7b, 0x80, 0x8c, 0x7a, 0x8e,
  0x79, 0x79, 0x96, 0x7f, 0x83, 0x8a, 0x82, 0x85, 0x74, 0x75, 0x9d, 0x85,
  0x75, 0x94, 0x82, 0x8a, 0x6f, 0x7b, 0xa8, 0x6c, 0x75, 0x8a, 0x86, 0x91,
  0x6b, 0x90, 0xa5, 0x6f, 0x7d, 0x7a, 0x8b, 0x86, 0x64, 0x95, 0x9b, 0x74,
  0x7a, 0x8b, 0x89, 0x8b, 0x70, 0x83, 0x96, 0x73, 0x86, 0x82, 0x88, 0x9a,
  0x6f, 0x88, 0x8c, 0x7c, 0x8d, 0x6b, 0x8e, 0x9b, 0x6e, 0x8b, 0x79, 0x89,
  0x90, 0x6e, 0x8d, 0x8e, 0x85, 0x79, 0x76, 0x91, 0x91, 0x72, 0x83, 0x9a,
  0x87, 0x7f, 0x7b, 0x8a, 0x91, 0x6c, 0x7f, 0x95, 0x7d, 0x83, 0x73, 0x93,
  0x9a, 0x6e, 0x89, 0x86, 0x85, 0x7f, 0x69, 0x9b, 0x93, 0x78, 0x88, 0x84,
  0x91, 0x75, 0x7b, 0x8a, 0x86, 0x79, 0x7a, 0x89, 0x86, 0x8d, 0x79, 0x87,
  0x8f, 0x6d, 0x86, 0x85, 0x7b, 0x92, 0x7a, 0x92, 0x85, 0x79, 0x9e, 0x73,
  0x84, 0x88, 0x7f, 0x90, 0x71, 0x83, 0x96, 0x76, 0x89, 0x89, 0x8d, 0x80,
  0x6f, 0x8a, 0x93, 0x6d, 0x77, 0x8d, 0x8e, 0x81, 0x74, 0x87, 0x98, 0x69,
  0x79, 0x90, 0x81, 0x8b, 0x68, 0x8e, 0xa2, 0x69, 0x90, 0x79, 0x8d, 0x82,
  0x60, 0x99, 0x89, 0x83, 0x84, 0x76, 0x9d, 0x80, 0x7b, 0x8c, 0x82, 0x8c,
  0x72, 0x7a, 0x89, 0x87, 0x7a, 0x7c, 0x8d, 0x85, 0x85, 0x6d, 0x87, 0x94,
  0x6d, 0x86, 0x81, 0x8d, 0x8c, 0x66, 0x8d, 0x8d, 0x88, 0x86, 0x72, 0xa0,
  0x7e, 0x69, 0x86, 0x8d, 0x99, 0x71, 0x7b, 0x97, 0x7d, 0x7c, 0x78, 0x95,
  0x8d, 0x6d, 0x7e, 0x92, 0x96, 0x6f, 0x80, 0x9b, 0x84, 0x80, 0x6d, 0x91,
  0x90, 0x6a, 0x8c, 0x86, 0x92, 0x80, 0x6c, 0x96, 0x7c, 0x7d, 0x84, 0x81,
  0x89, 0x78, 0x82, 0x87, 0x87, 0x86, 0x81, 0x87, 0x7c, 0x8d, 0x7c, 0x84,
  0x88, 0x86, 0x90, 0x74, 0x85, 0x95, 0x7c, 0x8a, 0x7b, 0x85, 0x90, 0x66,
  0x8b, 0x8b, 0x87, 0x88, 0x6c, 0x9b, 0x8e, 0x72, 0x89, 0x83, 0x91, 0x7b,
  0x75, 0x98, 0x8b, 0x81, 0x7f, 0x8a, 0x96, 0x81, 0x6f, 0x89, 0x93, 0x75,
  0x84, 0x87, 0x92, 0x82, 0x68, 0x8f, 0x90, 0x85, 0x85, 0x75, 0x9b, 0x7c,
  0x75, 0x93, 0x81, 0x92, 0x7b, 0x74, 0x98, 0x81, 0x85, 0x7d, 0x7f, 0x94,
  0x80, 0x7a, 0x86, 0x90, 0x89, 0x71, 0x7c, 0x91, 0x87, 0x66, 0x81, 0x93,
  0x82, 0x76, 0x7b, 0x9c, 0x8d, 0x64, 0x84, 0x90, 0x8a, 0x6c, 0x73, 0x9e,
  0x7e, 0x6d, 0x81, 0x8f, 0x8d, 0x6c, 0x79, 0x97, 0x87, 0x74, 0x7a, 0x94,
  0x8b, 0x7d, 0x83, 0x8e, 0x8b, 0x71, 0x7e, 0x87, 0x86, 0x84, 0x73, 0x95,
  0x8e, 0x80, 0x89, 0x7b, 0x8e, 0x7f, 0x74, 0x8a, 0x82, 0x8f, 0x7f, 0x77,
  0x96, 0x82, 0x83, 0x86, 0x80, 0x8e, 0x83, 0x77, 0x88, 0x8b, 0x88, 0x83,
  0x7c, 0x93, 0x8e, 0x72, 0x83, 0x8d, 0x86, 0x7c, 0x75, 0x97, 0x8e, 0x6f,
  0x82, 0x89, 0x90, 0x7c, 0x77, 0x97, 0x81, 0x7a, 0x7a, 0x8d, 0xa1, 0x73,
  0x70, 0x96, 0x87, 0x82, 0x7f, 0x86, 0x8c, 0x78, 0x7d, 0x89, 0x84, 0x88,
  0x7c, 0x7d, 0x8d, 0x88, 0x81, 0x84, 0x7d, 0x8a, 0x85, 0x7b, 0x8b, 0x8b,
  0x84, 0x7b, 0x7b, 0x97, 0x8c, 0x76, 0x85, 0x8b, 0x88, 0x71, 0x84, 0xa1,
  0x80, 0x6e, 0x7d, 0x90, 0x8c, 0x6f, 0x84, 0x98, 0x87, 0x77, 0x7e, 0x94,
  0x91, 0x71, 0x74, 0x93, 0x8a, 0x79, 0x79, 0x8e, 0x97, 0x79, 0x7a, 0x91,
  0x8f, 0x7a, 0x6f, 0x91, 0x94, 0x70, 0x7b, 0x87, 0x90, 0x82, 0x6e, 0x8f,
  0x92, 0x79, 0x74, 0x7f, 0x93, 0x85, 0x7a, 0x89, 0x8c, 0x81, 0x76, 0x80,
  0x8e, 0x7f, 0x76, 0x7e, 0x8d, 0x8c, 0x80, 0x74, 0x87, 0x8e, 0x7e, 0x7a,
  0x88, 0x8f, 0x79, 0x74, 0x8a, 0x93, 0x89, 0x7c, 0x86, 0x8c, 0x82, 0x72,
  0x8e, 0x8f, 0x80, 0x77, 0x81, 0x91, 0x88, 0x7c, 0x84, 0x8d, 0x84, 0x78,
  0x86, 0x86, 0x87, 0x80, 0x7d, 0x89, 0x89, 0x85, 0x82, 0x7c, 0x8a, 0x86,
  0x77, 0x87, 0x7e, 0x8e, 0x7f, 0x75, 0x8f, 0x8d, 0x84, 0x77, 0x81, 0x92,
  0x78, 0x74, 0x90, 0x8b, 0x8a, 0x6e, 0x8a, 0x9c, 0x79, 0x76, 0x83, 0x99,
  0x89, 0x6b, 0x7e, 0x94, 0x8b, 0x77, 0x84, 0x99, 0x8d, 0x6a, 0x79, 0x98,
  0x8a, 0x73, 0x7c, 0x94, 0x8d, 0x74, 0x77, 0x9e, 0x8a, 0x70, 0x6a, 0x88,
  0x94, 0x6e, 0x81, 0x90, 0x89, 0x7c, 0x76, 0x8f, 0x8e, 0x79, 0x7e, 0x83,
  0x8e, 0x7d, 0x76, 0x8f, 0x8a, 0x84, 0x76, 0x7b, 0x90, 0x83, 0x79, 0x7d,
  0x8a, 0x8a, 0x7e, 0x7b, 0x8a, 0x8c, 0x79, 0x77, 0x8a, 0x96, 0x7f, 0x74,
  0x8b, 0x90, 0x7d, 0x78, 0x89, 0x91, 0x7e, 0x71, 0x86, 0x92, 0x83, 0x73,
  0x86, 0x8d, 0x83, 0x78, 0x80, 0x8c, 0x88, 0x7d, 0x81, 0x89, 0x89, 0x77,
  0x78, 0x92, 0x87, 0x84, 0x81, 0x84, 0x8c, 0x7a, 0x80, 0x89, 0x84, 0x89,
  0x7a, 0x82, 0x8c, 0x85, 0x85, 0x7c, 0x82, 0x8d, 0x7a, 0x7f, 0x8c, 0x89,
  0x83, 0x7a, 0x82, 0x8e, 0x80, 0x73, 0x7f, 0x8b, 0x8c, 0x75, 0x85, 0x9d,
  0x8a, 0x7a, 0x7e, 0x91, 0x93, 0x70, 0x83, 0x8f, 0x80, 0x7e, 0x76, 0x9d,
  0x8d, 0x6c, 0x7f, 0x8b, 0x91, 0x74, 0x7a, 0x95, 0x87, 0x76, 0x7c, 0x8c,
  0x94, 0x82, 0x79, 0x8a, 0x8b, 0x80, 0x77, 0x89, 0x8e, 0x85, 0x74, 0x84,
  0x91, 0x86, 0x78, 0x79, 0x8f, 0x87, 0x6e, 0x81, 0x8f, 0x8a, 0x79, 0x7a,
  0x99, 0x8d, 0x76, 0x77, 0x86, 0x92, 0x76, 0x7c, 0x91, 0x8c, 0x7a, 0x77,
  0x91, 0x92, 0x80, 0x76, 0x85, 0x92, 0x80, 0x74, 0x89, 0x8d, 0x82, 0x73,
  0x83, 0x90, 0x84, 0x79, 0x7f, 0x8f, 0x8d, 0x75, 0x84, 0x8e, 0x84, 0x78,
  0x7e, 0x8c, 0x88, 0x78, 0x7f, 0x8b, 0x8a, 0x83, 0x7f, 0x8b, 0x88, 0x7f,
  0x80, 0x83, 0x84, 0x86, 0x7b, 0x7e, 0x8b, 0x87, 0x83, 0x78, 0x87, 0x8d,
  0x7b, 0x84, 0x87, 0x8b, 0x86, 0x6c, 0x86, 0x92, 0x84, 0x78, 0x7c, 0x90,
  0x82, 0x75, 0x85, 0x91, 0x84, 0x74, 0x7e, 0x92, 0x87, 0x76, 0x87, 0x8c,
  0x88, 0x7a, 0x78, 0x97, 0x8a, 0x73, 0x81, 0x8b, 0x8f, 0x85, 0x72, 0x92,
  0x8b, 0x7d, 0x77, 0x7e, 0x9a, 0x7e, 0x71, 0x8b, 0x90, 0x89, 0x73, 0x81,
  0x94, 0x83, 0x74, 0x7f, 0x92, 0x8e, 0x72, 0x7a, 0x93, 0x8f, 0x77, 0x7a,
  0x8c, 0x89, 0x75, 0x74, 0x8f, 0x93, 0x7f, 0x7a, 0x89, 0x91, 0x79, 0x75,
  0x8d, 0x8e, 0x7b, 0x72, 0x8a, 0x9a, 0x85, 0x72, 0x87, 0x95, 0x84, 0x6e,
  0x81, 0x91, 0x81, 0x71, 0x80, 0x96, 0x8a, 0x73, 0x81, 0x95, 0x89, 0x72,
  0x82, 0x8c, 0x82, 0x7a, 0x7e, 0x8e, 0x8f, 0x77, 0x81, 0x88, 0x8a, 0x87,
  0x7b, 0x87, 0x8c, 0x86, 0x7f, 0x80, 0x8f, 0x8b, 0x6f, 0x82, 0x88, 0x86,
  0x7f, 0x77, 0x91, 0x8f, 0x80, 0x81, 0x84, 0x8e, 0x83, 0x6f, 0x8a, 0x88,
  0x82, 0x7c, 0x7b, 0x95, 0x85, 0x77, 0x89, 0x8a, 0x88, 0x76, 0x75, 0x96,
  0x8a, 0x74, 0x83, 0x8a, 0x8c, 0x74, 0x77, 0x95, 0x8c, 0x79, 0x78, 0x88,
  0x92, 0x7b, 0x77, 0x90, 0x8c, 0x82, 0x77, 0x83, 0x97, 0x7e, 0x70, 0x85,
  0x8f, 0x8c, 0x70, 0x7e, 0x92, 0x8b, 0x76, 0x7d, 0x8f, 0x8f, 0x70, 0x72,
  0x90, 0x91, 0x79, 0x6e, 0x8c, 0x91, 0x77, 0x73, 0x8f, 0x94, 0x79, 0x73,
  0x8d, 0x9d, 0x83, 0x68, 0x88, 0x95, 0x80, 0x73, 0x8b, 0x9a, 0x82, 0x6f,
  0x85, 0x96, 0x86, 0x70, 0x7b, 0x93, 0x86, 0x72, 0x87, 0x92, 0x87, 0x77,
  0x75, 0x90, 0x91, 0x79, 0x7b, 0x8a, 0x8a, 0x76, 0x72, 0x91, 0x8f, 0x81,
  0x78, 0x81, 0x92, 0x81, 0x74, 0x87, 0x8c, 0x83, 0x77, 0x7a, 0x8e, 0x85,
  0x74, 0x83, 0x88, 0x91, 0x78, 0x74, 0x90, 0x8a, 0x7e, 0x7f, 0x88, 0x91,
  0x7e, 0x71, 0x8c, 0x8c, 0x88, 0x75, 0x80, 0x94, 0x83, 0x7a, 0x84, 0x8b,
  0x92, 0x70, 0x7d, 0x91, 0x86, 0x7a, 0x7b, 0x8f, 0x8b, 0x79, 0x80, 0x8d,
  0x8f, 0x7e, 0x7a, 0x8b, 0x8b, 0x7f, 0x79, 0x85, 0x8c, 0x87, 0x7b, 0x87,
  0x91, 0x86, 0x75, 0x80, 0x91, 0x90, 0x78, 0x7a, 0x91, 0x8d, 0x7b, 0x72,
  0x90, 0x92, 0x70, 0x75, 0x8e, 0x95, 0x7c, 0x75, 0x8e, 0x8f, 0x7e, 0x6e,
  0x8b, 0x94, 0x7a, 0x6d, 0x89, 0x97, 0x82, 0x74, 0x84, 0x96, 0x84, 0x73,
  0x82, 0x94, 0x88, 0x6b, 0x80, 0x95, 0x8b, 0x75, 0x77, 0x93, 0x88, 0x74,
  0x81, 0x92, 0x91, 0x76, 0x74, 0x93, 0x8f, 0x79, 0x7c, 0x87, 0x91, 0x79,
  0x75, 0x8e, 0x88, 0x80, 0x74, 0x82, 0x91, 0x80, 0x78, 0x84, 0x8e, 0x8d,
  0x75, 0x7d, 0x8d, 0x85, 0x76, 0x7b, 0x8a, 0x92, 0x77, 0x7b, 0x8c, 0x89,
  0x80, 0x75, 0x8f, 0x92, 0x75, 0x76, 0x88, 0x8d, 0x81, 0x73, 0x83, 0x90,
  0x7d, 0x7b, 0x85, 0x8b, 0x89, 0x75, 0x86, 0x8c, 0x85, 0x7d, 0x74, 0x86,
  0x8e, 0x79, 0x80, 0x87, 0x88, 0x80, 0x79, 0x8f, 0x8b, 0x85, 0x79, 0x83,
  0x93, 0x81, 0x74, 0x82, 0x90, 0x88, 0x75, 0x7f, 0x8f, 0x8d, 0x7b, 0x7d,
  0x8d, 0x8d, 0x77, 0x7a, 0x90, 0x92, 0x79, 0x7a, 0x8b, 0x91, 0x7e, 0x70,
  0x89, 0x96, 0x82, 0x71, 0x88, 0x96, 0x81, 0x75, 0x86, 0x90, 0x81, 0x6e,
  0x80, 0x93, 0x85, 0x73, 0x7d, 0x97, 0x88, 0x72, 0x85, 0x8d, 0x8e, 0x7a,
  0x7a, 0x91, 0x87, 0x76, 0x7a, 0x90, 0x93, 0x79, 0x79, 0x8d, 0x8e, 0x7d,
  0x74, 0x89, 0x92, 0x7e, 0x77, 0x87, 0x91, 0x81, 0x6f, 0x86, 0x96, 0x80,
  0x79, 0x82, 0x90, 0x91, 0x73, 0x7e, 0x90, 0x84, 0x75, 0x76, 0xa6, 0x7e,
  0x74, 0x8f, 0x73, 0x9d, 0x8f, 0x77, 0x8c, 0xa3, 0x75, 0x7c, 0x84, 0x97,
  0x80, 0x5c, 0x95, 0x90, 0x84, 0x83, 0x85, 0x95, 0x80, 0x76, 0x75, 0x9b,
  0x6d, 0x84, 0x89, 0x86, 0x86, 0x6e, 0x8a, 0x7b, 0x88, 0x89, 0x77, 0x88,
  0x87, 0x5a, 0xa9, 0x81, 0x7d, 0xa6, 0x4f, 0xa9, 0x80, 0x82, 0x82, 0x8c,
  0x81, 0x84, 0x5d, 0x97, 0x81, 0x8f, 0x75, 0x8e, 0x9c, 0x66, 0x93, 0x63,
  0xa0, 0x7e, 0x7a, 0xa5, 0x6d, 0xa6, 0x78, 0x89, 0x8e, 0x83, 0x8a, 0x80,
  0x5e, 0x95, 0x79, 0x87, 0x8e, 0x83, 0xaa, 0x53, 0x7d, 0x98, 0x90, 0x7f,
  0x78, 0x8a, 0x8e, 0x6b, 0x76, 0xb0, 0x77, 0x83, 0x7b, 0x95, 0x94, 0x5d,
  0x7e, 0x96, 0x80, 0x8b, 0x83, 0x83, 0xb4, 0x50, 0x8e, 0x86, 0x8c, 0x8c,
  0x5a, 0x98, 0x7d, 0x80, 0x89, 0x86, 0xa5, 0x7e, 0x50, 0x8e, 0x92, 0x85,
  0x7b, 0x72, 0xb1, 0x71, 0x79, 0x76, 0xa8, 0x88, 0x69, 0x82, 0x97, 0x83,
  0x58, 0x91, 0x94, 0x87, 0x7f, 0x79, 0x94, 0x85, 0x66, 0x7f, 0x9e, 0x89,
  0x83, 0x72, 0x9a, 0x7d, 0x81, 0x85, 0x84, 0x97, 0x7b, 0x69, 0x7f, 0x9c,
  0x72, 0x86, 0x89, 0x88, 0x8d, 0x67, 0x82, 0x93, 0x89, 0x79, 0x83, 0x96,
  0x86, 0x5b, 0x9f, 0x86, 0x7e, 0x91, 0x71, 0x9e, 0x74, 0x7c, 0x84, 0x8b,
  0x8a, 0x77, 0x8c, 0x7c, 0x74, 0x88, 0x8e, 0x7a, 0x8b, 0x8b, 0x7b, 0x70,
  0x93, 0x8a, 0x8a, 0x81, 0x6b, 0x99, 0x6a, 0x81, 0x8d, 0x91, 0x8a, 0x68,
  0x8e, 0x8b, 0x72, 0x89, 0x81, 0x83, 0x9a, 0x66, 0x7f, 0x94, 0x84, 0x85,
  0x78, 0x9c, 0x87, 0x73, 0x7e, 0x84, 0x88, 0x9d, 0x6a, 0x93, 0xa0, 0x5e,
  0x7a, 0x87, 0x99, 0x88, 0x63, 0x8e, 0x89, 0x6f, 0x83, 0x7e, 0x9f, 0x89,
  0x52, 0x9e, 0x7f, 0x7e, 0x80, 0x77, 0xa5, 0x78, 0x73, 0x88, 0x86, 0x91,
  0x76, 0x7a, 0x9c, 0x80, 0x7a, 0x7c, 0x7d, 0x9e, 0x7d, 0x7e, 0x8e, 0x9a,
  0x74, 0x69, 0x96, 0x9f, 0x84, 0x6a, 0x8e, 0x8d, 0x7d, 0x6d, 0x92, 0x9c,
  0x7e, 0x62, 0x87, 0x99, 0x76, 0x7e, 0x90, 0x9c, 0x83, 0x74, 0x8b, 0x88,
  0x7c, 0x7e, 0x7d, 0x92, 0x8c, 0x6a, 0x8f, 0x7f, 0x8c, 0x8b, 0x7c, 0x92,
  0x7e, 0x76, 0x85, 0x79, 0x95, 0x82, 0x70, 0x8f, 0x7b, 0x82, 0x87, 0x7a,
  0x9a, 0x81, 0x7b, 0x84, 0x82, 0x88, 0x86, 0x7d, 0x93, 0x7b, 0x7e, 0x88,
  0x6d, 0x88, 0x8d, 0x77, 0x8b, 0x88, 0x86, 0x7d, 0x73, 0x92, 0x8e, 0x77,
  0x89, 0x79, 0x89, 0x7d, 0x6a, 0xab, 0x96, 0x6b, 0x86, 0x85, 0x88, 0x86,
  0x77, 0xa0, 0x87, 0x7d, 0x77, 0x79, 0x9e, 0x81, 0x6e, 0xa1, 0x85, 0x80,
  0x86, 0x6e, 0x9c, 0x8c, 0x72, 0x87, 0x86, 0x93, 0x66, 0x67, 0xa1, 0x85,
  0x79, 0x83, 0x77, 0xa2, 0x64, 0x65, 0xa8, 0x91, 0x74, 0x6b, 0x90, 0x9b,
  0x68, 0x75, 0x92, 0x89, 0x81, 0x68, 0x8e, 0xa4, 0x70, 0x75, 0x90, 0x8b,
  0x7c, 0x73, 0x7f, 0x8f, 0x89, 0x75, 0x7f, 0x92, 0x88, 0x6f, 0x7c, 0xa2,
  0x86, 0x78, 0x86, 0x85, 0x8c, 0x7b, 0x70, 0xa3, 0x94, 0x68, 0x7f, 0x86,
  0x8d, 0x74, 0x77, 0x9f, 0x80, 0x7f, 0x80, 0x73, 0x9e, 0x7b, 0x76, 0x9a,
  0x7c, 0x7e, 0x82, 0x77, 0x95, 0x87, 0x8f, 0x84, 0x75, 0x97, 0x71, 0x6f,
  0x9c, 0x84, 0x86, 0x7d, 0x75, 0x94, 0x81, 0x73, 0x94, 0x8a, 0x8f, 0x6e,
  0x7b, 0x95, 0x73, 0x89, 0x93, 0x7c, 0x8f, 0x6e, 0x72, 0x96, 0x81, 0x8a,
  0x8d, 0x7b, 0x8e, 0x78, 0x7a, 0x89, 0x85, 0x94, 0x76, 0x6d, 0x9e, 0x7c,
  0x70, 0x8b, 0x89, 0x99, 0x70, 0x73, 0x99, 0x83, 0x7b, 0x82, 0x91, 0x9a,
  0x61, 0x6a, 0x99, 0x87, 0x87, 0x81, 0x87, 0x96, 0x6a, 0x6f, 0x92, 0x87,
  0x82, 0x73, 0x82, 0x97, 0x6f, 0x77, 0x8b, 0x8e, 0x8a, 0x6a, 0x7c, 0x9f,
  0x82, 0x76, 0x89, 0x9b, 0x8b, 0x67, 0x84, 0x99, 0x76, 0x76, 0x87, 0x94,
  0x91, 0x68, 0x75, 0x9f, 0x8b, 0x7c, 0x85, 0x8c, 0x86, 0x6b, 0x79, 0x92,
  0x86, 0x89, 0x7c, 0x77, 0x94, 0x74, 0x74, 0x97, 0x89, 0x8d, 0x7b, 0x78,
  0x97, 0x83, 0x7a, 0x89, 0x86, 0x97, 0x67, 0x79, 0x99, 0x74, 0x87, 0x85,
  0x8a, 0x9a, 0x67, 0x77, 0x94, 0x84, 0x8b, 0x76, 0x85, 0x8f, 0x64, 0x8c,
  0x8e, 0x81, 0x9b, 0x70, 0x82, 0x91, 0x72, 0x89, 0x86, 0x84, 0x97, 0x72,
  0x80, 0x7f, 0x81, 0x93, 0x66, 0x8c, 0xa0, 0x6c, 0x84, 0x8e, 0x82, 0x8c,
  0x76, 0x84, 0x94, 0x79, 0x76, 0x7c, 0x96, 0x92, 0x72, 0x85, 0x8b, 0x76,
  0x88, 0x7e, 0x82, 0xa1, 0x6d, 0x6e, 0x94, 0x87, 0x86, 0x7c, 0x8f, 0x99,
  0x74, 0x7d, 0x88, 0x91, 0x8f, 0x61, 0x8a, 0xa8, 0x64, 0x71, 0x89, 0x86,
  0x85, 0x6e, 0x85, 0x9d, 0x76, 0x75, 0x82, 0x99, 0x93, 0x65, 0x89, 0x95,
  0x74, 0x88, 0x85, 0x89, 0x9b, 0x70, 0x7b, 0x89, 0x86, 0x85, 0x72, 0x92,
  0x92, 0x70, 0x79, 0x87, 0x8d, 0x92, 0x67, 0x85, 0xa2, 0x67, 0x75, 0x8a,
  0x84, 0x88, 0x72, 0x84, 0x96, 0x77, 0x7b, 0x85, 0x95, 0x97, 0x67, 0x8a,
  0x92, 0x6f, 0x88, 0x7d, 0x89, 0x9e, 0x6d, 0x81, 0x85, 0x82, 0x8c, 0x6f,
  0x97, 0x90, 0x6c, 0x8a, 0x7c, 0x87, 0x97, 0x6b, 0x89, 0x92, 0x79, 0x83,
  0x7a, 0x8f, 0x8c, 0x6d, 0x94, 0x7f, 0x80, 0x87, 0x71, 0x90, 0x8d, 0x7a,
  0x8b, 0x79, 0x7e, 0x8b, 0x79, 0x92, 0x88, 0x83, 0x86, 0x73, 0x8c, 0x93,
  0x7a, 0x85, 0x8c, 0x86, 0x7d, 0x71, 0x8e, 0x9a, 0x7c, 0x7c, 0x8a, 0x8b,
  0x7b, 0x74, 0x91, 0x97, 0x76, 0x7c, 0x8d, 0x84, 0x87, 0x72, 0x8b, 0x9b,
  0x76, 0x7f, 0x84, 0x86, 0x84, 0x73, 0x8b, 0x94, 0x83, 0x83, 0x6d, 0x8b,
  0x9a, 0x6b, 0x84, 0x8d, 0x82, 0x7b, 0x73, 0x93, 0x93, 0x76, 0x76, 0x90,
  0x8a, 0x82, 0x60, 0x83, 0xaa, 0x80, 0x62, 0x92, 0x7b, 0x93, 0x6b, 0x73,
  0xb5, 0x70, 0x8c, 0x76, 0x79, 0xb9, 0x69, 0x89, 0x88, 0x6e, 0xa3, 0x4d,
  0x8f, 0xa7, 0x60, 0xa5, 0x64, 0xac, 0x72, 0x58, 0xa7, 0x69, 0x9e, 0x78,
  0x62, 0xac, 0x78, 0x71, 0x8c, 0x9c, 0x78, 0x7c, 0x85, 0x6f, 0x91, 0x8a,
  0x71, 0xa9, 0x70, 0x91, 0x6c, 0x70, 0xa4, 0x6f, 0xa5, 0x78, 0x68, 0xa4,
  0x5d, 0x8a, 0x8a, 0x89, 0x84, 0x6c, 0x8f, 0x80, 0x78, 0x8b, 0x71, 0x95,
  0x86, 0x6e, 0x83, 0x96, 0x80, 0x73, 0x94, 0x79, 0x88, 0x7d, 0x75, 0x9a,
  0x80, 0x91, 0x79, 0x97, 0x92, 0x4a, 0x94, 0x82, 0x7f, 0x94, 0x68, 0x98,
  0x82, 0x70, 0x92, 0x85, 0xa4, 0x63, 0x70, 0x96, 0x6e, 0x8c, 0x7d, 0x8c,
  0x8f, 0x74, 0x8b, 0x76, 0x9a, 0x74, 0x75, 0xa2, 0x75, 0x8a, 0x78, 0x78,
  0x8e, 0x77, 0x98, 0x78, 0x8c, 0x93, 0x51, 0x92, 0x85, 0x82, 0x95, 0x76,
  0x91, 0x7d, 0x7d, 0x83, 0x86, 0x9a, 0x6b, 0x78, 0x8c, 0x86, 0x80, 0x7f,
  0x8f, 0x85, 0x82, 0x7b, 0x78, 0x9c, 0x77, 0x79, 0x91, 0x83, 0x88, 0x75,
  0x90, 0x88, 0x78, 0x98, 0x77, 0x8d, 0x92, 0x5e, 0x93, 0x8a, 0x7c, 0x89,
  0x78, 0x8f, 0x78, 0x74, 0x90, 0x7f, 0x9b, 0x80, 0x69, 0x96, 0x80, 0x7c,
  0x89, 0x85, 0x89, 0x7d, 0x7c, 0x87, 0x87, 0x8e, 0x7f, 0x81, 0x91, 0x82,
  0x76, 0x86, 0x83, 0x7b, 0x90, 0x75, 0x83, 0x8f, 0x6d, 0x83, 0x86, 0x94,
  0x8a, 0x71, 0x90, 0x78, 0x75, 0x8b, 0x7d, 0x9b, 0x89, 0x67, 0x90, 0x85,
  0x88, 0x7f, 0x89, 0x92, 0x6d, 0x86, 0x83, 0x7e, 0x94, 0x7c, 0x80, 0x8e,
  0x7e, 0x7f, 0x7d, 0x87, 0x83, 0x83, 0x8d, 0x7b, 0x8c, 0x83, 0x74, 0x87,
  0x8f, 0x88, 0x6f, 0x80, 0x87, 0x76, 0x8c, 0x86, 0x8f, 0x8c, 0x65, 0x7e,
  0x8d, 0x87, 0x81, 0x7f, 0x92, 0x80, 0x74, 0x8a, 0x7d, 0x90, 0x87, 0x69,
  0x97, 0x8c, 0x76, 0x85, 0x8c, 0x8e, 0x7e, 0x7b, 0x87, 0x87, 0x7c, 0x75,
  0x80, 0x9b, 0x84, 0x6b, 0x95, 0x86, 0x75, 0x8b, 0x83, 0x8d, 0x87, 0x71,
  0x85, 0x85, 0x89, 0x7b, 0x79, 0x9a, 0x6e, 0x7a, 0x8f, 0x75, 0x90, 0x8b,
  0x73, 0x89, 0x80, 0x88, 0x81, 0x86, 0x95, 0x72, 0x88, 0x84, 0x73, 0x95,
  0x79, 0x7c, 0x9c, 0x88, 0x79, 0x83, 0x88, 0x82, 0x83, 0x8f, 0x8b, 0x80,
  0x7d, 0x75, 0x85, 0x97, 0x7d, 0x7d, 0x93, 0x79, 0x74, 0x89, 0x84, 0x8b,
  0x8a, 0x7d, 0x82, 0x87, 0x85, 0x77, 0x87, 0x94, 0x78, 0x89, 0x88, 0x71,
  0x88, 0x7c, 0x7d, 0x95, 0x8b, 0x7c, 0x75, 0x84, 0x85, 0x81, 0x8c, 0x86,
  0x83, 0x86, 0x78, 0x7d, 0x93, 0x8e, 0x76, 0x88, 0x89, 0x7a, 0x89, 0x84,
  0x8d, 0x94, 0x75, 0x7e, 0x89, 0x8c, 0x7d, 0x76, 0xa0, 0x84, 0x75, 0x8c,
  0x77, 0x8f, 0x84, 0x6e, 0x96, 0x8a, 0x78, 0x75, 0x84, 0x96, 0x74, 0x85,
  0x94, 0x77, 0x89, 0x79, 0x7e, 0x9e, 0x7e, 0x7a, 0x8d, 0x85, 0x7d, 0x78,
  0x89, 0x92, 0x7a, 0x86, 0x81, 0x79, 0x94, 0x7a, 0x7b, 0x99, 0x7b, 0x7f,
  0x83, 0x7d, 0x8f, 0x7b, 0x84, 0x8e, 0x7e, 0x8d, 0x6f, 0x7f, 0x9d, 0x72,
  0x86, 0x93, 0x7d, 0x88, 0x73, 0x83, 0x93, 0x83, 0x88, 0x7b, 0x8c, 0x82,
  0x6f, 0x8f, 0x91, 0x84, 0x87, 0x78, 0x83, 0x8e, 0x81, 0x7f, 0x8a, 0x8b,
  0x76, 0x7e, 0x8f, 0x84, 0x7d, 0x86, 0x87, 0x87, 0x86, 0x7a, 0x7c, 0x92,
  0x7e, 0x84, 0x8f, 0x7e, 0x82, 0x82, 0x84, 0x87, 0x8b, 0x89, 0x78, 0x82,
  0x8d, 0x77, 0x84, 0x8e, 0x7f, 0x88, 0x80, 0x74, 0x8a, 0x8a, 0x81, 0x85,
  0x8c, 0x86, 0x73, 0x84, 0x8e, 0x80, 0x85, 0x84, 0x81, 0x91, 0x75, 0x70,
  0x9c, 0x87, 0x78, 0x88, 0x86, 0x85, 0x6f, 0x82, 0x8e, 0x84, 0x8f, 0x75,
  0x7d, 0x99, 0x70, 0x80, 0x96, 0x7c, 0x89, 0x7d, 0x81, 0x8e, 0x84, 0x87,
  0x7c, 0x8a, 0x8c, 0x65, 0x85, 0x8d, 0x7a, 0x8f, 0x7f, 0x80, 0x8f, 0x74,
  0x79, 0x8b, 0x8a, 0x84, 0x78, 0x8b, 0x84, 0x6d, 0x8d, 0x89, 0x86, 0x90,
  0x6b, 0x7c, 0x91, 0x7b, 0x82, 0x8a, 0x90, 0x84, 0x6f, 0x85, 0x84, 0x82,
  0x87, 0x75, 0x91, 0x84, 0x64, 0x84, 0x8b, 0x86, 0x85, 0x80, 0x88, 0x84,
  0x7f, 0x7d, 0x83, 0x92, 0x7f, 0x7a, 0x90, 0x83, 0x79, 0x86, 0x8e, 0x80,
  0x86, 0x81, 0x79, 0x89, 0x80, 0x81, 0x8c, 0x86, 0x86, 0x7d, 0x86, 0x85,
  0x81, 0x8e, 0x7a, 0x7f, 0x97, 0x78, 0x7e, 0x8f, 0x84, 0x89, 0x82, 0x84,
  0x86, 0x7d, 0x85, 0x80, 0x8c, 0x8c, 0x6e, 0x89, 0x8e, 0x77, 0x83, 0x88,
  0x85, 0x88, 0x76, 0x79, 0x88, 0x86, 0x87, 0x7f, 0x8e, 0x84, 0x6e, 0x84,
  0x85, 0x80, 0x90, 0x80, 0x7f, 0x8f, 0x78, 0x82, 0x86, 0x8b, 0x88, 0x75,
  0x8c, 0x83, 0x7c, 0x8f, 0x76, 0x8d, 0x90, 0x73, 0x83, 0x85, 0x82, 0x87,
  0x7f, 0x8d, 0x86, 0x81, 0x82, 0x77, 0x92, 0x8a, 0x78, 0x94, 0x86, 0x78,
  0x81, 0x84, 0x8c, 0x88, 0x7e, 0x83, 0x89, 0x7f, 0x75, 0x81, 0x95, 0x87,
  0x79, 0x8f, 0x84, 0x82, 0x87, 0x7f, 0x8d, 0x87, 0x74, 0x81, 0x88, 0x87,
  0x7c, 0x86, 0x92, 0x7e, 0x7c, 0x88, 0x7f, 0x8c, 0x87, 0x80, 0x88, 0x87,
  0x7a, 0x81, 0x89, 0x85, 0x89, 0x84, 0x7e, 0x80, 0x88, 0x81, 0x7f, 0x8c,
  0x88, 0x74, 0x81, 0x88, 0x7b, 0x8c, 0x83, 0x7b, 0x91, 0x7e, 0x7b, 0x86,
  0x8b, 0x88, 0x78, 0x93, 0x88, 0x76, 0x88, 0x74, 0x86, 0x95, 0x72, 0x86,
  0x88, 0x7d, 0x7f, 0x81, 0x92, 0x85, 0x7b, 0x89, 0x77, 0x86, 0x8a, 0x71,
  0x97, 0x8c, 0x75, 0x87, 0x83, 0x83, 0x86, 0x81, 0x87, 0x86, 0x87, 0x82,
  0x78, 0x90, 0x8b, 0x77, 0x93, 0x86, 0x7b, 0x89, 0x77, 0x87, 0x90, 0x86,
  0x87, 0x7f, 0x89, 0x76, 0x77, 0x97, 0x88, 0x80, 0x84, 0x75, 0x90, 0x8b,
  0x73, 0x8d, 0x8e, 0x7d, 0x74, 0x86, 0x8d, 0x7a, 0x85, 0x87, 0x85, 0x88,
  0x7c, 0x7b, 0x8d, 0x86, 0x75, 0x8c, 0x89, 0x79, 0x81, 0x87, 0x8a, 0x8b,
  0x83, 0x7f, 0x84, 0x89, 0x7b, 0x79, 0x96, 0x88, 0x7a, 0x89, 0x7e, 0x82,
  0x86, 0x7a, 0x8c, 0x89, 0x7c, 0x76, 0x85, 0x8e, 0x7e, 0x83, 0x8d, 0x7e,
  0x82, 0x83, 0x77, 0x90, 0x8c, 0x77, 0x85, 0x85, 0x7f, 0x7e, 0x7f, 0x8c,
  0x8a, 0x86, 0x83, 0x77, 0x8c, 0x84, 0x70, 0x92, 0x8a, 0x7a, 0x89, 0x78,
  0x82, 0x87, 0x79, 0x8d, 0x88, 0x87, 0x7e, 0x75, 0x98, 0x7f, 0x79, 0x94,
  0x79, 0x82, 0x82, 0x78, 0x8c, 0x89, 0x85, 0x87, 0x80, 0x88, 0x7c, 0x7c,
  0x8a, 0x7e, 0x8a, 0x87, 0x70, 0x8b, 0x8a, 0x78, 0x8d, 0x88, 0x88, 0x7d,
  0x76, 0x88, 0x86, 0x87, 0x83, 0x7c, 0x8c, 0x7c, 0x73, 0x8e, 0x87, 0x80,
  0x88, 0x80, 0x88, 0x82, 0x7f, 0x87, 0x8b, 0x8f, 0x72, 0x81, 0x90, 0x75,
  0x7d, 0x89, 0x85, 0x88, 0x82, 0x78, 0x8a, 0x8b, 0x7d, 0x85, 0x96, 0x83,
  0x74, 0x85, 0x87, 0x87, 0x86, 0x87, 0x81, 0x87, 0x7e, 0x6e, 0x91, 0x8b,
  0x79, 0x88, 0x85, 0x88, 0x81, 0x7f, 0x87, 0x86, 0x88, 0x7e, 0x75, 0x93,
  0x7e, 0x78, 0x92, 0x87, 0x87, 0x82, 0x77, 0x8a, 0x8b, 0x85, 0x88, 0x85,
  0x90, 0x77, 0x7b, 0x8f, 0x7e, 0x89, 0x8d, 0x7f, 0x88, 0x7d, 0x76, 0x8c,
  0x89, 0x84, 0x7d, 0x85, 0x8c, 0x72, 0x83, 0x8f, 0x7d, 0x92, 0x7d, 0x72,
  0x91, 0x79, 0x81, 0x8d, 0x85, 0x89, 0x81, 0x7f, 0x85, 0x7d, 0x8e, 0x7e,
  0x81, 0x97, 0x76, 0x7d, 0x8e, 0x7f, 0x88, 0x8c, 0x7f, 0x87, 0x82, 0x7d,
  0x81, 0x8d, 0x8d, 0x78, 0x83, 0x86, 0x7c, 0x87, 0x84, 0x7e, 0x8e, 0x7e,
  0x77, 0x86, 0x86, 0x80, 0x81, 0x8d, 0x87, 0x78, 0x7e, 0x85, 0x81, 0x90,
  0x7d, 0x81, 0x96, 0x7b, 0x78, 0x87, 0x87, 0x87, 0x86, 0x86, 0x87, 0x82,
  0x7d, 0x81, 0x88, 0x8b, 0x7a, 0x7c, 0x88, 0x7d, 0x82, 0x8a, 0x7e, 0x8a,
  0x86, 0x74, 0x82, 0x99, 0x75, 0x7d, 0x86, 0x8f, 0x9c, 0x53, 0x86, 0x8e,
  0xb0, 0x5f, 0x50, 0xb6, 0x86, 0x57, 0x71, 0xa4, 0xa8, 0x7c, 0x65, 0x9e,
  0x82, 0x6d, 0x68, 0x8d, 0xc1, 0x61, 0x75, 0x98, 0x98, 0x68, 0x7e, 0x91,
  0x90, 0x6f, 0x62, 0x93, 0x8b, 0x8b, 0x60, 0x9d, 0x83, 0x71, 0x92, 0x96,
  0x69, 0x74, 0xa1, 0x7e, 0x77, 0x69, 0xb2, 0x80, 0x6e, 0x83, 0x96, 0x96,
  0x4f, 0x88, 0x8f, 0x8d, 0x5b, 0x91, 0xa4, 0x84, 0x6b, 0x8e, 0xa2, 0x72,
  0x70, 0x6e, 0xa6, 0x78, 0x72, 0x86, 0x9b, 0x9c, 0x65, 0x86, 0x89, 0x91,
  0x5c, 0x72, 0x93, 0xa3, 0x6d, 0x7f, 0x90, 0x8e, 0x6f, 0x5f, 0xb1, 0x85,
  0x6e, 0x68, 0x97, 0x98, 0x71, 0x82, 0xa1, 0xa2, 0x5b, 0x82, 0x8d, 0x91,
  0x61, 0x8c, 0xa2, 0x75, 0x79, 0x84, 0xa0, 0x7c, 0x82, 0x86, 0x9f, 0x67,
  0x7d, 0x98, 0x8b, 0x72, 0x6f, 0xad, 0x86, 0x78, 0x77, 0x9b, 0x82, 0x66,
  0x83, 0x91, 0x89, 0x66, 0x89, 0x95, 0x93, 0x65, 0x8a, 0x89, 0x85, 0x6f,
  0x7f, 0x9b, 0x85, 0x8b, 0x74, 0x9f, 0x86, 0x6a, 0x83, 0x93, 0x8a, 0x77,
  0x79, 0x8a, 0x97, 0x6b, 0x8c, 0x83, 0x98, 0x6e, 0x6c, 0x9c, 0x78, 0x7d,
  0x86, 0x8e, 0x84, 0x7e, 0x79, 0x99, 0x81, 0x80, 0x87, 0x81, 0x86, 0x6e,
  0x93, 0x7f, 0x83, 0x93, 0x92, 0x70, 0x77, 0x94, 0x86, 0x74, 0x6d, 0xa6,
  0x89, 0x73, 0x82, 0xa8, 0x98, 0x66, 0x89, 0x9c, 0x7f, 0x57, 0x86, 0xa3,
  0x84, 0x64, 0x9d, 0x9a, 0x83, 0x63, 0x7a, 0xaa, 0x6e, 0x79, 0x83, 0x9b,
  0x7c, 0x6d, 0x9c, 0x95, 0x77, 0x7a, 0x84, 0x87, 0x83, 0x73, 0x9e, 0x8c,
  0x8a, 0x87, 0x7f, 0x8e, 0x75, 0x84, 0x8b, 0x81, 0x7b, 0x79, 0x83, 0x8c,
  0x81, 0x84, 0x8c, 0x87, 0x84, 0x76, 0x89, 0x7e, 0x70, 0x83, 0x9a, 0x82,
  0x78, 0x88, 0x92, 0x84, 0x68, 0x92, 0x96, 0x76, 0x65, 0x8e, 0x9b, 0x7b,
  0x71, 0x97, 0x9e, 0x5f, 0x6e, 0x85, 0x94, 0x6d, 0x6e, 0x9a, 0x93, 0x7c,
  0x76, 0x9f, 0x8e, 0x7c, 0x77, 0x8f, 0x81, 0x71, 0x8d, 0x83, 0x8a, 0x83,
  0x82, 0x88, 0x7e, 0x83, 0x8b, 0x79, 0x84, 0x88, 0x82, 0x83, 0x7b, 0xa1,
  0x8c, 0x79, 0x8a, 0x8b, 0x81, 0x6e, 0x84, 0x9b, 0x83, 0x76, 0x8f, 0x8e,
  0x87, 0x64, 0x84, 0x9a, 0x73, 0x75, 0x82, 0x95, 0x80, 0x7e, 0x8a, 0x9f,
  0x87, 0x79, 0x7b, 0x87, 0x86, 0x71, 0x8b, 0x95, 0x8d, 0x78, 0x80, 0x8c,
  0x8b, 0x7b, 0x74, 0x8c, 0x88, 0x68, 0x7e, 0xa0, 0x8b, 0x85, 0x7f, 0x93,
  0x86, 0x69, 0x84, 0x8c, 0x8c, 0x73, 0x81, 0x93, 0x7b, 0x7a, 0x95, 0x84,
  0x7e, 0x84, 0x8b, 0x88, 0x6d, 0x92, 0x8c, 0x82, 0x83, 0x84, 0x97, 0x72,
  0x6e, 0x96, 0x8b, 0x6b, 0x81, 0x8b, 0x93, 0x71, 0x7e, 0x9a, 0x89, 0x80,
  0x7e, 0x8a, 0x82, 0x74, 0x85, 0x94, 0x80, 0x78, 0x88, 0x80, 0x84, 0x78,
  0x87, 0x86, 0x81, 0x85, 0x77, 0x79, 0x8c, 0x89, 0x87, 0x83, 0x83, 0x89,
  0x79, 0x7a, 0x8b, 0x96, 0x7d, 0x75, 0x90, 0x8b, 0x7f, 0x79, 0x91, 0x8b,
  0x76, 0x74, 0x84, 0x8d, 0x7c, 0x79, 0x8e, 0x94, 0x84, 0x7d, 0x7a, 0x96,
  0x82, 0x74, 0x89, 0x8d, 0x94, 0x73, 0x7e, 0x9a, 0x8e, 0x79, 0x7c, 0x91,
  0x84, 0x66, 0x78, 0xa4, 0x8f, 0x73, 0x7a, 0x9b, 0x85, 0x65, 0x79, 0x9b,
  0x87, 0x6a, 0x89, 0x95, 0x86, 0x73, 0x92, 0x9d, 0x79, 0x72, 0x7c, 0x8a,
  0x82, 0x7f, 0x8e, 0x8b, 0x79, 0x82, 0x88, 0x85, 0x7e, 0x8a, 0x89, 0x81,
  0x7f, 0x87, 0x87, 0x79, 0x91, 0x8a, 0x86, 0x7e, 0x74, 0x8e, 0x7c, 0x71,
  0x8f, 0x8b, 0x84, 0x7c, 0x7f, 0x8e, 0x7e, 0x81, 0x88, 0x7a, 0x88, 0x7c,
  0x85, 0x8e, 0x7e, 0x8a, 0x8b, 0x86, 0x85, 0x78, 0x7f, 0x87, 0x86, 0x85,
  0x7c, 0x88, 0x8d, 0x7b, 0x83, 0x8c, 0x8f, 0x7b, 0x7b, 0x80, 0x86, 0x7b,
  0x84, 0x91, 0x86, 0x7f, 0x7d, 0x87, 0x7f, 0x7f, 0x89, 0x80, 0x80, 0x86,
  0x87, 0x7e, 0x82, 0x8d, 0x8f, 0x78, 0x79, 0x8d, 0x88, 0x72, 0x7b, 0x97,
  0x8d, 0x73, 0x81, 0x9a, 0x85, 0x6f, 0x7c, 0x9c, 0x87, 0x66, 0x82, 0x97,
  0x83, 0x6c, 0x90, 0x9e, 0x7c, 0x67, 0x87, 0x8c, 0x7a, 0x76, 0x87, 0x96,
  0x81, 0x79, 0x88, 0x8c, 0x83, 0x7d, 0x86, 0x87, 0x79, 0x82, 0x86, 0x85,
  0x91, 0x86, 0x84, 0x7c, 0x83, 0x85, 0x7c, 0x86, 0x87, 0x84, 0x7f, 0x7f,
  0x8a, 0x8a, 0x7e, 0x8d, 0x87, 0x82, 0x82, 0x77, 0x8c, 0x89, 0x84, 0x88,
  0x85, 0x8c, 0x85, 0x79, 0x88, 0x85, 0x89, 0x7d, 0x76, 0x92, 0x84, 0x77,
  0x82, 0x8d, 0x95, 0x76, 0x7c, 0x8f, 0x7e, 0x7c, 0x86, 0x8d, 0x8c, 0x72,
  0x83, 0x8e, 0x7f, 0x87, 0x85, 0x89, 0x7e, 0x71, 0x85, 0x86, 0x86, 0x8a,
  0x8b, 0x85, 0x77, 0x80, 0x89, 0x78, 0x83, 0x8c, 0x87, 0x79, 0x7a, 0x8e,
  0x8c, 0x7a, 0x81, 0x92, 0x85, 0x72, 0x79, 0x9a, 0x85, 0x72, 0x8a, 0x8a,
  0x88, 0x77, 0x7e, 0x92, 0x81, 0x7a, 0x84, 0x8a, 0x8b, 0x73, 0x81, 0x8c,
  0x89, 0x82, 0x79, 0x87, 0x83, 0x76, 0x7d, 0x92, 0x92, 0x86, 0x78, 0x81,
  0x89, 0x82, 0x79, 0x85, 0x8e, 0x7c, 0x71, 0x89, 0x95, 0x86, 0x74, 0x83,
  0x8f, 0x7c, 0x76, 0x8b, 0x8f, 0x87, 0x7a, 0x81, 0x92, 0x83, 0x74, 0x87,
  0x86, 0x87, 0x83, 0x7d, 0x8a, 0x8a, 0x80, 0x7d, 0x8a, 0x96, 0x78, 0x74,
  0x8c, 0x89, 0x7f, 0x7d, 0x8b, 0x95, 0x7c, 0x72, 0x89, 0x90, 0x83, 0x79,
  0x86, 0x90, 0x78, 0x7a, 0x89, 0x85, 0x86, 0x7b, 0x88, 0x91, 0x77, 0x84,
  0x86, 0x87, 0x85, 0x80, 0x95, 0x81, 0x7a, 0x87, 0x85, 0x88, 0x83, 0x82,
  0x87, 0x73, 0x86, 0x90, 0x84, 0x87, 0x7e, 0x8e, 0x7f, 0x74, 0x94, 0x88,
  0x87, 0x7b, 0x80, 0x92, 0x7e, 0x7c, 0x8d, 0x88, 0x83, 0x78, 0x88, 0x8d,
  0x7b, 0x7e, 0x87, 0x88, 0x8d, 0x79, 0x7f, 0x8d, 0x87, 0x7e, 0x84, 0x89,
  0x8e, 0x72, 0x7a, 0x89, 0x86, 0x86, 0x7b, 0x93, 0x8b, 0x70, 0x82, 0x87,
  0x8e, 0x7f, 0x7a, 0x91, 0x85, 0x7a, 0x83, 0x82, 0x8f, 0x7e, 0x7b, 0x8a,
  0x7f, 0x87, 0x83, 0x83, 0x8d, 0x86, 0x87, 0x76, 0x7f, 0x8b, 0x7d, 0x7c,
  0x85, 0x88, 0x78, 0x74, 0x8e, 0x94, 0x80, 0x7a, 0x8a, 0x8b, 0x7a, 0x76,
  0x8e, 0x97, 0x7e, 0x77, 0x8d, 0x8c, 0x76, 0x75, 0x8f, 0x8c, 0x70, 0x80,
  0x8b, 0x90, 0x80, 0x79, 0x93, 0x8a, 0x83, 0x78, 0x7f, 0x89, 0x7c, 0x7b,
  0x8e, 0x87, 0x88, 0x7f, 0x81, 0x87, 0x87, 0x84, 0x7e, 0x84, 0x7e, 0x7f,
  0x80, 0x8d, 0x88, 0x86, 0x82, 0x7c, 0x84, 0x80, 0x80, 0x88, 0x86, 0x88,
  0x84, 0x7c, 0x88, 0x85, 0x89, 0x7b, 0x78, 0x92, 0x7b, 0x7f, 0x88, 0x87,
  0x8e, 0x79, 0x81, 0x8d, 0x7f, 0x75, 0x7f, 0x90, 0x89, 0x71, 0x87, 0x8c,
  0x7f, 0x7c, 0x7e, 0x96, 0x89, 0x71, 0x7f, 0x87, 0x85, 0x7f, 0x83, 0x8e,
  0x81, 0x7f, 0x83, 0x82, 0x88, 0x83, 0x7f, 0x85, 0x88, 0x80, 0x7f, 0x7e,
  0x8d, 0x8a, 0x7b, 0x82, 0x85, 0x88, 0x71, 0x7c, 0x94, 0x86, 0x81, 0x7e,
  0x8c, 0x8e, 0x75, 0x81, 0x8f, 0x8d, 0x79, 0x6c, 0x92, 0x8a, 0x7c, 0x85,
  0x86, 0x89, 0x79, 0x79, 0x8d, 0x8f, 0x81, 0x74, 0x87, 0x8d, 0x78, 0x7a,
  0x87, 0x8b, 0x85, 0x78, 0x80, 0x91, 0x81, 0x72, 0x85, 0x92, 0x89, 0x7b,
  0x7e, 0x88, 0x7e, 0x79, 0x84, 0x8d, 0x8d, 0x79, 0x82, 0x8d, 0x84, 0x87,
  0x85, 0x87, 0x84, 0x78, 0x80, 0x88, 0x86, 0x88, 0x80, 0x86, 0x83, 0x82,
  0x81, 0x7d, 0x87, 0x8e, 0x80, 0x79, 0x8a, 0x8b, 0x81, 0x7a, 0x87, 0x8e,
  0x79, 0x79, 0x88, 0x87, 0x82, 0x78, 0x8a, 0x92, 0x7a, 0x7f, 0x87, 0x86,
  0x86, 0x78, 0x8b, 0x83, 0x83, 0x80, 0x81, 0x90, 0x82, 0x84, 0x86, 0x81,
  0x8a, 0x81, 0x79, 0x86, 0x86, 0x88, 0x7d, 0x7c, 0x90, 0x81, 0x78, 0x88,
  0x8b, 0x86, 0x72, 0x7d, 0x8f, 0x84, 0x7d, 0x86, 0x90, 0x89, 0x70, 0x7f,
  0x8d, 0x87, 0x82, 0x78, 0x8b, 0x8a, 0x75, 0x7f, 0x88, 0x8d, 0x7b, 0x71,
  0x8b, 0x8b, 0x81, 0x79, 0x87, 0x97, 0x7d, 0x71, 0x8d, 0x8a, 0x82, 0x75,
  0x85, 0x98, 0x7b, 0x72, 0x8c, 0x8f, 0x83, 0x73, 0x88, 0x94, 0x79, 0x77,
  0x83, 0x86, 0x85, 0x78, 0x85, 0x8e, 0x80, 0x7f, 0x80, 0x90, 0x89, 0x7c,
  0x84, 0x7d, 0x85, 0x8c, 0x77, 0x85, 0x8e, 0x80, 0x7f, 0x7d, 0x89, 0x87,
  0x7c, 0x87, 0x8e, 0x8c, 0x73, 0x79, 0x8f, 0x85, 0x7a, 0x83, 0x88, 0x86,
  0x79, 0x81, 0x8f, 0x8d, 0x80, 0x7f, 0x87, 0x88, 0x7b, 0x7d, 0x8a, 0x85,
  0x87, 0x7f, 0x81, 0x8d, 0x85, 0x7d, 0x85, 0x86, 0x87, 0x77, 0x7d, 0x88,
  0x85, 0x83, 0x7d, 0x8a, 0x8b, 0x75, 0x7e, 0x88, 0x85, 0x87, 0x81, 0x86,
  0x87, 0x7f, 0x7f, 0x7e, 0x89, 0x8b, 0x78, 0x82, 0x86, 0x86, 0x83, 0x7e,
  0x8a, 0x8b, 0x7d, 0x78, 0x8b, 0x90, 0x7e, 0x76, 0x8a, 0x8a, 0x77, 0x79,
  0x86, 0x93, 0x7d, 0x75, 0x8e, 0x8e, 0x7a, 0x70, 0x89, 0x95, 0x7b, 0x7e,
  0x87, 0x87, 0x85, 0x74, 0x85, 0x94, 0x80, 0x80, 0x86, 0x86, 0x86, 0x7d,
  0x86, 0x8b, 0x87, 0x7f, 0x77, 0x8c, 0x8c, 0x7c, 0x86, 0x86, 0x87, 0x7e,
  0x78, 0x8b, 0x8f, 0x81, 0x7f, 0x85, 0x8c, 0x80, 0x78, 0x8c, 0x87, 0x87,
  0x80, 0x7f, 0x8f, 0x84, 0x79, 0x86, 0x86, 0x88, 0x7e, 0x7b, 0x8e, 0x86,
  0x87, 0x80, 0x88, 0x8d, 0x76, 0x7d, 0x88, 0x87, 0x83, 0x7d, 0x8b, 0x8a,
  0x7f, 0x7e, 0x84, 0x8e, 0x82, 0x79, 0x8a, 0x8b, 0x7e, 0x83, 0x87, 0x86,
  0x88, 0x80, 0x80, 0x87, 0x7f, 0x7e, 0x85, 0x88, 0x86, 0x81, 0x84, 0x7d,
  0x88, 0x8c, 0x80, 0x86, 0x86, 0x86, 0x7a, 0x7b, 0x8e, 0x8c, 0x7f, 0x81,
  0x87, 0x86, 0x7a, 0x81, 0x90, 0x8a, 0x7f, 0x81, 0x8c, 0x87, 0x7a, 0x7c,
  0x8f, 0x8b, 0x7e, 0x78, 0x89, 0x88, 0x79, 0x81, 0x8a, 0x8a, 0x85, 0x76,
  0x81, 0x8f, 0x81, 0x7f, 0x85, 0x8c, 0x88, 0x74, 0x82, 0x88, 0x86, 0x86,
  0x80, 0x8d, 0x87, 0x73, 0x84, 0x8d, 0x86, 0x7a, 0x79, 0x90, 0x84, 0x78,
  0x85, 0x88, 0x91, 0x80, 0x7a, 0x8d, 0x87, 0x86, 0x81, 0x84, 0x89, 0x7e,
  0x79, 0x80, 0x87, 0x8d, 0x79, 0x81, 0x91, 0x7f, 0x79, 0x84, 0x89, 0x8d,
  0x78, 0x79, 0x8e, 0x87, 0x7b, 0x7a, 0x91, 0x90, 0x72, 0x80, 0x88, 0x86,
  0x85, 0x77, 0x88, 0x8d, 0x7e, 0x82, 0x86, 0x88, 0x82, 0x84, 0x8f, 0x80,
  0x86, 0x85, 0x7d, 0x86, 0x86, 0x81, 0x86, 0x88, 0x86, 0x7e, 0x83, 0x88,
  0x86, 0x88, 0x7b, 0x7e, 0x8f, 0x7f, 0x7b, 0x89, 0x8c, 0x84, 0x79, 0x83,
  0x89, 0x83, 0x7e, 0x87, 0x86, 0x87, 0x7a, 0x80, 0x88, 0x85, 0x87, 0x7e,
  0x83, 0x8c, 0x63, 0x83, 0xa6, 0x69, 0x9a, 0x6e, 0x67, 0x95, 0x74, 0x89,
  0x71, 0xab, 0x85, 0x66, 0x81, 0xa2, 0x6a, 0x5a, 0xb5, 0x80, 0x84, 0x6b,
  0x9a, 0x9f, 0x65, 0x87, 0x87, 0x97, 0x54, 0x7e, 0x98, 0x89, 0x76, 0x89,
  0x8d, 0x8d, 0x70, 0x89, 0x91, 0x75, 0x97, 0x51, 0xd2, 0x4d, 0x71, 0xa9,
  0x52, 0xbf, 0x46, 0x94, 0x94, 0x77, 0x90, 0x57, 0x91, 0xac, 0x4b, 0x9f,
  0x8b, 0xa3, 0x8f, 0x52, 0xbf, 0x65, 0x7d, 0x4a, 0xa8, 0xa0, 0x5d, 0xa1,
  0x88, 0xa4, 0x4a, 0x8f, 0xb6, 0x5a, 0x72, 0x88, 0x91, 0x8f, 0x4b, 0xc1,
  0x9d, 0x47, 0xa5, 0x72, 0xb8, 0x3b, 0x8a, 0xb7, 0x64, 0x7e, 0x85, 0xb5,
  0x6a, 0x6b, 0x90, 0x96, 0x6c, 0x60, 0xa6, 0x96, 0x68, 0x82, 0x97, 0x95,
  0x6c, 0x61, 0xce, 0x5a, 0x89, 0x79, 0x82, 0xa9, 0x47, 0xaa, 0x7a, 0x8d,
  0x91, 0x5c, 0x93, 0x7a, 0x7a, 0x89, 0x66, 0xac, 0x88, 0x64, 0x8f, 0x83,
  0xac, 0x4a, 0x89, 0x90, 0x84, 0x7f, 0x63, 0xc8, 0x83, 0x76, 0x8b, 0x91,
  0x94, 0x57, 0x78, 0xa1, 0x7d, 0x87, 0x85, 0x97, 0x96, 0x5d, 0x97, 0x7e,
  0x82, 0x80, 0x6c, 0x89, 0x7d, 0x9b, 0x6f, 0x8c, 0x8d, 0x8e, 0x7a, 0x77,
  0xaa, 0x7c, 0x6d, 0x83, 0x8e, 0xaa, 0x50, 0x72, 0xc3, 0x62, 0x85, 0x77,
  0xaa, 0x98, 0x24, 0xb1, 0x92, 0x7b, 0x85, 0x7e, 0xb6, 0x5d, 0x61, 0xa0,
  0x82, 0x77, 0x6f, 0x8f, 0x94, 0x61, 0x9a, 0x94, 0x89, 0x79, 0x83, 0x98,
  0x63, 0x87, 0x82, 0x9c, 0x7b, 0x71, 0xb1, 0x73, 0x7b, 0x88, 0x89, 0x88,
  0x69, 0x94, 0x92, 0x72, 0x95, 0x7f, 0x8d, 0x8d, 0x6c, 0x8e, 0x7c, 0x84,
  0x85, 0x89, 0x80, 0x8d, 0x85, 0x6e, 0x88, 0x86, 0x94, 0x6e, 0x7e, 0xa0,
  0x67, 0x76, 0x88, 0x87, 0xa2, 0x5d, 0x88, 0xac, 0x62, 0x80, 0x77, 0x99,
  0x85, 0x58, 0xa6, 0x83, 0x80, 0x85, 0x7d, 0x96, 0x7e, 0x79, 0x87, 0x74,
  0x8a, 0x85, 0x84, 0x87, 0x8d, 0x94, 0x68, 0x7f, 0x95, 0x8f, 0x61, 0x76,
  0xae, 0x79, 0x6f, 0x86, 0xa4, 0x93, 0x4e, 0x86, 0xb4, 0x79, 0x64, 0x85,
  0xb4, 0x7f, 0x52, 0x9e, 0xa7, 0x79, 0x6c, 0x8c, 0x9d, 0x7c, 0x58, 0x97,
  0xa4, 0x68, 0x81, 0x87, 0x94, 0x83, 0x62, 0xa3, 0x84, 0x7d, 0x92, 0x65,
  0x9f, 0x8a, 0x6e, 0x98, 0x73, 0x9c, 0x83, 0x5f, 0x9c, 0x74, 0x8b, 0x80,
  0x85, 0xab, 0x69, 0x7c, 0x96, 0x83, 0x84, 0x76, 0x8d, 0x8f, 0x7a, 0x85,
  0x88, 0x85, 0x80, 0x89, 0x8a, 0x7f, 0x82, 0x86, 0x86, 0x71, 0x8d, 0x9e,
  0x75, 0x78, 0x8b, 0x8b, 0x7e, 0x6d, 0x99, 0x93, 0x6c, 0x82, 0x8b, 0x8a,
  0x76, 0x77, 0x9c, 0x86, 0x6d, 0x88, 0x8b, 0x81, 0x85, 0x84, 0x90, 0x84,
  0x73, 0x97, 0x73, 0x7e, 0x9b, 0x79, 0x8b, 0x72, 0x8e, 0x96, 0x56, 0x99,
  0x9e, 0x7f, 0x75, 0x76, 0xa4, 0x81, 0x55, 0x9a, 0x9b, 0x77, 0x66, 0x84,
  0xab, 0x71, 0x61, 0x94, 0x99, 0x74, 0x62, 0x8a, 0xa4, 0x76, 0x69, 0x94,
  0x95, 0x7b, 0x78, 0x81, 0x98, 0x8f, 0x70, 0x88, 0x8f, 0x86, 0x75, 0x6f,
  0xa1, 0x92, 0x6d, 0x80, 0x88, 0x8f, 0x74, 0x64, 0xab, 0x96, 0x60, 0x82,
  0x8c, 0x91, 0x71, 0x69, 0xad, 0x87, 0x6a, 0x83, 0x85, 0x91, 0x6b, 0x81,
  0xab, 0x6a, 0x74, 0x8e, 0x75, 0x91, 0x77, 0x89, 0x92, 0x6f, 0x90, 0x7d,
  0x7a, 0x8e, 0x81, 0x8e, 0x76, 0x7b, 0xa2, 0x79, 0x77, 0x93, 0x90, 0x80,
  0x6a, 0x88, 0x93, 0x77, 0x79, 0x90, 0x91, 0x78, 0x74, 0x8a, 0x96, 0x78,
  0x7b, 0x97, 0x7c, 0x77, 0x8e, 0x86, 0x82, 0x82, 0x8d, 0x93, 0x76, 0x87,
  0x90, 0x7e, 0x7f, 0x82, 0x90, 0x85, 0x61, 0x90, 0x9e, 0x6f, 0x7f, 0x87,
  0x8e, 0x78, 0x62, 0x92, 0x91, 0x77, 0x89, 0x85, 0x97, 0x7a, 0x62, 0x9a,
  0x8a, 0x85, 0x7e, 0x70, 0x9b, 0x85, 0x6f, 0x8b, 0x8e, 0x96, 0x6e, 0x6d,
  0xab, 0x82, 0x6c, 0x82, 0x93, 0x9e, 0x66, 0x63, 0xa3, 0x90, 0x65, 0x80,
  0xa2, 0x8d, 0x5a, 0x78, 0xaa, 0x89, 0x6f, 0x8c, 0x93, 0x89, 0x64, 0x74,
  0xa4, 0x7b, 0x72, 0x87, 0x87, 0x8c, 0x73, 0x80, 0x91, 0x77, 0x8b, 0x87,
  0x69, 0x94, 0x7e, 0x80, 0x87, 0x7c, 0xa0, 0x73, 0x72, 0x95, 0x8a, 0x83,
  0x79, 0x87, 0x9a, 0x6e, 0x7c, 0xa6, 0x84, 0x7f, 0x7f, 0x87, 0x94, 0x66,
  0x80, 0x8f, 0x7f, 0x92, 0x6c, 0x87, 0x98, 0x68, 0x89, 0x81, 0x7b, 0x94,
  0x72, 0x86, 0x84, 0x83, 0x84, 0x72, 0x8b, 0x8e, 0x78, 0x83, 0x87, 0x8b,
  0x88, 0x76, 0x86, 0x84, 0x89, 0x78, 0x86, 0x90, 0x78, 0x86, 0x76, 0x88,
  0x8b, 0x85, 0x85, 0x7c, 0x8f, 0x87, 0x6d, 0x8a, 0x90, 0x7e, 0x84, 0x70,
  0x9a, 0x8b, 0x64, 0x86, 0x8e, 0x8d, 0x6f, 0x7e, 0xa4, 0x80, 0x65, 0x8a,
  0x89, 0x8e, 0x7b, 0x75, 0xa5, 0x7d, 0x65, 0x86, 0x8a, 0x88, 0x70, 0x78,
  0xa4, 0x7c, 0x7f, 0x85, 0x7a, 0x9b, 0x72, 0x76, 0x9a, 0x78, 0x87, 0x7d,
  0x79, 0x9d, 0x7f, 0x75, 0x89, 0x82, 0xa2, 0x78, 0x72, 0xa9, 0x71, 0x78,
  0x86, 0x83, 0x9e, 0x72, 0x78, 0x9f, 0x75, 0x81, 0x85, 0x85, 0xa2, 0x66,
  0x86, 0x9a, 0x81, 0x8c, 0x7c, 0x7b, 0x95, 0x6f, 0x80, 0x8c, 0x7f, 0x8f,
  0x6a, 0x83, 0x95, 0x7b, 0x85, 0x79, 0x86, 0x93, 0x6c, 0x7f, 0x9d, 0x84,
  0x88, 0x7e, 0x91, 0x8f, 0x6d, 0x8a, 0x84, 0x7c, 0x89, 0x78, 0x93, 0x88,
  0x70, 0x8f, 0x82, 0x82, 0x8b, 0x7e, 0x89, 0x79, 0x8c, 0x8a, 0x79, 0x8d,
  0x88, 0x85, 0x74, 0x83, 0x8f, 0x7d, 0x7b, 0x7f, 0x97, 0x8b, 0x68, 0x8f,
  0x90, 0x7c, 0x80, 0x81, 0x9f, 0x7b, 0x77, 0x95, 0x83, 0x93, 0x76, 0x7a,
  0xa4, 0x71, 0x77, 0x8e, 0x77, 0x93, 0x7b, 0x7b, 0x93, 0x80, 0x88, 0x7c,
  0x7c, 0x95, 0x71, 0x76, 0x93, 0x7e, 0x8d, 0x78, 0x76, 0xa2, 0x7a, 0x7c,
  0x90, 0x84, 0x8e, 0x68, 0x82, 0xa7, 0x6d, 0x85, 0x85, 0x81, 0x98, 0x66,
  0x8c, 0x93, 0x78, 0x8b, 0x75, 0x8c, 0x96, 0x71, 0x8a, 0x86, 0x83, 0x8e,
  0x6b, 0x8a, 0x97, 0x6f, 0x7e, 0x87, 0x8a, 0x8a, 0x70, 0x8c, 0x97, 0x74,
  0x82, 0x7f, 0x8f, 0x8d, 0x64, 0x98, 0x8f, 0x71, 0x87, 0x84, 0x8c, 0x83,
  0x71, 0x94, 0x87, 0x7b, 0x84, 0x7d, 0x8d, 0x82, 0x7f, 0x8a, 0x7d, 0x7b,
  0x8d, 0x7a, 0x81, 0x8d, 0x86, 0x84, 0x6f, 0x9e, 0x8e, 0x69, 0x86, 0x95,
  0x76, 0x9c, 0x5c, 0x8d, 0xa1, 0x60, 0xa6, 0x6e, 0xac, 0x71, 0x5d, 0xa9,
  0x63, 0x9c, 0x71, 0x7a, 0xa9, 0x54, 0x9c, 0x72, 0x95, 0x9d, 0x4a, 0xb3,
  0x61, 0x86, 0x8f, 0x45, 0xca, 0x61, 0x9e, 0x81, 0x57, 0xe9, 0x1d, 0xa8,
  0x97, 0x58, 0xa9, 0x5c, 0x8b, 0x98, 0x63, 0xa9, 0x6a, 0xa9, 0x68, 0x6b,
  0xa8, 0x77, 0x7c, 0x97, 0x7f, 0x78, 0x87, 0x8d, 0x51, 0xc1, 0x81, 0x78,
  0x98, 0x6a, 0xa1, 0x71, 0x7c, 0x9a, 0x66, 0xb9, 0x37, 0xa5, 0xb4, 0x42,
  0xa3, 0x77, 0x84, 0x9c, 0x4c, 0xa7, 0x74, 0x80, 0x90, 0x55, 0xcf, 0x65,
  0x51, 0xa7, 0x79, 0x7c, 0x85, 0x86, 0x8b, 0x72, 0x8c, 0x7b, 0x7e, 0xa2,
  0x63, 0x7d, 0x97, 0x64, 0x86, 0x93, 0x7e, 0x7b, 0x98, 0x62, 0x89, 0x9a,
  0x7b, 0x7a, 0x85, 0x8f, 0x74, 0x85, 0x90, 0x69, 0x97, 0x7e, 0x6c, 0xa1,
  0x83, 0x61, 0x8d, 0x8b, 0x96, 0x77, 0xa5, 0x75, 0x70, 0xa2, 0x62, 0x82,
  0xad, 0x6d, 0x87, 0x87, 0x91, 0x84, 0x7a, 0x91, 0x79, 0x85, 0x86, 0x6b,
  0xae, 0x8f, 0x62, 0x91, 0x8d, 0x87, 0x76, 0x87, 0x9d, 0x69, 0x97, 0x7a,
  0x75, 0xad, 0x56, 0x84, 0x9c, 0x69, 0x99, 0x80, 0x80, 0x83, 0x77, 0x97,
  0x66, 0x93, 0xae, 0x50, 0x97, 0xa2, 0x6c, 0x96, 0x6f, 0x82, 0x97, 0x65,
  0x81, 0x8b, 0x95, 0x89, 0x5e, 0xa9, 0x8b, 0x5b, 0xa7, 0x79, 0x80, 0x9e,
  0x64, 0x94, 0x87, 0x6a, 0x86, 0x7e, 0xa3, 0x77, 0x6a, 0xb2, 0x57, 0x7a,
  0x92, 0x60, 0xa0, 0x7f, 0x5c, 0x95, 0x82, 0x92, 0x79, 0x84, 0xa4, 0x62,
  0x96, 0x8a, 0x73, 0xba, 0x6e, 0x78, 0x95, 0x73, 0x85, 0x7f, 0x8b, 0x88,
  0x70, 0xa1, 0x79, 0x7b, 0x97, 0x68, 0x87, 0x9c, 0x7f, 0x85, 0x85, 0x7d,
  0x86, 0x86, 0x83, 0x7c, 0x9d, 0x85, 0x63, 0x99, 0x94, 0x78, 0x89, 0x90,
  0x7e, 0x80, 0x80, 0x7e, 0x91, 0x8e, 0x6d, 0x82, 0xa0, 0x71, 0x77, 0xa0,
  0x85, 0x84, 0x92, 0x7d, 0x84, 0x84, 0x83, 0x72, 0x87, 0x97, 0x61, 0x90,
  0x99, 0x62, 0x9f, 0x79, 0x75, 0x9c, 0x6e, 0x7e, 0x76, 0x97, 0x91, 0x5d,
  0x9e, 0x79, 0x73, 0xa8, 0x5e, 0x93, 0xa1, 0x63, 0x8c, 0x80, 0x8e, 0x7d,
  0x77, 0xb2, 0x72, 0x7c, 0x97, 0x5b, 0x9f, 0x7d, 0x53, 0xb0, 0x86, 0x72,
  0x86, 0x7b, 0x8f, 0x75, 0x85, 0x94, 0x6c, 0x9d, 0x6e, 0x6a, 0xbf, 0x67,
  0x73, 0xac, 0x76, 0x87, 0x81, 0x85, 0x9b, 0x7a, 0x95, 0x74, 0x7f, 0x9f,
  0x52, 0x96, 0xa1, 0x5a, 0x9b, 0x7e, 0x77, 0x94, 0x79, 0x8f, 0x79, 0x8f,
  0x8b, 0x62, 0xa5, 0x7e, 0x6d, 0xa4, 0x70, 0x87, 0x9c, 0x6b, 0x84, 0x91,
  0x94, 0x74, 0x7f, 0xa0, 0x65, 0x83, 0x90, 0x6b, 0x9a, 0x80, 0x70, 0x92,
  0x87, 0x7a, 0x75, 0x96, 0x86, 0x6e, 0x97, 0x82, 0x77, 0xa1, 0x75, 0x7d,
  0x9e, 0x7b, 0x79, 0x83, 0x93, 0x80, 0x84, 0x9a, 0x73, 0x89, 0x90, 0x61,
  0x92, 0x99, 0x67, 0x8a, 0x88, 0x7b, 0x86, 0x82, 0x95, 0x74, 0x8c, 0x87,
  0x5f, 0xa3, 0x7a, 0x6b, 0xa5, 0x74, 0x84, 0x95, 0x76, 0x94, 0x85, 0x8a,
  0x7f, 0x72, 0xae, 0x6b, 0x64, 0xb2, 0x6e, 0x83, 0x8d, 0x6b, 0x9f, 0x74,
  0x74, 0x8f, 0x8a, 0x90, 0x5e, 0x8d, 0x98, 0x50, 0x9a, 0x95, 0x74, 0x99,
  0x68, 0x80, 0x99, 0x79, 0x8b, 0x83, 0x8d, 0x82, 0x6c, 0xa1, 0x7b, 0x6f,
  0xa5, 0x6d, 0x7b, 0x99, 0x68, 0x89, 0x88, 0x84, 0x84, 0x7a, 0x92, 0x73,
  0x7f, 0x95, 0x6a, 0x9b, 0x9f, 0x6e, 0x9c, 0x85, 0x73, 0x8d, 0x88, 0x90,
  0x7e, 0x8f, 0x81, 0x74, 0xa1, 0x6f, 0x75, 0x9e, 0x74, 0x80, 0x8a, 0x82,
  0x84, 0x84, 0x92, 0x75, 0x8a, 0x93, 0x5c, 0x8d, 0x97, 0x6d, 0x8e, 0x86,
  0x7d, 0x84, 0x84, 0x8a, 0x78, 0x96, 0x7e, 0x6c, 0xac, 0x73, 0x70, 0xa9,
  0x76, 0x88, 0x88, 0x7b, 0x86, 0x7f, 0x92, 0x73, 0x76, 0x9f, 0x64, 0x89,
  0x9c, 0x64, 0x9d, 0x82, 0x63, 0xa0, 0x81, 0x77, 0x80, 0x91, 0x92, 0x62,
  0x9a, 0x92, 0x66, 0x9d, 0x77, 0x79, 0xb2, 0x63, 0x74, 0x9a, 0x84, 0x89,
  0x7f, 0x9e, 0x85, 0x66, 0xa1, 0x70, 0x82, 0x9e, 0x55, 0xa2, 0x97, 0x64,
  0x91, 0x86, 0x88, 0x85, 0x7d, 0x94, 0x72, 0x8a, 0x8a, 0x61, 0xab, 0x85,
  0x65, 0x9d, 0x82, 0x7a, 0x8d, 0x80, 0x8b, 0x87, 0x88, 0x77, 0x7c, 0xa1,
  0x76, 0x81, 0x9f, 0x6f, 0x81, 0x89, 0x79, 0x8d, 0x8b, 0x78, 0x7c, 0x8c,
  0x86, 0x71, 0x8b, 0x98, 0x77, 0x86, 0x87, 0x79, 0x97, 0x7c, 0x74, 0x8d,
  0x8d, 0x75, 0x78, 0x98, 0x7c, 0x73, 0x92, 0x81, 0x86, 0x89, 0x6f, 0x89,
  0x8f, 0x7c, 0x81, 0x8c, 0x89, 0x6d, 0x93, 0x91, 0x70, 0x9b, 0x89, 0x6d,
  0x94, 0x7f, 0x81, 0x85, 0x7e, 0x8d, 0x73, 0x89, 0x7b, 0x72, 0xa4, 0x68,
  0x7c, 0xa3, 0x68, 0x82, 0x88, 0x7f, 0x93, 0x76, 0x8c, 0x85, 0x79, 0x90,
  0x6c, 0x8d, 0x9e, 0x63, 0x9a, 0x86, 0x6c, 0x97, 0x75, 0x8b, 0x89, 0x77,
  0x8a, 0x72, 0x92, 0x84, 0x62, 0xa4, 0x81, 0x71, 0x9a, 0x6d, 0x8f, 0x8c,
  0x6d, 0x8f, 0x83, 0x8b, 0x7b, 0x78, 0xa5, 0x6c, 0x7d, 0x9f, 0x6b, 0x8e,
  0x87, 0x72, 0x98, 0x86, 0x81, 0x7f, 0x84, 0x8e, 0x6a, 0x90, 0x90, 0x72,
  0xa1, 0x7e, 0x6f, 0x99, 0x78, 0x7a, 0x8b, 0x89, 0x7f, 0x73, 0x91, 0x83,
  0x7d, 0x8b, 0x78, 0x8f, 0x91, 0x68, 0x7f, 0x96, 0x80, 0x77, 0x8f, 0x8a,
  0x71, 0x88, 0x7f, 0x7d, 0x95, 0x7b, 0x71, 0x90, 0x85, 0x74, 0x88, 0x8f,
  0x80, 0x7f, 0x8e, 0x75, 0x85, 0x96, 0x6e, 0x89, 0x9a, 0x6d, 0x82, 0x86,
  0x7a, 0x89, 0x85, 0x89, 0x81, 0x86, 0x8a, 0x65, 0x95, 0x93, 0x62, 0x9c,
  0x80, 0x6e, 0x92, 0x76, 0x85, 0x89, 0x89, 0x84, 0x6f, 0x96, 0x78, 0x69,
  0xa2, 0x6f, 0x7f, 0x9a, 0x5c, 0x8c, 0x8f, 0x6c, 0x89, 0x84, 0x8b, 0x72,
  0x79, 0xa5, 0x75, 0x8b, 0x8e, 0x6d, 0xa5, 0x75, 0x71, 0xa5, 0x7c, 0x7a,
  0x8b, 0x88, 0x88, 0x72, 0x8d, 0x81, 0x74, 0xa6, 0x77, 0x71, 0xa3, 0x70,
  0x83, 0x93, 0x7d, 0x8b, 0x81, 0x81, 0x81, 0x8a, 0x93, 0x6d, 0x8a, 0x9c,
  0x69, 0x8a, 0x8b, 0x7d, 0x92, 0x7b, 0x7b, 0x8a, 0x86, 0x79, 0x80, 0x9a,
  0x7e, 0x6b, 0x9a, 0x85, 0x81, 0x86, 0x7f, 0x8b, 0x8a, 0x80, 0x76, 0x8b,
  0x90, 0x71, 0x8c, 0x95, 0x77, 0x88, 0x84, 0x7d, 0x8f, 0x84, 0x82, 0x83,
  0x8d, 0x79, 0x71, 0x9d, 0x7e, 0x77, 0x92, 0x79, 0x81, 0x90, 0x76, 0x88,
  0x8b, 0x80, 0x83, 0x82, 0x8f, 0x76, 0x7c, 0x99, 0x75, 0x88, 0x92, 0x6a,
  0x89, 0x84, 0x7a, 0x8e, 0x84, 0x88, 0x79, 0x81, 0x8b, 0x76, 0x92, 0x83,
  0x70, 0xa6, 0x72, 0x6f, 0x95, 0x80, 0x8c, 0x7e, 0x80, 0x8b, 0x7a, 0x8a,
  0x80, 0x80, 0x9c, 0x69, 0x80, 0x9e, 0x6c, 0x84, 0x8c, 0x7a, 0x8c, 0x82,
  0x8b, 0x7f, 0x85, 0x93, 0x6c, 0x93, 0x88, 0x69, 0x98, 0x86, 0x73, 0x99,
  0x7d, 0x7a, 0x89, 0x86, 0x7e, 0x76, 0x97, 0x88, 0x6d, 0x90, 0x78, 0x7d,
  0x93, 0x6e, 0x86, 0x95, 0x79, 0x7c, 0x85, 0x8a, 0x7b, 0x88, 0x93, 0x77,
  0x8a, 0x82, 0x6d, 0x94, 0x8f, 0x77, 0x8d, 0x88, 0x7c, 0x75, 0x8d, 0x89,
  0x81, 0x92, 0x76, 0x83, 0x9d, 0x6d, 0x84, 0x9b, 0x84, 0x7d, 0x84, 0x8b,
  0x76, 0x80, 0x8f, 0x76, 0x91, 0x86, 0x68, 0x98, 0x84, 0x75, 0x90, 0x87,
  0x85, 0x7a, 0x8a, 0x82, 0x74, 0xa0, 0x85, 0x72, 0xa3, 0x74, 0x74, 0x8e,
  0x79, 0x8c, 0x81, 0x84, 0x84, 0x83, 0x8e, 0x6d, 0x89, 0x9d, 0x5c, 0x8c,
  0x94, 0x6c, 0x94, 0x82, 0x76, 0x91, 0x83, 0x80, 0x82, 0x90, 0x8c, 0x6d,
  0x9c, 0x85, 0x6a, 0x9c, 0x74, 0x7f, 0x9e, 0x74, 0x84, 0x89, 0x81, 0x7f,
  0x7c, 0x94, 0x7f, 0x7e, 0x94, 0x6a, 0x8f, 0x94, 0x67, 0x96, 0x8d, 0x78,
  0x89, 0x85, 0x88, 0x85, 0x8a, 0x89, 0x77, 0x90, 0x82, 0x69, 0x96, 0x81,
  0x76, 0x8a, 0x7e, 0x82, 0x87, 0x80, 0x7d, 0x8a, 0x8d, 0x6e, 0x83, 0x9c,
  0x74, 0x82, 0x92, 0x87, 0x87, 0x82, 0x7e, 0x87, 0x87, 0x78, 0x7a, 0x95,
  0x80, 0x69, 0x8f, 0x89, 0x7e, 0x8b, 0x87, 0x85, 0x89, 0x7e, 0x7c, 0x8b,
  0x8f, 0x79, 0x7e, 0x9b, 0x73, 0x7c, 0x8b, 0x76, 0x91, 0x87, 0x79, 0x84,
  0x81, 0x87, 0x73, 0x8c, 0x94, 0x6e, 0x92, 0x8d, 0x70, 0x97, 0x83, 0x76,
  0x95, 0x88, 0x82, 0x7e, 0x8a, 0x8c, 0x72, 0x91, 0x81, 0x77, 0x97, 0x68,
  0x85, 0x94, 0x6d, 0x8a, 0x88, 0x81, 0x83, 0x78, 0x93, 0x7d, 0x80, 0x96,
  0x6a, 0x8e, 0x8c, 0x64, 0x94, 0x8e, 0x78, 0x88, 0x83, 0x88, 0x7e, 0x87,
  0x85, 0x7a, 0x96, 0x73, 0x73, 0x99, 0x77, 0x7f, 0x92, 0x78, 0x7c, 0x86,
  0x86, 0x83, 0x81, 0x90, 0x78, 0x7f, 0x94, 0x72, 0x83, 0x8b, 0x74, 0x90,
  0x88, 0x6f, 0x88, 0x90, 0x7f, 0x7e, 0x8e, 0x7d, 0x7a, 0x88, 0x94, 0x72,
  0x7f, 0x87, 0x8b, 0x83, 0x64, 0x87, 0x99, 0x81, 0x65, 0x8d, 0xa4, 0x6d,
  0x7a, 0x8a, 0x90, 0x7d, 0x80, 0x7c, 0x99, 0x89, 0x6e, 0x89, 0x9b, 0x88,
  0x6f, 0x96, 0x8a, 0x72, 0x82, 0x89, 0x80, 0x9a, 0x7d, 0x6e, 0x92, 0x78,
  0x8e, 0x83, 0x88, 0x6d, 0x87, 0x99, 0x66, 0x7d, 0xa3, 0x85, 0x75, 0x82,
  0x8e, 0x8d, 0x6d, 0x8a, 0x80, 0x84, 0x79, 0x69, 0xaf, 0x7f, 0x6e, 0x91,
  0x8d, 0x81, 0x79, 0x7b, 0x98, 0x83, 0x7d, 0x8d, 0x75, 0xa6, 0x66, 0x6d,
  0xa8, 0x6e, 0x7b, 0x81, 0x79, 0x93, 0x74, 0x83, 0x9e, 0x80, 0x94, 0x5c,
  0x83, 0xa2, 0x59, 0x8c, 0x83, 0x7d, 0x8a, 0x7f, 0x89, 0x95, 0x7a, 0x84,
  0x79, 0x8b, 0x84, 0x71, 0x9e, 0x77, 0x78, 0x98, 0x88, 0x7a, 0x88, 0x80,
  0x7c, 0x80, 0x7b, 0x8c, 0x84, 0x84, 0x76, 0x86, 0x8d, 0x6b, 0x7d, 0xa0,
  0x7b, 0x7b, 0x8a, 0x81, 0x89, 0x7d, 0x81, 0x85, 0x93, 0x70, 0x76, 0xa1,
  0x7e, 0x6f, 0x7b, 0x97, 0x83, 0x76, 0x8d, 0x80, 0x89, 0x81, 0x69, 0x99,
  0x8a, 0x69, 0x8a, 0x80, 0x91, 0x75, 0x80, 0x99, 0x78, 0x90, 0x72, 0x7b,
  0x9a, 0x6d, 0x7a, 0x91, 0x87, 0x86, 0x84, 0x8b, 0x81, 0x80, 0x88, 0x7d,
  0x86, 0x88, 0x86, 0x81, 0x90, 0x81, 0x7e, 0x91, 0x6c, 0x8e, 0x8d, 0x6c,
  0x86, 0x86, 0x89, 0x79, 0x79, 0x9f, 0x7e, 0x79, 0x7f, 0x76, 0x9f, 0x74,
  0x73, 0xa0, 0x7b, 0x75, 0x83, 0x94, 0x90, 0x6f, 0x7f, 0x90, 0x79, 0x85,
  0x7f, 0x84, 0x9b, 0x69, 0x82, 0xa0, 0x7a, 0x83, 0x82, 0x7c, 0x89, 0x71,
  0x92, 0x87, 0x80, 0x91, 0x69, 0x8e, 0x8a, 0x70, 0x8e, 0x7b, 0x82, 0x87,
  0x84, 0x8b, 0x80, 0x89, 0x8a, 0x71, 0x91, 0x84, 0x82, 0x88, 0x7a, 0x7e,
  0x90, 0x88, 0x7a, 0x8d, 0x90, 0x74, 0x7a, 0x8c, 0x87, 0x7c, 0x78, 0x83,
  0x8b, 0x87, 0x6f, 0x8a, 0x9b, 0x6e, 0x71, 0x8e, 0x88, 0x72, 0x7f, 0x8b,
  0x89, 0x86, 0x72, 0x8a, 0x93, 0x7e, 0x7b, 0x81, 0x98, 0x6e, 0x76, 0xa0,
  0x79, 0x8b, 0x8b, 0x76, 0x99, 0x77, 0x78, 0x8f, 0x7e, 0x8a, 0x6b, 0x92,
  0x8e, 0x72, 0x9b, 0x7b, 0x7b, 0x96, 0x6e, 0x7a, 0x8e, 0x82, 0x7e, 0x7c,
  0x93, 0x8a, 0x83, 0x87, 0x83, 0x8b, 0x80, 0x6e, 0x82, 0x9f, 0x76, 0x79,
  0x8a, 0x81, 0x8b, 0x77, 0x82, 0x93, 0x77, 0x81, 0x7d, 0x8e, 0x8a, 0x66,
  0x92, 0x87, 0x75, 0x89, 0x7c, 0x8e, 0x8a, 0x73, 0x84, 0x8c, 0x8d, 0x7c,
  0x7f, 0x91, 0x7c, 0x72, 0x8e, 0x84, 0x7b, 0x88, 0x79, 0x86, 0x8f, 0x75,
  0x84, 0x89, 0x84, 0x82, 0x7d, 0x8d, 0x76, 0x84, 0x90, 0x76, 0x8e, 0x8b,
  0x7e, 0x88, 0x80, 0x81, 0x87, 0x7f, 0x7e, 0x82, 0x8f, 0x79, 0x7f, 0x90,
  0x88, 0x7f, 0x7a, 0x8f, 0x81, 0x7a, 0x82, 0x7c, 0x99, 0x7c, 0x79, 0x9c,
  0x7e, 0x7a, 0x7e, 0x88, 0x8f, 0x79, 0x81, 0x83, 0x84, 0x8a, 0x73, 0x89,
  0x9d, 0x77, 0x78, 0x8a, 0x80, 0x84, 0x7d, 0x7f, 0x90, 0x82, 0x7e, 0x82,
  0x82, 0x91, 0x64, 0x88, 0x91, 0x75, 0x8f, 0x7d, 0x87, 0x92, 0x74, 0x8b,
  0x83, 0x85, 0x8a, 0x67, 0x96, 0x88, 0x71, 0x8f, 0x7d, 0x89, 0x8a, 0x6f,
  0x8c, 0x8c, 0x84, 0x80, 0x7a, 0x91, 0x82, 0x80, 0x8b, 0x84, 0x87, 0x7f,
  0x7b, 0x89, 0x8d, 0x77, 0x80, 0x8a, 0x85, 0x7e, 0x85, 0x88, 0x8a, 0x77,
  0x83, 0x7c, 0x86, 0x86, 0x71, 0x94, 0x8b, 0x7f, 0x8e, 0x7d, 0x85, 0x80,
  0x7e, 0x85, 0x80, 0x8b, 0x80, 0x7a, 0x8b, 0x7c, 0x83, 0x87, 0x7d, 0x80,
  0x85, 0x7d, 0x74, 0x8f, 0x8a, 0x7d, 0x7f, 0x89, 0x8b, 0x7c, 0x7d, 0x7d,
  0x8a, 0x88, 0x72, 0x8c, 0x9e, 0x75, 0x78, 0x8b, 0x88, 0x80, 0x6d, 0x83,
  0x87, 0x82, 0x72, 0x84, 0x9d, 0x7a, 0x6b, 0x8b, 0x93, 0x79, 0x7b, 0x8d,
  0x8b, 0x87, 0x74, 0x84, 0x9e, 0x7e, 0x6f, 0x80, 0x92, 0x83, 0x63, 0x91,
  0x8c, 0x79, 0x89, 0x78, 0x93, 0x97, 0x72, 0x89, 0x8d, 0x85, 0x75, 0x82,
  0x92, 0x78, 0x7f, 0x89, 0x82, 0x92, 0x84, 0x6c, 0x8a, 0x88, 0x78, 0x83,
  0x89, 0x84, 0x80, 0x83, 0x87, 0x8d, 0x8b, 0x72, 0x75, 0x92, 0x7b, 0x75,
  0x91, 0x89, 0x84, 0x87, 0x7b, 0x85, 0x8c, 0x7f, 0x79, 0x85, 0x8f, 0x76,
  0x80, 0x90, 0x81, 0x85, 0x86, 0x7e, 0x8a, 0x83, 0x75, 0x82, 0x89, 0x80,
  0x77, 0x8b, 0x87, 0x7e, 0x80, 0x7e, 0x7b, 0x8c, 0x7f, 0x74, 0x8f, 0x86,
  0x7b, 0x8a, 0x8e, 0x82, 0x89, 0x7d, 0x7f, 0x89, 0x85, 0x74, 0x81, 0x9b,
  0x81, 0x7c, 0x87, 0x87, 0x83, 0x83, 0x7d, 0x85, 0x8a, 0x72, 0x7f, 0x94,
  0x86, 0x78, 0x83, 0x8e, 0x7a, 0x7d, 0x89, 0x83, 0x8f, 0x7d, 0x6e, 0x91,
  0x8a, 0x7b, 0x84, 0x87, 0x83, 0x7a, 0x84, 0x86, 0x84, 0x87, 0x7b, 0x7f,
  0x8d, 0x82, 0x7e, 0x84, 0x87, 0x7f, 0x80, 0x82, 0x82, 0x8c, 0x81, 0x7b,
  0x86, 0x8b, 0x81, 0x7d, 0x8c, 0x85, 0x7d, 0x84, 0x7f, 0x91, 0x8d, 0x71,
  0x82, 0x8d, 0x81, 0x75, 0x7c, 0x91, 0x76, 0x7b, 0x86, 0x85, 0x8f, 0x78,
  0x7a, 0x93, 0x88, 0x7a, 0x7c, 0x8b, 0x82, 0x7a, 0x88, 0x88, 0x85, 0x82,
  0x7d, 0x85, 0x89, 0x7f, 0x77, 0x8f, 0x83, 0x7d, 0x87, 0x80, 0x84, 0x83,
  0x81, 0x82, 0x85, 0x86, 0x7d, 0x7d, 0x8f, 0x7c, 0x82, 0x87, 0x7e, 0x87,
  0x80, 0x7e, 0x7e, 0x8e, 0x7d, 0x76, 0x86, 0x85, 0x86, 0x86, 0x85, 0x85,
  0x85, 0x7f, 0x75, 0x8a, 0x91, 0x72, 0x86, 0x8a, 0x86, 0x81, 0x7d, 0x8e,
  0x81, 0x82, 0x7a, 0x7b, 0x8f, 0x76, 0x78, 0x94, 0x81, 0x7b, 0x83, 0x87,
  0x82, 0x82, 0x7e, 0x81, 0x8f, 0x84, 0x77, 0x89, 0x8a, 0x7c, 0x7b, 0x8e,
  0x80, 0x85, 0x87, 0x76, 0x8d, 0x88, 0x7c, 0x7e, 0x86, 0x85, 0x79, 0x85,
  0x89, 0x7f, 0x88, 0x79, 0x77, 0x90, 0x80, 0x7b, 0x89, 0x87, 0x7b, 0x7a,
  0x83, 0x81, 0x88, 0x80, 0x7c, 0x8c, 0x8a, 0x7a, 0x79, 0x8e, 0x80, 0x78,
  0x8c, 0x7e, 0x87, 0x82, 0x7b, 0x91, 0x88, 0x81, 0x76, 0x8a, 0x8c, 0x6e,
  0x85, 0x8c, 0x80, 0x87, 0x7f, 0x81, 0x8c, 0x85, 0x7d, 0x85, 0x8c, 0x7b,
  0x79, 0x87, 0x80, 0x86, 0x81, 0x83, 0x88, 0x8e, 0x7c, 0x78, 0x93, 0x80,
  0x7e, 0x88, 0x81, 0x83, 0x85, 0x7e, 0x83, 0x87, 0x8a, 0x77, 0x81, 0x8e,
  0x79, 0x82, 0x86, 0x84, 0x87, 0x7d, 0x7d, 0x86, 0x8b, 0x79, 0x7e, 0x89,
  0x82, 0x7e, 0x83, 0x8d, 0x81, 0x7e, 0x81, 0x78, 0x8f, 0x7c, 0x74, 0x93,
  0x85, 0x85, 0x85, 0x85, 0x8a, 0x7a, 0x82, 0x7d, 0x85, 0x8c, 0x74, 0x85,
  0x8c, 0x7e, 0x88, 0x84, 0x86, 0x83, 0x7d, 0x81, 0x83, 0x8b, 0x81, 0x7a,
  0x87, 0x8a, 0x7b, 0x79, 0x8c, 0x85, 0x87, 0x7e, 0x7b, 0x8b, 0x80, 0x7d,
  0x84, 0x8a, 0x84, 0x76, 0x8a, 0x8d, 0x80, 0x84, 0x82, 0x86, 0x8e, 0x76,
  0x7d, 0x90, 0x87, 0x79, 0x84, 0x8a, 0x85, 0x7d, 0x7d, 0x87, 0x84, 0x83,
  0x7c, 0x82, 0x8f, 0x77, 0x78, 0x8d, 0x82, 0x84, 0x7f, 0x83, 0x89, 0x84,
  0x84, 0x7d, 0x88, 0x89, 0x75, 0x88, 0x88, 0x7e, 0x81, 0x86, 0x85, 0x86,
  0x83, 0x7a, 0x83, 0x8c, 0x7e, 0x7d, 0x8a, 0x84, 0x7b, 0x80, 0x87, 0x83,
  0x87, 0x78, 0x78, 0x91, 0x7f, 0x76, 0x89, 0x86, 0x82, 0x7a, 0x85, 0x84,
  0x85, 0x86, 0x7c, 0x86, 0x8b, 0x75, 0x7b, 0x8f, 0x83, 0x7f, 0x87, 0x81,
  0x88, 0x83, 0x79, 0x82, 0x8a, 0x86, 0x76, 0x87, 0x8f, 0x79, 0x82, 0x88,
  0x82, 0x8b, 0x78, 0x7c, 0x8b, 0x80, 0x7e, 0x7f, 0x8c, 0x8a, 0x7d, 0x87,
  0x7c, 0x84, 0x89, 0x76, 0x8a, 0x8d, 0x77, 0x7d, 0x8a, 0x87, 0x81, 0x7f,
  0x85, 0x85, 0x85, 0x7d, 0x7b, 0x8f, 0x8b, 0x73, 0x88, 0x88, 0x7b, 0x7e,
  0x83, 0x86, 0x86, 0x80, 0x7b, 0x8a, 0x8a, 0x7b, 0x7f, 0x8e, 0x85, 0x7a,
  0x84, 0x86, 0x82, 0x82, 0x7c, 0x80, 0x8f, 0x7d, 0x7c, 0x8a, 0x87, 0x7f,
  0x77, 0x85, 0x85, 0x80, 0x83, 0x7a, 0x89, 0x8c, 0x79, 0x83, 0x89, 0x83,
  0x7c, 0x7f, 0x89, 0x88, 0x80, 0x7d, 0x83, 0x8b, 0x83, 0x7a, 0x85, 0x8a,
  0x7e, 0x7d, 0x86, 0x84, 0x86, 0x7f, 0x80, 0x89, 0x81, 0x7d, 0x83, 0x8a,
  0x84, 0x74, 0x86, 0x8a, 0x83, 0x84, 0x7c, 0x87, 0x89, 0x7b, 0x80, 0x8a,
  0x87, 0x7a, 0x7c, 0x89, 0x86, 0x7f, 0x81, 0x81, 0x83, 0x85, 0x78, 0x82,
  0x8a, 0x7a, 0x7f, 0x85, 0x84, 0x85, 0x80, 0x84, 0x85, 0x85, 0x81, 0x76,
  0x87, 0x8f, 0x7a, 0x84, 0x84, 0x84, 0x84, 0x7a, 0x85, 0x8a, 0x83, 0x7b,
  0x82, 0x8b, 0x80, 0x77, 0x8a, 0x8a, 0x7e, 0x7f, 0x7e, 0x84, 0x8b, 0x7a,
  0x80, 0x89, 0x83, 0x79, 0x7e, 0x8d, 0x7d, 0x7c, 0x83, 0x80, 0x87, 0x80,
  0x78, 0x8a, 0x8a, 0x7a, 0x7a, 0x8a, 0x86, 0x7e, 0x82, 0x80, 0x87, 0x84,
  0x7a, 0x7f, 0x8a, 0x83, 0x75, 0x84, 0x8c, 0x7d, 0x82, 0x80, 0x84, 0x8b,
  0x7b, 0x7e, 0x89, 0x87, 0x7b, 0x7b, 0x8e, 0x84, 0x7d, 0x86, 0x80, 0x89,
  0x82, 0x7a, 0x89, 0x8d, 0x80, 0x79, 0x86, 0x87, 0x7e, 0x7f, 0x84, 0x86,
  0x84, 0x80, 0x7c, 0x8b, 0x86, 0x74, 0x87, 0x88, 0x80, 0x7d, 0x82, 0x85,
  0x85, 0x80, 0x7f, 0x84, 0x89, 0x7c, 0x7e, 0x8c, 0x82, 0x7e, 0x84, 0x85,
  0x85, 0x83, 0x7b, 0x81, 0x89, 0x86, 0x7a, 0x81, 0x86, 0x80, 0x7b, 0x85,
  0x84, 0x85, 0x82, 0x76, 0x89, 0x88, 0x78, 0x80, 0x84, 0x85, 0x7d, 0x7e,
  0x86, 0x83, 0x86, 0x7d, 0x7d, 0x8c, 0x81, 0x77, 0x84, 0x8a, 0x83, 0x7d,
  0x85, 0x85, 0x82, 0x7f, 0x7e, 0x88, 0x87, 0x77, 0x7f, 0x8b, 0x83, 0x7b,
  0x83, 0x85, 0x85, 0x7e, 0x7a, 0x86, 0x8a, 0x81, 0x7e, 0x88, 0x88, 0x7b,
  0x7f, 0x86, 0x84, 0x85, 0x7b, 0x82, 0x8a, 0x86, 0x7a, 0x84, 0x91, 0x82,
  0x7d, 0x82, 0x85, 0x85, 0x7d, 0x82, 0x84, 0x89, 0x7f, 0x78, 0x8a, 0x88,
  0x7a, 0x83, 0x85, 0x86, 0x81, 0x7a, 0x84, 0x84, 0x84, 0x79, 0x83, 0x8d,
  0x7a, 0x78, 0x87, 0x89, 0x80, 0x7d, 0x82, 0x85, 0x83, 0x7a, 0x83, 0x8d,
  0x86, 0x78, 0x7d, 0x8c, 0x80, 0x7e, 0x87, 0x83, 0x8b, 0x82, 0x7a, 0x89,
  0x85, 0x81, 0x7a, 0x88, 0x88, 0x7e, 0x82, 0x86, 0x83, 0x85, 0x7d, 0x7d,
  0x8b, 0x85, 0x7a, 0x83, 0x8a, 0x83, 0x80, 0x7d, 0x84, 0x8a, 0x80, 0x7f,
  0x86, 0x8e, 0x7b, 0x79, 0x8b, 0x84, 0x84, 0x86, 0x84, 0x89, 0x83, 0x7a,
  0x86, 0x89, 0x82, 0x78, 0x85, 0x89, 0x7d, 0x81, 0x85, 0x84, 0x85, 0x7e,
  0x79, 0x89, 0x83, 0x76, 0x83, 0x8b, 0x88, 0x7e, 0x82, 0x86, 0x85, 0x82,
  0x7d, 0x83, 0x8c, 0x7e, 0x7b, 0x84, 0x83, 0x85, 0x80, 0x80, 0x86, 0x83,
  0x7b, 0x7c, 0x88, 0x87, 0x7a, 0x81, 0x8a, 0x84, 0x7d, 0x84, 0x84, 0x85,
  0x82, 0x7d, 0x87, 0x84, 0x86, 0x7e, 0x87, 0x87, 0x74, 0x82, 0x84, 0x91,
  0x77, 0x84, 0x8c, 0x8e, 0x70, 0x6f, 0x93, 0x7e, 0x79, 0x82, 0x84, 0x8e,
  0x76, 0x95, 0x82, 0x87, 0x76, 0x7d, 0x8b, 0x8d, 0x80, 0x83, 0x8c, 0x7e,
  0x85, 0x7e, 0x8b, 0x88, 0x74, 0x84, 0x81, 0x6d, 0x98, 0x81, 0x85, 0x7b,
  0x62, 0xa9, 0x72, 0x87, 0x82, 0x8b, 0x7f, 0x72, 0x7b, 0x97, 0x73, 0x85,
  0x77, 0x94, 0x98, 0x64, 0x94, 0x74, 0x89, 0x6e, 0x7f, 0x97, 0x6f, 0x8c,
  0x64, 0x9b, 0x85, 0x7b, 0x87, 0x82, 0x7b, 0x72, 0x7d, 0x9c, 0x7f, 0x89,
  0x8c, 0x6f, 0x98, 0x73, 0x8c, 0x8a, 0x78, 0x82, 0x7c, 0x96, 0x80, 0x87,
  0x83, 0x88, 0x84, 0x87, 0x7a, 0x7c, 0x85, 0x7d, 0x7d, 0x8d, 0x87, 0x80,
  0x82, 0x73, 0x9a, 0x83, 0x85, 0x7d, 0x7a, 0x8f, 0x63, 0x90, 0x94, 0x83,
  0x8e, 0x72, 0x86, 0x81, 0x7a, 0x83, 0x7f, 0x8b, 0x78, 0x76, 0x95, 0x7d,
  0x82, 0x7f, 0x84, 0x84, 0x7a, 0x81, 0x7b, 0x8e, 0x81, 0x75, 0x98, 0x87,
  0x84, 0x79, 0x7e, 0x88, 0x80, 0x8c, 0x87, 0x81, 0x88, 0x73, 0x89, 0x8e,
  0x80, 0x85, 0x81, 0x7c, 0x7e, 0x86, 0x82, 0x86, 0x87, 0x7f, 0x80, 0x7f,
  0x87, 0x7c, 0x83, 0x86, 0x74, 0x8f, 0x82, 0x7a, 0x8c, 0x7f, 0x8c, 0x80,
  0x8b, 0x88, 0x6d, 0x88, 0x7d, 0x87, 0x93, 0x72, 0x86, 0x83, 0x79, 0x85,
  0x82, 0x91, 0x78, 0x7a, 0x80, 0x7a, 0x94, 0x81, 0x83, 0x8a, 0x7d, 0x79,
  0x81, 0x86, 0x81, 0x7d, 0x85, 0x7b, 0x89, 0x85, 0x76, 0x8e, 0x87, 0x83,
  0x79, 0x84, 0x8a, 0x76, 0x80, 0x85, 0x8d, 0x8b, 0x7e, 0x78, 0x86, 0x7d,
  0x76, 0x8e, 0x8f, 0x88, 0x75, 0x80, 0x87, 0x82, 0x82, 0x80, 0x83, 0x8a,
  0x6e, 0x74, 0x95, 0x7d, 0x81, 0x7f, 0x87, 0x86, 0x78, 0x82, 0x86, 0x87,
  0x7f, 0x78, 0x8b, 0x8a, 0x6d, 0x84, 0x83, 0x86, 0x81, 0x7f, 0x87, 0x7f,
  0x7c, 0x78, 0x89, 0x90, 0x80, 0x77, 0x84, 0x85, 0x7c, 0x83, 0x86, 0x82,
  0x80, 0x7a, 0x7b, 0x90, 0x86, 0x80, 0x85, 0x80, 0x82, 0x7a, 0x83, 0x84,
  0x85, 0x89, 0x80, 0x82, 0x8e, 0x7b, 0x79, 0x8a, 0x83, 0x8a, 0x7e, 0x81,
  0x81, 0x7f, 0x86, 0x81, 0x8e, 0x8b, 0x73, 0x83, 0x85, 0x7b, 0x8d, 0x7b,
  0x88, 0x84, 0x78, 0x83, 0x7e, 0x8f, 0x7e, 0x7a, 0x85, 0x7f, 0x7d, 0x87,
  0x78, 0x86, 0x87, 0x7b, 0x84, 0x81, 0x87, 0x78, 0x80, 0x87, 0x86, 0x85,
  0x7c, 0x79, 0x84, 0x88, 0x7e, 0x89, 0x8d, 0x7f, 0x70, 0x7d, 0x87, 0x88,
  0x85, 0x7e, 0x89, 0x7f, 0x77, 0x7b, 0x8d, 0x87, 0x72, 0x80, 0x89, 0x83,
  0x81, 0x83, 0x86, 0x8f, 0x75, 0x7e, 0x89, 0x84, 0x7a, 0x79, 0x95, 0x88,
  0x7d, 0x83, 0x83, 0x83, 0x84, 0x77, 0x8e, 0x94, 0x70, 0x79, 0x85, 0x8d,
  0x84, 0x7f, 0x88, 0x7e, 0x7d, 0x7d, 0x7d, 0x90, 0x87, 0x70, 0x84, 0x87,
  0x83, 0x81, 0x84, 0x84, 0x82, 0x7d, 0x7b, 0x86, 0x88, 0x79, 0x7b, 0x8f,
  0x84, 0x80, 0x82, 0x7e, 0x87, 0x86, 0x7f, 0x83, 0x89, 0x7c, 0x77, 0x7e,
  0x8a, 0x88, 0x7d, 0x88, 0x7d, 0x7c, 0x7f, 0x7d, 0x89, 0x8d, 0x77, 0x82,
  0x83, 0x7c, 0x85, 0x7c, 0x8b, 0x82, 0x7c, 0x7f, 0x7d, 0x8e, 0x84, 0x7e,
  0x8b, 0x82, 0x7f, 0x85, 0x76, 0x80, 0x85, 0x82, 0x86, 0x83, 0x87, 0x7a,
  0x78, 0x8a, 0x8a, 0x85, 0x88, 0x79, 0x82, 0x80, 0x79, 0x8c, 0x8e, 0x84,
  0x77, 0x7e, 0x83, 0x85, 0x7e, 0x81, 0x89, 0x82, 0x7c, 0x7b, 0x8d, 0x8a,
  0x78, 0x82, 0x8b, 0x82, 0x79, 0x78, 0x84, 0x8c, 0x7c, 0x83, 0x87, 0x88,
  0x7a, 0x78, 0x8b, 0x8d, 0x7a, 0x7d, 0x83, 0x82, 0x80, 0x75, 0x8c, 0x8d,
  0x83, 0x7a, 0x77, 0x8b, 0x80, 0x7d, 0x89, 0x85, 0x81, 0x81, 0x7a, 0x8b,
  0x84, 0x76, 0x81, 0x86, 0x85, 0x7c, 0x7a, 0x86, 0x84, 0x81, 0x85, 0x81,
  0x84, 0x82, 0x76, 0x91, 0x89, 0x78, 0x7d, 0xa2, 0x73, 0x65, 0x96, 0x81,
  0x9d, 0x71, 0x72, 0x92, 0x8c, 0x85, 0x6b, 0x8c, 0xa5, 0x68, 0x84, 0x75,
  0x9c, 0x89, 0x62, 0x9e, 0x7e, 0x8d, 0x79, 0x5d, 0xb0, 0x63, 0x8d, 0x79,
  0x73, 0xa9, 0x4d, 0x86, 0xa1, 0x79, 0x96, 0x6f, 0x83, 0x93, 0x74, 0x78,
  0x6c, 0xa6, 0x7a, 0x78, 0x8a, 0x75, 0xa0, 0x7b, 0x71, 0x95, 0x7c, 0x89,
  0x5b, 0x8d, 0x9d, 0x71, 0x89, 0x79, 0x90, 0x88, 0x56, 0x88, 0x90, 0x8d,
  0x6f, 0x75, 0xa1, 0x78, 0x77, 0x88, 0x89, 0x93, 0x70, 0x79, 0x8b, 0x93,
  0x70, 0x78, 0x94, 0x82, 0x80, 0x73, 0x89, 0x92, 0x73, 0x86, 0x71, 0x9b,
  0x85, 0x62, 0xa0, 0x83, 0x8d, 0x83, 0x6f, 0x9c, 0x74, 0x84, 0x7b, 0x80,
  0x9e, 0x65, 0x80, 0x94, 0x7a, 0x8c, 0x6e, 0x90, 0x8c, 0x7b, 0x80, 0x79,
  0x9b, 0x7c, 0x78, 0x8e, 0x8c, 0x82, 0x6c, 0x89, 0x86, 0x7f, 0x81, 0x74,
  0x9a, 0x80, 0x79, 0x87, 0x86, 0x92, 0x6c, 0x87, 0x8b, 0x6f, 0x8a, 0x68,
  0x94, 0x8f, 0x74, 0x8e, 0x76, 0x8f, 0x75, 0x77, 0xa1, 0x72, 0x8f, 0x76,
  0x76, 0x98, 0x6b, 0x92, 0x7b, 0x82, 0x8e, 0x61, 0x98, 0x7a, 0x85, 0x93,
  0x74, 0x96, 0x7c, 0x7d, 0x8b, 0x76, 0x95, 0x71, 0x84, 0x84, 0x7c, 0x8c,
  0x7c, 0x8e, 0x89, 0x81, 0x7c, 0x73, 0x8f, 0x7b, 0x83, 0x87, 0x82, 0x8f,
  0x6f, 0x8d, 0x7e, 0x81, 0x8f, 0x65, 0x98, 0x80, 0x70, 0x92, 0x75, 0x99,
  0x7b, 0x83, 0x92, 0x6b, 0x8c, 0x71, 0x85, 0x9a, 0x68, 0x8c, 0x7a, 0x80,
  0x82, 0x76, 0x8b, 0x7b, 0x88, 0x7e, 0x79, 0x93, 0x81, 0x85, 0x81, 0x8c,
  0x85, 0x76, 0x89, 0x77, 0x8f, 0x87, 0x6b, 0x8f, 0x7b, 0x85, 0x7c, 0x86,
  0x97, 0x66, 0x8c, 0x78, 0x80, 0x94, 0x60, 0x95, 0x88, 0x7f, 0x82, 0x76,
  0x9e, 0x71, 0x7c, 0x87, 0x75, 0x91, 0x70, 0x80, 0x95, 0x7b, 0x88, 0x7b,
  0x92, 0x7b, 0x6d, 0x8c, 0x79, 0x8d, 0x83, 0x7e, 0x8e, 0x80, 0x7f, 0x79,
  0x90, 0x87, 0x78, 0x86, 0x7d, 0x82, 0x83, 0x7d, 0x87, 0x85, 0x8d, 0x71,
  0x89, 0x8c, 0x75, 0x91, 0x79, 0x83, 0x89, 0x6c, 0x8a, 0x7b, 0x8e, 0x85,
  0x6e, 0x95, 0x76, 0x7e, 0x88, 0x71, 0x92, 0x79, 0x7e, 0x88, 0x77, 0x8b,
  0x72, 0x83, 0x92, 0x6f, 0x8a, 0x7b, 0x80, 0x8f, 0x79, 0x86, 0x8a, 0x80,
  0x7e, 0x7b, 0x85, 0x83, 0x7d, 0x8a, 0x7f, 0x82, 0x87, 0x75, 0x84, 0x8c,
  0x7e, 0x80, 0x83, 0x81, 0x7f, 0x7d, 0x83, 0x87, 0x82, 0x84, 0x76, 0x83,
  0x84, 0x73, 0x85, 0x84, 0x84, 0x85, 0x76, 0x86, 0x82, 0x7f, 0x83, 0x7d,
  0x8f, 0x7b, 0x78, 0x8e, 0x83, 0x84, 0x84, 0x82, 0x8c, 0x78, 0x7a, 0x87,
  0x86, 0x84, 0x75, 0x8a, 0x8c, 0x7c, 0x81, 0x82, 0x89, 0x87, 0x7b, 0x86,
  0x85, 0x81, 0x7f, 0x7d, 0x8e, 0x84, 0x7a, 0x84, 0x83, 0x80, 0x7d, 0x80,
  0x8a, 0x86, 0x80, 0x7f, 0x7f, 0x87, 0x7e, 0x7a, 0x87, 0x7f, 0x7e, 0x81,
  0x7c, 0x8a, 0x80, 0x80, 0x85, 0x82, 0x86, 0x7d, 0x82, 0x8e, 0x78, 0x7f,
  0x81, 0x79, 0x8d, 0x7f, 0x81, 0x8d, 0x7e, 0x80, 0x79, 0x81, 0x8a, 0x78,
  0x87, 0x85, 0x7c, 0x8b, 0x74, 0x81, 0x8e, 0x7e, 0x87, 0x81, 0x87, 0x7d,
  0x7b, 0x8a, 0x82, 0x85, 0x89, 0x78, 0x85, 0x83, 0x76, 0x89, 0x82, 0x82,
  0x85, 0x7f, 0x87, 0x7e, 0x82, 0x85, 0x7b, 0x8c, 0x7c, 0x78, 0x89, 0x80,
  0x84, 0x84, 0x80, 0x85, 0x83, 0x80, 0x7e, 0x82, 0x90, 0x78, 0x7f, 0x8b,
  0x7b, 0x84, 0x80, 0x82, 0x8d, 0x7a, 0x7c, 0x82, 0x84, 0x81, 0x77, 0x8c,
  0x88, 0x79, 0x82, 0x7c, 0x85, 0x8c, 0x77, 0x84, 0x88, 0x7c, 0x80, 0x7f,
  0x8c, 0x81, 0x7e, 0x8b, 0x7e, 0x85, 0x7e, 0x76, 0x90, 0x82, 0x80, 0x86,
  0x82, 0x86, 0x7a, 0x80, 0x88, 0x7e, 0x89, 0x77, 0x7e, 0x93, 0x7b, 0x83,
  0x87, 0x80, 0x81, 0x78, 0x81, 0x85, 0x7f, 0x87, 0x7b, 0x86, 0x87, 0x71,
  0x87, 0x89, 0x7f, 0x85, 0x7d, 0x84, 0x80, 0x7b, 0x83, 0x85, 0x8b, 0x80,
  0x79, 0x8d, 0x82, 0x7d, 0x8b, 0x7f, 0x86, 0x81, 0x79, 0x87, 0x80, 0x82,
  0x83, 0x82, 0x88, 0x7a, 0x7b, 0x88, 0x7c, 0x88, 0x85, 0x7e, 0x8b, 0x7e,
  0x7d, 0x82, 0x81, 0x85, 0x7e, 0x83, 0x86, 0x7a, 0x87, 0x80, 0x81, 0x8d,
  0x7b, 0x84, 0x82, 0x7f, 0x85, 0x7c, 0x85, 0x87, 0x82, 0x85, 0x7b, 0x86,
  0x8a, 0x7e, 0x81, 0x83, 0x80, 0x7f, 0x7d, 0x86, 0x85, 0x80, 0x82, 0x7e,
  0x87, 0x7f, 0x78, 0x87, 0x82, 0x81, 0x82, 0x80, 0x85, 0x7d, 0x81, 0x88,
  0x81, 0x85, 0x79, 0x7e, 0x8a, 0x7c, 0x80, 0x84, 0x83, 0x88, 0x79, 0x7e,
  0x85, 0x81, 0x84, 0x7b, 0x83, 0x89, 0x77, 0x83, 0x84, 0x83, 0x89, 0x7a,
  0x84, 0x81, 0x7b, 0x82, 0x7b, 0x8b, 0x84, 0x75, 0x8b, 0x82, 0x7d, 0x86,
  0x7d, 0x8b, 0x82, 0x78, 0x86, 0x80, 0x88, 0x7f, 0x7b, 0x91, 0x7d, 0x7e,
  0x84, 0x7b, 0x87, 0x80, 0x7c, 0x88, 0x7f, 0x81, 0x7d, 0x83, 0x88, 0x79,
  0x83, 0x86, 0x7b, 0x84, 0x7b, 0x81, 0x8a, 0x7d, 0x83, 0x83, 0x83, 0x81,
  0x7c, 0x86, 0x80, 0x81, 0x85, 0x7c, 0x83, 0x88, 0x7e, 0x86, 0x86, 0x7f,
  0x81, 0x7e, 0x83, 0x83, 0x83, 0x82, 0x7b, 0x86, 0x80, 0x77, 0x86, 0x82,
  0x81, 0x83, 0x7d, 0x85, 0x86, 0x80, 0x80, 0x84, 0x87, 0x79, 0x7d, 0x8a,
  0x80, 0x82, 0x84, 0x82, 0x88, 0x7f, 0x7e, 0x85, 0x82, 0x84, 0x7d, 0x85,
  0x83, 0x7a, 0x85, 0x80, 0x83, 0x8a, 0x7b, 0x7f, 0x88, 0x80, 0x81, 0x80,
  0x86, 0x85, 0x7d, 0x82, 0x7e, 0x83, 0x86, 0x78, 0x88, 0x85, 0x79, 0x83,
  0x82, 0x86, 0x85, 0x7f, 0x87, 0x83, 0x84, 0x7c, 0x78, 0x8e, 0x81, 0x7b,
  0x88, 0x83, 0x84, 0x7c, 0x7b, 0x8b, 0x83, 0x81, 0x80, 0x7f, 0x89, 0x78,
  0x81, 0x8d, 0x7c, 0x84, 0x80, 0x80, 0x88, 0x78, 0x83, 0x87, 0x81, 0x84,
  0x76, 0x84, 0x89, 0x79, 0x84, 0x7f, 0x83, 0x86, 0x77, 0x81, 0x84, 0x82,
  0x84, 0x7f, 0x86, 0x80, 0x7b, 0x85, 0x7f, 0x84, 0x83, 0x7b, 0x85, 0x80,
  0x7e, 0x81, 0x7f, 0x89, 0x7f, 0x7b, 0x84, 0x7d, 0x85, 0x83, 0x80, 0x89,
  0x7f, 0x7e, 0x85, 0x82, 0x84, 0x7d, 0x7f, 0x84, 0x7e, 0x81, 0x80, 0x83,
  0x86, 0x7b, 0x82, 0x83, 0x80, 0x84, 0x7b, 0x86, 0x84, 0x80, 0x84, 0x7f,
  0x86, 0x85, 0x7f, 0x87, 0x83, 0x80, 0x81, 0x7a, 0x87, 0x85, 0x7f, 0x84,
  0x7e, 0x84, 0x7d, 0x7a, 0x87, 0x85, 0x83, 0x84, 0x7f, 0x84, 0x7c, 0x7c,
  0x87, 0x81, 0x85, 0x7c, 0x7d, 0x8b, 0x7b, 0x7f, 0x8a, 0x84, 0x84, 0x7e,
  0x7e, 0x85, 0x7c, 0x7f, 0x80, 0x85, 0x88, 0x76, 0x84, 0x8b, 0x7d, 0x84,
  0x80, 0x81, 0x88, 0x79, 0x80, 0x84, 0x82, 0x84, 0x7a, 0x87, 0x84, 0x7b,
  0x85, 0x7f, 0x83, 0x85, 0x78, 0x83, 0x85, 0x7b, 0x82, 0x82, 0x87, 0x81,
  0x7b, 0x83, 0x7d, 0x86, 0x82, 0x7d, 0x8c, 0x7f, 0x7c, 0x83, 0x82, 0x83,
  0x81, 0x80, 0x83, 0x7f, 0x84, 0x7b, 0x82, 0x8c, 0x7d, 0x7e, 0x85, 0x80,
  0x81, 0x7e, 0x82, 0x86, 0x82, 0x82, 0x7a, 0x87, 0x87, 0x7a, 0x87, 0x83,
  0x7d, 0x84, 0x7c, 0x83, 0x83, 0x7f, 0x84, 0x80, 0x87, 0x7e, 0x7a, 0x8a,
  0x80, 0x80, 0x87, 0x7b, 0x86, 0x83, 0x7a, 0x84, 0x82, 0x85, 0x7e, 0x81,
  0x87, 0x79, 0x84, 0x84, 0x7e, 0x8c, 0x7a, 0x7d, 0x88, 0x7e, 0x83, 0x80,
  0x82, 0x86, 0x7a, 0x82, 0x81, 0x81, 0x87, 0x75, 0x80, 0x8c, 0x7c, 0x81,
  0x83, 0x86, 0x88, 0x7a, 0x82, 0x81, 0x81, 0x82, 0x7b, 0x8c, 0x81, 0x76,
  0x86, 0x83, 0x83, 0x81, 0x7a, 0x86, 0x83, 0x7d, 0x82, 0x82, 0x87, 0x7e,
  0x7c, 0x88, 0x7f, 0x7e, 0x83, 0x7e, 0x88, 0x81, 0x7b, 0x85, 0x84, 0x7f,
  0x7b, 0x80, 0x87, 0x82, 0x80, 0x83, 0x7f, 0x85, 0x7e, 0x7f, 0x8a, 0x81,
  0x7e, 0x7e, 0x7f, 0x83, 0x7e, 0x81, 0x83, 0x83, 0x81, 0x7b, 0x85, 0x86,
  0x7e, 0x81, 0x83, 0x83, 0x81, 0x7b, 0x83, 0x82, 0x84, 0x81, 0x7e, 0x84,
  0x81, 0x7b, 0x84, 0x83, 0x84, 0x7e, 0x7d, 0x88, 0x7c, 0x7e, 0x84, 0x82,
  0x88, 0x7e, 0x80, 0x85, 0x82, 0x84, 0x80, 0x82, 0x87, 0x7b, 0x81, 0x82,
  0x80, 0x89, 0x7d, 0x81, 0x87, 0x7d, 0x82, 0x7d, 0x84, 0x87, 0x7c, 0x87,
  0x80, 0x7e, 0x84, 0x79, 0x89, 0x87, 0x78, 0x82, 0x7e, 0x82, 0x82, 0x7d,
  0x88, 0x82, 0x81, 0x83, 0x7b, 0x8b, 0x82, 0x79, 0x89, 0x80, 0x80, 0x80,
  0x7b, 0x8b, 0x84, 0x83, 0x80, 0x83, 0x91, 0x79, 0x76, 0x84, 0x93, 0x78,
  0x7d, 0x8b, 0x98, 0x76, 0x66, 0x8f, 0x8a, 0x79, 0x6b, 0x8c, 0x96, 0x85,
  0x76, 0x8c, 0x92, 0x75, 0x6b, 0x7b, 0x99, 0x77, 0x73, 0x92, 0x91, 0x74,
  0x76, 0x84, 0x84, 0x76, 0x79, 0x8d, 0x84, 0x88, 0x75, 0x84, 0x8d, 0x70,
  0x92, 0x95, 0x7b, 0x76, 0x8b, 0x8a, 0x79, 0x76, 0x96, 0x85, 0x73, 0x7b,
  0x92, 0x97, 0x6d, 0x81, 0x8b, 0x80, 0x66, 0x79, 0x9e, 0x87, 0x75, 0x80,
  0x8f, 0x83, 0x6e, 0x6d, 0x93, 0x84, 0x80, 0x7e, 0x8a, 0xa0, 0x69, 0x7b,
  0x95, 0x84, 0x7e, 0x68, 0x86, 0xa0, 0x6f, 0x85, 0x96, 0x84, 0x83, 0x5a,
  0x95, 0x8a, 0x6f, 0x89, 0x7f, 0x8e, 0x7a, 0x6d, 0x96, 0x84, 0x77, 0x89,
  0x7a, 0x8b, 0x74, 0x83, 0x8e, 0x74, 0x82, 0x86, 0x83, 0x7c, 0x7e, 0x8b,
  0x89, 0x72, 0x7d, 0x8d, 0x7b, 0x76, 0x7b, 0x93, 0x8a, 0x7e, 0x82, 0x89,
  0x7a, 0x71, 0x7d, 0x8d, 0x89, 0x74, 0x85, 0x87, 0x85, 0x78, 0x80, 0x8a,
  0x85, 0x74, 0x71, 0x8a, 0x81, 0x7f, 0x7f, 0x8f, 0x86, 0x6f, 0x77, 0x88,
  0x82, 0x80, 0x79, 0x89, 0x90, 0x6e, 0x7f, 0x86, 0x85, 0x82, 0x78, 0x8a,
  0x84, 0x7a, 0x85, 0x87, 0x85, 0x81, 0x7a, 0x88, 0x7f, 0x81, 0x88, 0x81,
  0x82, 0x7d, 0x80, 0x78, 0x80, 0x86, 0x89, 0x7e, 0x7b, 0x8b, 0x81, 0x7a,
  0x78, 0x88, 0x86, 0x77, 0x85, 0x91, 0x7f, 0x77, 0x7d, 0x8b, 0x8b, 0x6f,
  0x7f, 0x87, 0x7e, 0x7c, 0x87, 0x8d, 0x85, 0x75, 0x79, 0x8a, 0x75, 0x83,
  0x82, 0x89, 0x8a, 0x6f, 0x88, 0x85, 0x7d, 0x86, 0x78, 0x82, 0x84, 0x72,
  0x8f, 0x7e, 0x89, 0x8a, 0x70, 0x8f, 0x7d, 0x7e, 0x85, 0x76, 0x88, 0x7e,
  0x7a, 0x8a, 0x7a, 0x84, 0x85, 0x7e, 0x8d, 0x7a, 0x87, 0x81, 0x72, 0x81,
  0x85, 0x85, 0x84, 0x84, 0x86, 0x7f, 0x77, 0x85, 0x86, 0x7f, 0x79, 0x7f,
  0x91, 0x7d, 0x7f, 0x8d, 0x8b, 0x7f, 0x78, 0x7f, 0x84, 0x78, 0x81, 0x85,
  0x8a, 0x7e, 0x78, 0x88, 0x7b, 0x7b, 0x82, 0x88, 0x8a, 0x77, 0x81, 0x83,
  0x7d, 0x87, 0x7d, 0x84, 0x83, 0x77, 0x86, 0x7a, 0x83, 0x87, 0x78, 0x82,
  0x7d, 0x84, 0x85, 0x76, 0x8a, 0x83, 0x80, 0x81, 0x7c, 0x89, 0x82, 0x76,
  0x84, 0x8a, 0x82, 0x80, 0x7f, 0x82, 0x7b, 0x7b, 0x89, 0x85, 0x7c, 0x85,
  0x75, 0x89, 0x83, 0x7c, 0x89, 0x7f, 0x7a, 0x7b, 0x7c, 0x90, 0x7e, 0x81,
  0x84, 0x7d, 0x86, 0x7a, 0x7b, 0x89, 0x7f, 0x7e, 0x7f, 0x87, 0x81, 0x84,
  0x79, 0x85, 0x86, 0x7c, 0x80, 0x7d, 0x80, 0x81, 0x79, 0x8e, 0x7b, 0x82,
  0x86, 0x78, 0x89, 0x80, 0x81, 0x8e, 0x79, 0x89, 0x7f, 0x7c, 0x89, 0x81,
  0x8b, 0x7b, 0x77, 0x8a, 0x7d, 0x7e, 0x83, 0x81, 0x87, 0x7e, 0x82, 0x86,
  0x83, 0x7f, 0x7e, 0x84, 0x81, 0x78, 0x7d, 0x81, 0x80, 0x85, 0x88, 0x82,
  0x87, 0x79, 0x7f, 0x80, 0x82, 0x84, 0x82, 0x82, 0x80, 0x83, 0x85, 0x7a,
  0x89, 0x80, 0x7d, 0x7f, 0x82, 0x89, 0x7c, 0x7f, 0x8b, 0x7d, 0x87, 0x78,
  0x83, 0x8c, 0x74, 0x83, 0x82, 0x83, 0x8a, 0x73, 0x8a, 0x85, 0x7e, 0x84,
  0x7c, 0x8a, 0x7d, 0x6e, 0x86, 0x82, 0x85, 0x84, 0x7e, 0x8a, 0x7f, 0x7b,
  0x88, 0x80, 0x84, 0x7c, 0x77, 0x8c, 0x80, 0x7d, 0x8b, 0x81, 0x86, 0x79,
  0x76, 0x8d, 0x79, 0x80, 0x83, 0x83, 0x8c, 0x7a, 0x7f, 0x88, 0x7a, 0x85,
  0x7c, 0x80, 0x85, 0x7a, 0x85, 0x81, 0x81, 0x88, 0x7f, 0x84, 0x7c, 0x81,
  0x81, 0x80, 0x83, 0x84, 0x80, 0x7e, 0x82, 0x83, 0x80, 0x83, 0x7d, 0x86,
  0x80, 0x7a, 0x86, 0x82, 0x83, 0x82, 0x81, 0x86, 0x7c, 0x82, 0x7e, 0x7f,
  0x86, 0x7b, 0x82, 0x83, 0x7d, 0x7f, 0x80, 0x83, 0x84, 0x80, 0x7d, 0x7c,
  0x80, 0x80, 0x82, 0x86, 0x84, 0x82, 0x7d, 0x82, 0x83, 0x81, 0x7f, 0x7b,
  0x83, 0x82, 0x7e, 0x83, 0x84, 0x84, 0x81, 0x7c, 0x80, 0x84, 0x7e, 0x80,
  0x82, 0x82, 0x82, 0x7b, 0x82, 0x84, 0x7d, 0x83, 0x81, 0x84, 0x86, 0x74,
  0x7f, 0x83, 0x81, 0x82, 0x7e, 0x8d, 0x80, 0x72, 0x83, 0x7f, 0x85, 0x80,
  0x7a, 0x8d, 0x79, 0x79, 0x87, 0x82, 0x89, 0x7a, 0x7d, 0x88, 0x76, 0x81,
  0x82, 0x81, 0x8a, 0x7a, 0x83, 0x87, 0x7c, 0x82, 0x7c, 0x80, 0x87, 0x7c,
  0x82, 0x7f, 0x80, 0x87, 0x79, 0x86, 0x84, 0x79, 0x82, 0x7a, 0x84, 0x85,
  0x7c, 0x86, 0x84, 0x7f, 0x7f, 0x7a, 0x86, 0x82, 0x7a, 0x83, 0x7f, 0x83,
  0x7f, 0x7d, 0x87, 0x84, 0x81, 0x7e, 0x7f, 0x83, 0x7d, 0x82, 0x86, 0x80,
  0x84, 0x7d, 0x7c, 0x82, 0x89, 0x82, 0x7c, 0x85, 0x7e, 0x80, 0x80, 0x81,
  0x89, 0x7f, 0x7e, 0x83, 0x7e, 0x81, 0x80, 0x7d, 0x82, 0x82, 0x7e, 0x82,
  0x82, 0x84, 0x80, 0x7f, 0x85, 0x7f, 0x7f, 0x81, 0x7d, 0x84, 0x82, 0x85,
  0x84, 0x83, 0x7c, 0x7b, 0x80, 0x89, 0x86, 0x80, 0x86, 0x85, 0x81, 0x80,
  0x81, 0x88, 0x7d, 0x79, 0x83, 0x81, 0x82, 0x7f, 0x7d, 0x85, 0x80, 0x80,
  0x83, 0x7e, 0x82, 0x7c, 0x7d, 0x8b, 0x81, 0x84, 0x7d, 0x7a, 0x89, 0x81,
  0x81, 0x86, 0x81, 0x80, 0x79, 0x7d, 0x89, 0x7e, 0x82, 0x82, 0x80, 0x88,
  0x78, 0x86, 0x8b, 0x79, 0x82, 0x7c, 0x85, 0x87, 0x77, 0x85, 0x81, 0x7e,
  0x85, 0x7b, 0x87, 0x80, 0x75, 0x87, 0x80, 0x86, 0x86, 0x79, 0x83, 0x7d,
  0x82, 0x86, 0x7e, 0x86, 0x7b, 0x79, 0x86, 0x80, 0x87, 0x7f, 0x7b, 0x89,
  0x78, 0x7f, 0x88, 0x81, 0x85, 0x77, 0x80, 0x82, 0x7f, 0x84, 0x80, 0x83,
  0x84, 0x7b, 0x85, 0x81, 0x7e, 0x81, 0x7f, 0x86, 0x81, 0x7f, 0x85, 0x7a,
  0x81, 0x83, 0x81, 0x81, 0x7d, 0x7f, 0x81, 0x7a, 0x86, 0x85, 0x80, 0x7d,
  0x7a, 0x85, 0x7d, 0x7f, 0x86, 0x81, 0x7f, 0x7f, 0x80, 0x86, 0x80, 0x7c,
  0x82, 0x80, 0x83, 0x7d, 0x80, 0x84, 0x7b, 0x81, 0x80, 0x80, 0x85, 0x7a,
  0x7c, 0x83, 0x80, 0x83, 0x80, 0x83, 0x84, 0x78, 0x82, 0x84, 0x84, 0x84,
  0x78, 0x80, 0x83, 0x7c, 0x83, 0x85, 0x81, 0x80, 0x79, 0x86, 0x86, 0x7f,
  0x81, 0x80, 0x83, 0x82, 0x7d, 0x87, 0x86, 0x81, 0x82, 0x7b, 0x83, 0x82,
  0x7b, 0x82, 0x80, 0x81, 0x81, 0x7d, 0x87, 0x7f, 0x7b, 0x81, 0x80, 0x89,
  0x7e, 0x7b, 0x85, 0x7f, 0x81, 0x81, 0x81, 0x86, 0x7b, 0x7d, 0x83, 0x81,
  0x83, 0x7e, 0x7f, 0x85, 0x7b, 0x81, 0x81, 0x80, 0x82, 0x79, 0x81, 0x84,
  0x7b, 0x83, 0x7f, 0x84, 0x83, 0x7e, 0x84, 0x7f, 0x7e, 0x81, 0x7d, 0x84,
  0x82, 0x7f, 0x80, 0x7c, 0x83, 0x7f, 0x80, 0x86, 0x7d, 0x80, 0x7b, 0x7c,
  0x88, 0x80, 0x84, 0x80, 0x7f, 0x84, 0x7b, 0x81, 0x80, 0x7f, 0x84, 0x7e,
  0x81, 0x86, 0x7f, 0x81, 0x7e, 0x82, 0x85, 0x7a, 0x80, 0x83, 0x80, 0x81,
  0x7e, 0x88, 0x86, 0x7b, 0x84, 0x80, 0x84, 0x82, 0x7e, 0x85, 0x81, 0x7a,
  0x80, 0x83, 0x84, 0x82, 0x7c, 0x82, 0x7e, 0x7f, 0x82, 0x7f, 0x86, 0x7f,
  0x7a, 0x81, 0x81, 0x85, 0x80, 0x7c, 0x86, 0x7f, 0x7c, 0x82, 0x81, 0x86,
  0x7f, 0x7e, 0x89, 0x7f, 0x7f, 0x7e, 0x7f, 0x86, 0x7f, 0x7f, 0x86, 0x80,
  0x7f, 0x80, 0x83, 0x88, 0x7e, 0x7f, 0x81, 0x7f, 0x80, 0x7d, 0x84, 0x84,
  0x7e, 0x7f, 0x81, 0x83, 0x83, 0x7d, 0x82, 0x83, 0x80, 0x80, 0x7d, 0x82,
  0x81, 0x7c, 0x83, 0x84, 0x80, 0x7d, 0x7d, 0x83, 0x83, 0x81, 0x82, 0x81,
  0x82, 0x7c, 0x7e, 0x85, 0x81, 0x83, 0x81, 0x7e, 0x82, 0x80, 0x84, 0x82,
  0x81, 0x83, 0x7d, 0x81, 0x81, 0x80, 0x83, 0x7d, 0x81, 0x85, 0x80, 0x82,
  0x80, 0x80, 0x82, 0x7a, 0x85, 0x85, 0x7e, 0x83, 0x7d, 0x83, 0x85, 0x7d,
  0x83, 0x7e, 0x7e, 0x80, 0x7d, 0x87, 0x83, 0x7e, 0x81, 0x7e, 0x84, 0x81,
  0x7c, 0x84, 0x7e, 0x80, 0x81, 0x7d, 0x86, 0x81, 0x7f, 0x81, 0x81, 0x82,
  0x7e, 0x7d, 0x86, 0x7f, 0x7f, 0x83, 0x81, 0x83, 0x7d, 0x7e, 0x84, 0x82,
  0x80, 0x80, 0x80, 0x82, 0x7c, 0x81, 0x83, 0x81, 0x83, 0x7b, 0x80, 0x84,
  0x7d, 0x82, 0x81, 0x80, 0x80, 0x7c, 0x82, 0x84, 0x83, 0x81, 0x7e, 0x84,
  0x80, 0x7a, 0x80, 0x83, 0x81, 0x7e, 0x81, 0x86, 0x80, 0x7c, 0x81, 0x83,
  0x83, 0x7d, 0x7f, 0x84, 0x7d, 0x80, 0x82, 0x80, 0x83, 0x7d, 0x7f, 0x80,
  0x80, 0x82, 0x81, 0x82, 0x84, 0x7f, 0x81, 0x82, 0x81, 0x85, 0x7e, 0x80,
  0x83, 0x7e, 0x82, 0x80, 0x82, 0x82, 0x7d, 0x84, 0x82, 0x80, 0x81, 0x7b,
  0x82, 0x80, 0x7e, 0x84, 0x81, 0x81, 0x81, 0x7f, 0x85, 0x80, 0x81, 0x80,
  0x7d, 0x83, 0x80, 0x80, 0x85, 0x7e, 0x81, 0x7f, 0x7d, 0x86, 0x80, 0x81,
  0x80, 0x7d, 0x83, 0x7f, 0x7e, 0x84, 0x7f, 0x82, 0x7e, 0x7d, 0x85, 0x7f,
  0x80, 0x82, 0x81, 0x83, 0x7d, 0x80, 0x84, 0x7e, 0x83, 0x80, 0x81, 0x83,
  0x7c, 0x80, 0x82, 0x82, 0x82, 0x7d, 0x81, 0x83, 0x7d, 0x7e, 0x82, 0x83,
  0x81, 0x7d, 0x84, 0x82, 0x7e, 0x7f, 0x81, 0x85, 0x80, 0x7d, 0x83, 0x84,
  0x80, 0x7f, 0x80, 0x83, 0x82, 0x7e, 0x83, 0x81, 0x82, 0x80, 0x7f, 0x84,
  0x80, 0x7e, 0x80, 0x81, 0x82, 0x7e, 0x80, 0x83, 0x7f, 0x7f, 0x7e, 0x81,
  0x85, 0x80, 0x7e, 0x81, 0x82, 0x81, 0x7e, 0x81, 0x81, 0x7c, 0x7e, 0x81,
  0x83, 0x82, 0x7e, 0x81, 0x81, 0x7e, 0x81, 0x7e, 0x81, 0x81, 0x7e, 0x81,
  0x82, 0x81, 0x7f, 0x7e, 0x81, 0x80, 0x81, 0x81, 0x7d, 0x83, 0x80, 0x7e,
  0x84, 0x81, 0x82, 0x7f, 0x7f, 0x84, 0x7f, 0x7f, 0x82, 0x81, 0x83, 0x7b,
  0x7f, 0x84, 0x7e, 0x83, 0x80, 0x80, 0x82, 0x7d, 0x81, 0x82, 0x81, 0x84,
  0x7e, 0x82, 0x83, 0x7d, 0x81, 0x7f, 0x80, 0x84, 0x7e, 0x80, 0x82, 0x80,
  0x80, 0x7c, 0x85, 0x82, 0x7c, 0x81, 0x80, 0x82, 0x83, 0x7d, 0x83, 0x82,
  0x7f, 0x80, 0x7f, 0x85, 0x7e, 0x7e, 0x84, 0x7f, 0x81, 0x7f, 0x7e, 0x84,
  0x7e, 0x7f, 0x82, 0x81, 0x82, 0x7d, 0x80, 0x82, 0x81, 0x82, 0x7e, 0x80,
  0x85, 0x7d, 0x80, 0x85, 0x80, 0x7f, 0x7d, 0x83, 0x84, 0x7d, 0x81, 0x81,
  0x82, 0x7f, 0x7d, 0x85, 0x81, 0x7f, 0x7a, 0x84, 0x83, 0x7a, 0x84, 0x85,
  0x7a, 0x87, 0x7b, 0x7b, 0x89, 0x7e, 0x7f, 0x7f, 0x85, 0x86, 0x78, 0x78,
  0x88, 0x85, 0x84, 0x77, 0x88, 0x89, 0x73, 0x7e, 0x82, 0x87, 0x7a, 0x77,
  0x8a, 0x7e, 0x7b, 0x7e, 0x88, 0x7f, 0x79, 0x81, 0x88, 0x82, 0x77, 0x81,
  0x8b, 0x84, 0x6f, 0x7e, 0x80, 0x87, 0x7b, 0x78, 0x87, 0x8c, 0x7f, 0x79,
  0x80, 0x89, 0x81, 0x76, 0x82, 0x89, 0x8a, 0x72, 0x7f, 0x8a, 0x83, 0x7c,
  0x76, 0x8f, 0x7d, 0x79, 0x7f, 0x87, 0x86, 0x7e, 0x7c, 0x89, 0x7d, 0x7d,
  0x7e, 0x7e, 0x88, 0x7d, 0x86, 0x81, 0x7d, 0x87, 0x7a, 0x7a, 0x83, 0x86,
  0x80, 0x7a, 0x77, 0x90, 0x79, 0x81, 0x80, 0x87, 0x84, 0x6e, 0x84, 0x8a,
  0x7f, 0x7b, 0x7e, 0x87, 0x88, 0x79, 0x86, 0x8a, 0x7f, 0x7e, 0x72, 0x89,
  0x83, 0x7e, 0x83, 0x80, 0x8b, 0x7f, 0x76, 0x83, 0x89, 0x7c, 0x77, 0x83,
  0x93, 0x78, 0x7c, 0x83, 0x8a, 0x83, 0x71, 0x83, 0x8f, 0x7a, 0x72, 0x7f,
  0x90, 0x84, 0x71, 0x82, 0x85, 0x7e, 0x77, 0x7c, 0x8d, 0x7c, 0x82, 0x77,
  0x85, 0x8e, 0x74, 0x87, 0x88, 0x81, 0x7f, 0x72, 0x7f, 0x8d, 0x71, 0x7b,
  0x85, 0x89, 0x80, 0x71, 0x8c, 0x82, 0x78, 0x7f, 0x83, 0x8d, 0x7e, 0x71,
  0x8f, 0x89, 0x7e, 0x7f, 0x7f, 0x8c, 0x70, 0x77, 0x87, 0x83, 0x83, 0x78,
  0x82, 0x88, 0x7b, 0x80, 0x82, 0x80, 0x81, 0x78, 0x84, 0x84, 0x82, 0x84,
  0x78, 0x86, 0x82, 0x7f, 0x7f, 0x81, 0x82, 0x7e, 0x7f, 0x85, 0x84, 0x7f,
  0x7d, 0x7c, 0x88, 0x7f, 0x7e, 0x83, 0x7b, 0x7f, 0x7d, 0x84, 0x81, 0x7f,
  0x81, 0x7a, 0x7a, 0x84, 0x7f, 0x83, 0x82, 0x7f, 0x8b, 0x78, 0x7b, 0x87,
  0x85, 0x7f, 0x7a, 0x86, 0x84, 0x78, 0x7e, 0x82, 0x88, 0x80, 0x75, 0x81,
  0x87, 0x7a, 0x7a, 0x82, 0x83, 0x83, 0x78, 0x80, 0x8c, 0x7f, 0x7e, 0x82,
  0x8e, 0x7d, 0x70, 0x88, 0x81, 0x7e, 0x80, 0x7b, 0x8d, 0x85, 0x73, 0x7e,
  0x84, 0x86, 0x78, 0x76, 0x8b, 0x81, 0x7c, 0x7d, 0x84, 0x87, 0x7b, 0x7a,
  0x7f, 0x8c, 0x78, 0x77, 0x88, 0x84, 0x7f, 0x78, 0x83, 0x8d, 0x78, 0x78,
  0x82, 0x8a, 0x80, 0x6c, 0x8b, 0x81, 0x76, 0x82, 0x80, 0x8d, 0x7d, 0x75,
  0x8a, 0x80, 0x81, 0x7c, 0x7c, 0x8e, 0x74, 0x82, 0x86, 0x80, 0x8e, 0x7a,
  0x7c, 0x83, 0x7c, 0x86, 0x78, 0x81, 0x8a, 0x79, 0x82, 0x7d, 0x84, 0x85,
  0x72, 0x80, 0x86, 0x80, 0x7e, 0x7f, 0x87, 0x7e, 0x7d, 0x84, 0x80, 0x7f,
  0x7a, 0x7d, 0x84, 0x81, 0x81, 0x82, 0x7f, 0x80, 0x7f, 0x81, 0x7e, 0x85,
  0x85, 0x79, 0x7b, 0x82, 0x81, 0x80, 0x80, 0x83, 0x84, 0x7d, 0x7e, 0x82,
  0x83, 0x7d, 0x7a, 0x86, 0x84, 0x7d, 0x82, 0x81, 0x83, 0x81, 0x7a, 0x83,
  0x83, 0x7e, 0x7e, 0x7c, 0x87, 0x85, 0x7f, 0x80, 0x7f, 0x84, 0x7d, 0x77,
  0x8a, 0x86, 0x79, 0x7f, 0x83, 0x8b, 0x7a, 0x79, 0x88, 0x82, 0x7d, 0x78,
  0x85, 0x8c, 0x74, 0x7b, 0x89, 0x85, 0x7f, 0x76, 0x85, 0x86, 0x7a, 0x7f,
  0x84, 0x86, 0x7e, 0x78, 0x84, 0x87, 0x80, 0x7a, 0x80, 0x85, 0x7f, 0x7c,
  0x7d, 0x8c, 0x87, 0x77, 0x82, 0x83, 0x85, 0x7a, 0x78, 0x89, 0x7f, 0x79,
  0x80, 0x81, 0x89, 0x78, 0x7e, 0x89, 0x7d, 0x82, 0x79, 0x7e, 0x8a, 0x7a,
  0x81, 0x82, 0x82, 0x82, 0x74, 0x86, 0x84, 0x7f, 0x81, 0x78, 0x85, 0x82,
  0x79, 0x86, 0x82, 0x83, 0x7e, 0x7a, 0x85, 0x7f, 0x81, 0x80, 0x7e, 0x87,
  0x7d, 0x7c, 0x87, 0x80, 0x7f, 0x7e, 0x7f, 0x81, 0x7f, 0x80, 0x7f, 0x80,
  0x82, 0x7e, 0x81, 0x81, 0x7f, 0x81, 0x7d, 0x7f, 0x85, 0x80, 0x7c, 0x7b,
  0x86, 0x84, 0x7a, 0x84, 0x83, 0x80, 0x7d, 0x7a, 0x89, 0x87, 0x7a, 0x82,
  0x80, 0x83, 0x7a, 0x78, 0x89, 0x7c, 0x7d, 0x7f, 0x80, 0x8b, 0x7a, 0x7b,
  0x86, 0x80, 0x83, 0x79, 0x7f, 0x88, 0x7a, 0x7f, 0x80, 0x85, 0x85, 0x73,
  0x82, 0x88, 0x7b, 0x7f, 0x80, 0x89, 0x82, 0x76, 0x81, 0x86, 0x86, 0x7a,
  0x78, 0x89, 0x80, 0x76, 0x7f, 0x85, 0x82, 0x7b, 0x7d, 0x83, 0x86, 0x7d,
  0x7a, 0x86, 0x86, 0x7b, 0x7e, 0x83, 0x84, 0x7e, 0x7e, 0x82, 0x85, 0x84,
  0x76, 0x7c, 0x89, 0x7d, 0x80, 0x81, 0x83, 0x81, 0x78, 0x7f, 0x86, 0x82,
  0x7d, 0x7a, 0x88, 0x80, 0x78, 0x85, 0x81, 0x81, 0x7f, 0x7b, 0x85, 0x82,
  0x7e, 0x80, 0x80, 0x83, 0x7c, 0x7f, 0x85, 0x7f, 0x82, 0x7f, 0x7d, 0x85,
  0x82, 0x7d, 0x7f, 0x81, 0x81, 0x7e, 0x81, 0x80, 0x81, 0x80, 0x79, 0x83,
  0x86, 0x7e, 0x7f, 0x7f, 0x82, 0x7f, 0x7e, 0x81, 0x80, 0x84, 0x7b, 0x7c,
  0x87, 0x81, 0x7d, 0x80, 0x7f, 0x85, 0x7f, 0x7c, 0x84, 0x82, 0x81, 0x78,
  0x81, 0x8c, 0x78, 0x7c, 0x84, 0x81, 0x86, 0x7a, 0x81, 0x88, 0x78, 0x7d,
  0x7e, 0x89, 0x85, 0x75, 0x86, 0x83, 0x7e, 0x81, 0x7b, 0x88, 0x84, 0x74,
  0x82, 0x82, 0x81, 0x7c, 0x7a, 0x87, 0x81, 0x7e, 0x7e, 0x81, 0x88, 0x7c,
  0x77, 0x86, 0x83, 0x7d, 0x7a, 0x80, 0x87, 0x80, 0x7b, 0x81, 0x85, 0x7e,
  0x77, 0x83, 0x88, 0x7e, 0x7c, 0x81, 0x82, 0x7f, 0x7e, 0x7f, 0x85, 0x82,
  0x78, 0x7d, 0x84, 0x80, 0x7e, 0x7f, 0x83, 0x81, 0x7d, 0x80, 0x80, 0x82,
  0x7e, 0x7c, 0x86, 0x82, 0x7d, 0x80, 0x7f, 0x81, 0x7f, 0x7d, 0x82, 0x82,
  0x81, 0x7c, 0x80, 0x85, 0x7f, 0x7f, 0x81, 0x80, 0x81, 0x7f, 0x7f, 0x81,
  0x81, 0x7f, 0x7f, 0x81, 0x80, 0x80, 0x80, 0x7e, 0x81, 0x82, 0x7c, 0x7e,
  0x82, 0x80, 0x7d, 0x7e, 0x83, 0x80, 0x80, 0x7e, 0x80, 0x88, 0x7c, 0x7d,
  0x82, 0x80, 0x7f, 0x7d, 0x83, 0x81, 0x7d, 0x80, 0x7e, 0x83, 0x84, 0x79,
  0x85, 0x84, 0x7d, 0x81, 0x7d, 0x84, 0x83, 0x7a, 0x82, 0x80, 0x81, 0x7e,
  0x77, 0x88, 0x82, 0x7b, 0x83, 0x7f, 0x85, 0x7c, 0x78, 0x88, 0x81, 0x7f,
  0x7d, 0x80, 0x86, 0x79, 0x7e, 0x87, 0x80, 0x82, 0x79, 0x7e, 0x87, 0x7d,
  0x7e, 0x83, 0x84, 0x7f, 0x7a, 0x81, 0x83, 0x81, 0x7f, 0x7d, 0x84, 0x82,
  0x79, 0x7f, 0x86, 0x81, 0x7b, 0x7f, 0x82, 0x82, 0x7e, 0x7a, 0x82, 0x84,
  0x7b, 0x7d, 0x83, 0x81, 0x7b, 0x7e, 0x82, 0x7f, 0x7e, 0x7e, 0x80, 0x84,
  0x7f, 0x7e, 0x85, 0x83, 0x7f, 0x7f, 0x7f, 0x81, 0x80, 0x80, 0x7f, 0x7f,
  0x82, 0x7e, 0x7e, 0x83, 0x80, 0x7f, 0x7f, 0x7e, 0x83, 0x80, 0x7c, 0x80,
  0x81, 0x7e, 0x7d, 0x81, 0x81, 0x7e, 0x80, 0x80, 0x80, 0x82, 0x7e, 0x7c,
  0x83, 0x82, 0x7f, 0x7f, 0x81, 0x7f, 0x7e, 0x80, 0x7e, 0x83, 0x84, 0x78,
  0x84, 0x7f, 0x84, 0x7a, 0x7c, 0x88, 0x7f, 0x80, 0x79, 0x84, 0x89, 0x74,
  0x86, 0x83, 0x82, 0x81, 0x76, 0x8a, 0x80, 0x7f, 0x80, 0x7d, 0x8a, 0x79,
  0x7d, 0x84, 0x7f, 0x7f, 0x7f, 0x7f, 0x89, 0x76, 0x80, 0x82, 0x80, 0x83,
  0x7d, 0x7a, 0x89, 0x78, 0x7b, 0x84, 0x7f, 0x84, 0x79, 0x81, 0x88, 0x7b,
  0x81, 0x7a, 0x85, 0x84, 0x76, 0x84, 0x84, 0x7a, 0x87, 0x79, 0x81, 0x84,
  0x77, 0x82, 0x7f, 0x82, 0x82, 0x7a, 0x84, 0x81, 0x7e, 0x82, 0x7c, 0x85,
  0x81, 0x78, 0x83, 0x7f, 0x81, 0x7e, 0x7c, 0x85, 0x7f, 0x7d, 0x80, 0x7f,
  0x84, 0x7f, 0x7d, 0x85, 0x7f, 0x7e, 0x80, 0x7f, 0x86, 0x7c, 0x7f, 0x81,
  0x81, 0x7f, 0x7a, 0x83, 0x86, 0x80, 0x7e, 0x7f, 0x81, 0x80, 0x7b, 0x83,
  0x83, 0x7f, 0x7d, 0x7f, 0x82, 0x81, 0x7f, 0x7f, 0x81, 0x7f, 0x7e, 0x7d,
  0x82, 0x81, 0x7f, 0x81, 0x80, 0x82, 0x7e, 0x7c, 0x81, 0x81, 0x7e, 0x82,
  0x7a, 0x84, 0x7e, 0x7a, 0x85, 0x7e, 0x86, 0x7b, 0x7a, 0x83, 0x7c, 0x7f,
  0x81, 0x7f, 0x87, 0x7b, 0x7d, 0x83, 0x7d, 0x86, 0x7a, 0x7b, 0x8a, 0x7d,
  0x82, 0x7f, 0x80, 0x88, 0x76, 0x7f, 0x86, 0x7f, 0x82, 0x76, 0x85, 0x86,
  0x76, 0x85, 0x83, 0x81, 0x7f, 0x78, 0x87, 0x81, 0x79, 0x7f, 0x80, 0x82,
  0x7f, 0x7d, 0x88, 0x7f, 0x7c, 0x80, 0x7c, 0x83, 0x80, 0x7d, 0x83, 0x7f,
  0x80, 0x7f, 0x7e, 0x84, 0x7e, 0x7d, 0x80, 0x81, 0x83, 0x7c, 0x7d, 0x86,
  0x83, 0x7f, 0x7e, 0x7f, 0x81, 0x7b, 0x80, 0x84, 0x80, 0x81, 0x7a, 0x81,
  0x83, 0x7b, 0x81, 0x81, 0x80, 0x7e, 0x7c, 0x81, 0x81, 0x82, 0x7f, 0x7d,
  0x83, 0x7e, 0x7c, 0x80, 0x7f, 0x80, 0x7f, 0x7e, 0x81, 0x81, 0x7f, 0x7d,
  0x82, 0x83, 0x7c, 0x7c, 0x83, 0x81, 0x7e, 0x81, 0x80, 0x82, 0x7e, 0x7d,
  0x81, 0x80, 0x81, 0x7f, 0x80, 0x81, 0x7b, 0x82, 0x7f, 0x7c, 0x87, 0x7e,
  0x7e, 0x80, 0x7d, 0x83, 0x7b, 0x7f, 0x85, 0x7b, 0x81, 0x7e, 0x81, 0x82,
  0x77, 0x83, 0x83, 0x7e, 0x80, 0x7c, 0x85, 0x81, 0x7a, 0x83, 0x80, 0x80,
  0x7c, 0x7b, 0x85, 0x7d, 0x7d, 0x84, 0x7d, 0x82, 0x80, 0x7d, 0x81, 0x7f,
  0x81, 0x7e, 0x7d, 0x83, 0x7f, 0x7d, 0x81, 0x81, 0x82, 0x7c, 0x7d, 0x86,
  0x7e, 0x7b, 0x82, 0x82, 0x81, 0x7b, 0x80, 0x85, 0x7d, 0x7f, 0x80, 0x81,
  0x82, 0x7c, 0x80, 0x84, 0x7e, 0x80, 0x81, 0x80, 0x7f, 0x7e, 0x81, 0x7f,
  0x80, 0x81, 0x7d, 0x80, 0x7f, 0x80, 0x80, 0x7e, 0x82, 0x80, 0x7d, 0x80,
  0x81, 0x81, 0x7d, 0x7f, 0x86, 0x7e, 0x7e, 0x81, 0x7f, 0x81, 0x7d, 0x82,
  0x82, 0x7e, 0x80, 0x7f, 0x81, 0x7f, 0x7c, 0x83, 0x7f, 0x7d, 0x82, 0x7e,
  0x80, 0x80, 0x80, 0x81, 0x7c, 0x80, 0x81, 0x7f, 0x81, 0x7f, 0x81, 0x80,
  0x7a, 0x83, 0x81, 0x7e, 0x81, 0x7f, 0x81, 0x7e, 0x7b, 0x82, 0x80, 0x80,
  0x7f, 0x7e, 0x83, 0x7d, 0x7f, 0x82, 0x7f, 0x81, 0x7f, 0x7e, 0x81, 0x80,
  0x80, 0x7f, 0x80, 0x83, 0x7d, 0x7e, 0x81, 0x80, 0x81, 0x7e, 0x7f, 0x85,
  0x7c, 0x7b, 0x81, 0x7f, 0x81, 0x7e, 0x80, 0x83, 0x7b, 0x7f, 0x81, 0x80,
  0x82, 0x7b, 0x80, 0x82, 0x7c, 0x81, 0x7e, 0x7f, 0x81, 0x7c, 0x81, 0x80,
  0x80, 0x81, 0x7d, 0x82, 0x81, 0x7e, 0x7f, 0x7c, 0x82, 0x81, 0x7d, 0x82,
  0x82, 0x7f, 0x7d, 0x7d, 0x83, 0x7f, 0x7e, 0x81, 0x80, 0x7f, 0x7c, 0x80,
  0x84, 0x7e, 0x7f, 0x80, 0x80, 0x80, 0x7c, 0x81, 0x7f, 0x7f, 0x81, 0x7d,
  0x81, 0x80, 0x7d, 0x81, 0x7f, 0x80, 0x81, 0x7e, 0x80, 0x80, 0x80, 0x80,
  0x7f, 0x83, 0x7f, 0x7d, 0x81, 0x80, 0x81, 0x80, 0x7f, 0x82, 0x7d, 0x7c,
  0x81, 0x7f, 0x80, 0x7e, 0x7f, 0x83, 0x7c, 0x80, 0x81, 0x7e, 0x83, 0x7e,
  0x7f, 0x80, 0x7f, 0x81, 0x7d, 0x7e, 0x82, 0x7e, 0x81, 0x7d, 0x7e, 0x85,
  0x7d, 0x80, 0x83, 0x7d, 0x80, 0x7d, 0x80, 0x82, 0x7d, 0x80, 0x80, 0x7f,
  0x80, 0x7d, 0x83, 0x81, 0x7c, 0x80, 0x7f, 0x80, 0x80, 0x7e, 0x80, 0x82,
  0x7f, 0x7f, 0x7e, 0x80, 0x81, 0x7d, 0x7f, 0x80, 0x80, 0x80, 0x7c, 0x81,
  0x81, 0x7d, 0x80, 0x7f, 0x80, 0x7e, 0x7e, 0x83, 0x80, 0x7f, 0x80, 0x7f,
  0x82, 0x7d, 0x7d, 0x82, 0x7f, 0x7f, 0x7f, 0x7f, 0x81, 0x7d, 0x80, 0x7f,
  0x7f, 0x81, 0x7d, 0x7f, 0x7f, 0x7e, 0x80, 0x7e, 0x80, 0x81, 0x7d, 0x7f,
  0x7f, 0x82, 0x7f, 0x7d, 0x82, 0x7f, 0x7e, 0x7e, 0x7f, 0x83, 0x7e, 0x7e,
  0x81, 0x7f, 0x7f, 0x7e, 0x81, 0x82, 0x7c, 0x7f, 0x7f, 0x7e, 0x82, 0x7e,
  0x80, 0x81, 0x7d, 0x80, 0x7f, 0x7e, 0x82, 0x7f, 0x80, 0x80, 0x7f, 0x81,
  0x7d, 0x80, 0x84, 0x7e, 0x7f, 0x7f, 0x7e, 0x80, 0x7c, 0x82, 0x82, 0x7e,
  0x81, 0x7d, 0x82, 0x7f, 0x7c, 0x83, 0x80, 0x7f, 0x80, 0x7c, 0x82, 0x80,
  0x7d, 0x82, 0x7e, 0x80, 0x80, 0x7d, 0x82, 0x7f, 0x7f, 0x80, 0x7d, 0x81,
  0x80, 0x7d, 0x81, 0x80, 0x80, 0x7f, 0x7e, 0x81, 0x7f, 0x7e, 0x81, 0x7f,
  0x80, 0x7f, 0x7e, 0x81, 0x7f, 0x7f, 0x80, 0x7e, 0x81, 0x7e, 0x7e, 0x80,
  0x7f, 0x80, 0x7e, 0x80, 0x81, 0x7e, 0x7f, 0x7f, 0x80, 0x81, 0x7d, 0x7f,
  0x81, 0x7e, 0x7f, 0x7f, 0x80, 0x7f, 0x7e, 0x7f, 0x80, 0x7f, 0x7e, 0x7f,
  0x82, 0x80, 0x7e, 0x80, 0x7f, 0x81, 0x7e, 0x7f, 0x81, 0x7f, 0x7f, 0x7e,
  0x7f, 0x81, 0x7f, 0x7f, 0x80, 0x7e, 0x80, 0x7e, 0x7f, 0x81, 0x7f, 0x81,
  0x7e, 0x80, 0x81, 0x7d, 0x81, 0x80, 0x7f, 0x80, 0x7d, 0x80, 0x81, 0x7d,
  0x80, 0x80, 0x80, 0x80, 0x7d, 0x82, 0x80, 0x7e, 0x81, 0x7e, 0x81, 0x81,
  0x7d, 0x82, 0x7f, 0x7f, 0x7f, 0x7d, 0x81, 0x7f, 0x7e, 0x80, 0x7e, 0x81,
  0x80, 0x7d, 0x82, 0x7f, 0x7f, 0x7f, 0x7f, 0x82, 0x7e, 0x7e, 0x80, 0x7e,
  0x80, 0x7f, 0x7f, 0x81, 0x7d, 0x7f, 0x80, 0x80, 0x80, 0x7e, 0x80, 0x81,
  0x7e, 0x7f, 0x7f, 0x80, 0x81, 0x7e, 0x80, 0x7f, 0x7f, 0x7f, 0x7e, 0x81,
  0x81, 0x7e, 0x7f, 0x7f, 0x80, 0x7f, 0x7f, 0x80, 0x81, 0x7f, 0x7e, 0x7f,
  0x81, 0x7f, 0x7e, 0x80, 0x80, 0x7f, 0x7e, 0x80, 0x80, 0x80, 0x7f, 0x7e,
  0x80, 0x80, 0x7e, 0x7f, 0x80, 0x7f, 0x80, 0x7e, 0x7f, 0x80, 0x7e, 0x7f,
  0x80, 0x80, 0x7f, 0x7f, 0x80, 0x7f, 0x7f, 0x80, 0x7f, 0x80, 0x7f, 0x7d,
  0x81, 0x80, 0x7f, 0x80, 0x7e, 0x81, 0x7f, 0x7d, 0x80, 0x7e, 0x81, 0x7f,
  0x7e, 0x82, 0x7e, 0x7e, 0x80, 0x7d, 0x81, 0x7f, 0x7d, 0x80, 0x7e, 0x80,
  0x7f, 0x7f, 0x82, 0x7e, 0x7e, 0x80, 0x7f, 0x81, 0x7f, 0x7e, 0x82, 0x7d,
  0x7f, 0x7e, 0x7f, 0x81, 0x7e, 0x7f, 0x81, 0x7e, 0x80, 0x7e, 0x7f, 0x82,
  0x7d, 0x80, 0x81, 0x7f, 0x7f, 0x7e, 0x7f, 0x81, 0x7f, 0x7f, 0x7e, 0x7f,
  0x7f, 0x7e, 0x81, 0x80, 0x7f, 0x7f, 0x7e, 0x80, 0x80, 0x7f, 0x7f, 0x7f,
  0x80, 0x7e, 0x7e, 0x81, 0x7f, 0x7f, 0x7f, 0x7f, 0x80, 0x7e, 0x7e, 0x80,
  0x7f, 0x7f, 0x7e, 0x80, 0x7f, 0x7e, 0x80, 0x7e, 0x81, 0x80, 0x7e, 0x7f,
  0x80, 0x7f, 0x80, 0x7f, 0x81, 0x7f, 0x7e, 0x80, 0x7e, 0x80, 0x80, 0x7d,
  0x81, 0x7f, 0x7e, 0x80, 0x7f, 0x80, 0x7f, 0x7f, 0x80, 0x7f, 0x80, 0x7e,
  0x7e, 0x82, 0x7f, 0x7f, 0x80, 0x7f, 0x80, 0x7e, 0x7f, 0x81, 0x7e, 0x7f,
  0x7f, 0x7e, 0x81, 0x7e, 0x7f, 0x81, 0x7d, 0x80, 0x7e, 0x7e, 0x81, 0x7d,
  0x80, 0x80, 0x7e, 0x80, 0x7e, 0x7f, 0x82, 0x7e, 0x7f, 0x7f, 0x7f, 0x81,
  0x7d, 0x7f, 0x81, 0x7f, 0x7f, 0x7e, 0x7f, 0x80, 0x7e, 0x80, 0x80, 0x7f,
  0x80, 0x7e, 0x80, 0x80, 0x7e, 0x80, 0x7f, 0x7f, 0x7f, 0x7d, 0x80, 0x80,
  0x7f, 0x80, 0x7e, 0x7f, 0x7f, 0x7e, 0x7f, 0x80, 0x80, 0x7f, 0x7f, 0x80,
  0x7f, 0x7e, 0x7f, 0x7f, 0x80, 0x7e, 0x7e, 0x80, 0x7f, 0x80, 0x7f, 0x80,
  0x80, 0x7e, 0x7f, 0x80, 0x7f, 0x80, 0x7f, 0x80, 0x7f, 0x7f, 0x7e, 0x7f,
  0x80, 0x7f, 0x7e, 0x80, 0x7f, 0x80, 0x7e, 0x7e, 0x82, 0x7e, 0x7e, 0x7f,
  0x7f, 0x81, 0x7e, 0x7f, 0x81, 0x7e, 0x80, 0x7e, 0x7f, 0x82, 0x7e, 0x7f,
  0x80, 0x7f, 0x80, 0x7d, 0x7e, 0x81, 0x7f, 0x7f, 0x7f, 0x7e, 0x80, 0x7b,
  0x7f, 0x7f, 0x82, 0x81, 0x7b, 0x82, 0x84, 0x7f, 0x7c, 0x7f, 0x83, 0x7f,
  0x7a, 0x7f, 0x84, 0x7f, 0x7e, 0x7b, 0x83, 0x7e, 0x7c, 0x7f, 0x83, 0x7f,
  0x7d, 0x80, 0x81, 0x81, 0x7b, 0x7f, 0x81, 0x7e, 0x7e, 0x7f, 0x80, 0x80,
  0x80, 0x80, 0x7f, 0x7b, 0x83, 0x7e, 0x7f, 0x7b, 0x83, 0x82, 0x7b, 0x81,
  0x7f, 0x83, 0x7b, 0x7e, 0x84, 0x7f, 0x7e, 0x7e, 0x81, 0x80, 0x79, 0x81,
  0x84, 0x7e, 0x80, 0x7c, 0x85, 0x7f, 0x7a, 0x7f, 0x80, 0x82, 0x7a, 0x7e,
  0x82, 0x80, 0x7d, 0x7e, 0x81, 0x7f, 0x7d, 0x7d, 0x81, 0x81, 0x7d, 0x80,
  0x83, 0x7f, 0x7e, 0x7c, 0x81, 0x7f, 0x7d, 0x81, 0x7e, 0x83, 0x7c, 0x7e,
  0x82, 0x7e, 0x80, 0x7f, 0x80, 0x7f, 0x7d, 0x80, 0x7f, 0x7e, 0x80, 0x7e,
  0x81, 0x7e, 0x7e, 0x82, 0x7d, 0x80, 0x7c, 0x81, 0x7d, 0x7e, 0x80, 0x80,
  0x81, 0x7d, 0x7f, 0x81, 0x7f, 0x7e, 0x7d, 0x82, 0x80, 0x7c, 0x81, 0x80,
  0x81, 0x7f, 0x7c, 0x83, 0x7d, 0x7d, 0x7e, 0x80, 0x82, 0x7c, 0x80, 0x81,
  0x7f, 0x7e, 0x7c, 0x80, 0x80, 0x7d, 0x7e, 0x81, 0x81, 0x7d, 0x7f, 0x81,
  0x7f, 0x7f, 0x7d, 0x80, 0x7e, 0x7f, 0x7f, 0x7f, 0x82, 0x7d, 0x7f, 0x80,
  0x7f, 0x80, 0x7e, 0x7f, 0x7f, 0x7e, 0x7f, 0x7d, 0x80, 0x80, 0x80, 0x81,
  0x7e, 0x81, 0x7e, 0x7d, 0x7f, 0x7e, 0x82, 0x7c, 0x7f, 0x80, 0x7e, 0x80,
  0x7e, 0x81, 0x80, 0x7b, 0x7f, 0x7e, 0x80, 0x7f, 0x7d, 0x82, 0x7e, 0x7e,
  0x7e, 0x7d, 0x81, 0x7f, 0x7f, 0x81, 0x80, 0x7e, 0x7e, 0x7e, 0x7f, 0x7f,
  0x7e, 0x7f, 0x7e, 0x7f, 0x7e, 0x7e, 0x81, 0x7f, 0x7e, 0x7f, 0x7e, 0x7f,
  0x7f, 0x7d, 0x7f, 0x7e, 0x80, 0x7e, 0x7e, 0x81, 0x7e, 0x80, 0x7f, 0x7f,
  0x80, 0x7d, 0x7e, 0x7f, 0x7f, 0x80, 0x7e, 0x7f, 0x80, 0x7e, 0x7f, 0x7e,
  0x80, 0x7e, 0x7d, 0x7f, 0x81, 0x7f, 0x7f, 0x80, 0x80, 0x7f, 0x7e, 0x7f,
  0x7f, 0x7e, 0x7f, 0x80, 0x80, 0x80, 0x7d, 0x80, 0x81, 0x7e, 0x7f, 0x7f,
  0x7f, 0x80, 0x7e, 0x7f, 0x80, 0x80, 0x7f, 0x7f, 0x7f, 0x7f, 0x7e, 0x7f,
  0x7f, 0x7f, 0x7f, 0x7e, 0x7f, 0x7f, 0x7e, 0x7e, 0x7f, 0x7f, 0x80, 0x7f,
  0x7f, 0x7e, 0x7f, 0x7f, 0x7e, 0x80, 0x7f, 0x7f, 0x7f, 0x7f, 0x7e, 0x7e,
  0x7f, 0x7e, 0x80, 0x7f, 0x7f, 0x80, 0x7f, 0x7f, 0x7f, 0x7e, 0x7f, 0x7f,
  0x7f, 0x7f, 0x7f, 0x80, 0x7e, 0x7f, 0x80, 0x7e, 0x7f, 0x80, 0x7e, 0x7f,
  0x7e, 0x7f, 0x80, 0x7e, 0x7f, 0x7f, 0x7f, 0x7f, 0x7e, 0x80, 0x7f, 0x7e,
  0x80, 0x7f, 0x7f, 0x80, 0x7f, 0x80, 0x7f, 0x7e, 0x80, 0x7e, 0x7f, 0x7f,
  0x7f, 0x80, 0x7e, 0x7f, 0x7f, 0x7e, 0x7f, 0x7e, 0x7f, 0x7f, 0x7e, 0x7f,
  0x80, 0x7f, 0x7f, 0x80, 0x7f, 0x7f, 0x7e, 0x7f, 0x7f, 0x7e, 0x80, 0x7f,
  0x80, 0x80, 0x7e, 0x7f, 0x7e, 0x7f, 0x7e, 0x7f, 0x80, 0x7f, 0x7e, 0x7f,
  0x7f, 0x7f, 0x7f, 0x7f, 0x80, 0x7f, 0x7e, 0x7e, 0x7f, 0x7f, 0x7e, 0x7f,
  0x80, 0x7f, 0x7f, 0x7e, 0x80, 0x80, 0x7e, 0x7f, 0x7f, 0x7f, 0x7e, 0x7f,
  0x7e, 0x80, 0x7f, 0x7f, 0x7f, 0x7e, 0x7f, 0x7e, 0x7e, 0x7f, 0x7f, 0x7e,
  0x7f, 0x80, 0x7f, 0x7e, 0x7f, 0x7f, 0x7e, 0x7e, 0x7e, 0x80, 0x7f, 0x7f,
  0x7f, 0x7f, 0x80, 0x7d, 0x7f, 0x7f, 0x7e, 0x7f, 0x7e, 0x80, 0x7f, 0x7e,
  0x7f, 0x7e, 0x7f, 0x7e, 0x7f, 0x7f, 0x7f, 0x7e, 0x7f, 0x7f, 0x7e, 0x7e,
  0x7f, 0x7f, 0x7e, 0x7f, 0x7f, 0x7e, 0x7f, 0x7f, 0x7e, 0x7f, 0x7f, 0x7f,
  0x7f, 0x7e, 0x7f, 0x80, 0x7e, 0x7f, 0x7e, 0x7f, 0x7e, 0x7f, 0x7f, 0x7e,
  0x7f, 0x7e, 0x7f, 0x7f, 0x7f, 0x7e, 0x7f, 0x7e, 0x7f, 0x7e, 0x7f, 0x7f,
  0x7f, 0x7e, 0x7f, 0x7e, 0x7f, 0x7f, 0x7f, 0x7f, 0x7e, 0x7f, 0x7f, 0x7e,
  0x7f, 0x7e, 0x7f, 0x7e, 0x7f, 0x7f, 0x7e, 0x7f, 0x7f, 0x7f, 0x7e, 0x7f,
  0x7e, 0x7f, 0x7e, 0x7f, 0x7f, 0x7e, 0x7f, 0x7e, 0x7f, 0x7f, 0x7e, 0x7f,
  0x7f, 0x80, 0x7f, 0x7e, 0x7f, 0x7f, 0x7e, 0x7e, 0x7f, 0x7f, 0x7e, 0x7f,
  0x7e, 0x7f, 0x7f, 0x7e, 0x7f, 0x7f, 0x7e, 0x7f, 0x7e, 0x7f, 0x7f, 0x7e,
  0x7f, 0x7e, 0x7f, 0x7e, 0x7f, 0x7f, 0x7f, 0x7e, 0x7f, 0x7f, 0x7e, 0x7f,
  0x7e, 0x7f, 0x7e, 0x7f, 0x7e, 0x7f, 0x7e, 0x7f, 0x7e, 0x7f, 0x7e, 0x7e,
  0x7f, 0x7e, 0x7f, 0x7e, 0x7f, 0x7f, 0x7e, 0x7e, 0x7f, 0x7e, 0x7f, 0x7e,
  0x7f, 0x7e, 0x7f, 0x7e, 0x7f, 0x7f, 0x7f, 0x7f, 0x7f, 0x7e, 0x7f, 0x7e,
  0x7f, 0x7e, 0x7f, 0x7e, 0x7f, 0x7f, 0x7e, 0x7f, 0x7f, 0x7e, 0x7f, 0x7e,
  0x7f, 0x7e, 0x7e, 0x7f, 0x7e, 0x7f, 0x7e, 0x7f, 0x7f, 0x7e, 0x7f, 0x7e,
  0x7f, 0x7e, 0x7f, 0x7e, 0x7f, 0x7e, 0x7f, 0x7e, 0x7f, 0x7e, 0x7f, 0x7e,
  0x7f, 0x7e, 0x7f, 0x7e, 0x7f, 0x7f, 0x7e, 0x7f, 0x7e, 0x7f, 0x7e, 0x7f,
  0x7f, 0x7e, 0x7f, 0x7e, 0x7f, 0x7e, 0x7f, 0x7e, 0x7f, 0x7e, 0x7f, 0x7e,
  0x7f, 0x7f, 0x7e, 0x7f, 0x7e, 0x7f, 0x7e, 0x7f, 0x7f, 0x7f, 0x7e, 0x7f,
  0x7e, 0x7f, 0x7e, 0x7f, 0x7e, 0x7f, 0x7e, 0x7f, 0x7f, 0x7f, 0x7f, 0x7f,
  0x7f, 0x7f, 0x7f, 0x7f, 0x7f, 0x7f, 0x7f, 0x7f, 0x7f, 0x7f, 0x7f, 0x7f,
  0x7f, 0x7f, 0x7f, 0x7f, 0x7f, 0x7f, 0x7f, 0x7f, 0x7f, 0x7f, 0x7f, 0x7f,
  0x7f, 0x7f, 0x7f, 0x7f, 0x7f, 0x7f, 0x7f, 0x7f, 0x7f, 0x7f, 0x7f, 0x7f,
  0x7f, 0x7f, 0x7f, 0x7f, 0x7f, 0x7f, 0x7f, 0x7f, 0x7f, 0x7f, 0x7f, 0x7f,
  0x7f, 0x7f, 0x7f, 0x7f, 0x7f, 0x7f, 0x7f, 0x7f, 0x7f, 0x7f, 0x7f, 0x7f,
  0x7f, 0x7f, 0x7f, 0x7e, 0x7f, 0x7e, 0x7f, 0x7e, 0x7f, 0x7e, 0x7f, 0x7e,
  0x7f, 0x7f, 0x7e, 0x7f, 0x7f, 0x7f, 0x7e, 0x7f, 0x7f, 0x7e, 0x7f, 0x7e,
  0x7f, 0x7f, 0x7e, 0x7f, 0x7e, 0x7e, 0x7f, 0x7e, 0x7f, 0x7e, 0x7f, 0x7e,
  0x7f, 0x7e, 0x7f, 0x7e, 0x7f, 0x7f, 0x7e, 0x7f, 0x7e, 0x7f, 0x7f, 0x7f,
  0x7f, 0x7e, 0x7f, 0x7f, 0x7f, 0x7f, 0x7f, 0x7f, 0x7f, 0x7f, 0x7f, 0x7f,
  0x7f, 0x7f, 0x7f, 0x7f, 0x7f, 0x7f, 0x7f, 0x7f, 0x7f, 0x7f, 0x7f, 0x7f,
  0x7f, 0x7f, 0x7f, 0x7f, 0x7f, 0x7f, 0x7f, 0x7f, 0x7f, 0x7f, 0x7f, 0x7f,
  0x7f, 0x7f, 0x7f, 0x7f, 0x7f, 0x7f, 0x7f, 0x7f, 0x7f, 0x7f, 0x7f, 0x7f,
  0x7f, 0x7f, 0x7f, 0x7f, 0x7f, 0x7f, 0x7f, 0x7f, 0x7f, 0x7f, 0x7f, 0x7f,
  0x7f, 0x7f, 0x7f, 0x7f, 0x7f, 0x7f, 0x7f, 0x7f, 0x7f, 0x7f, 0x7f, 0x7f,
  0x7f, 0x7f, 0x7f, 0x7f, 0x7f, 0x7f, 0x7f, 0x7f, 0x7f, 0x7f, 0x7f, 0x7f,
  0x7f, 0x7f, 0x7f, 0x7f, 0x7f, 0x7f, 0x7f, 0x7f, 0x7f, 0x7f, 0x7f, 0x7f,
  0x7f, 0x7f, 0x7f, 0x7f, 0x7f, 0x7f, 0x7f, 0x7f, 0x7f, 0x7f, 0x7f, 0x7f,
  0x7f, 0x7f, 0x7f, 0x7f, 0x7f, 0x7f, 0x7f, 0x7f, 0x7f, 0x7f, 0x7f, 0x7f,
  0x7f, 0x7f, 0x7f, 0x7f, 0x7f, 0x7f, 0x7f, 0x7f, 0x7f, 0x7f, 0x7f, 0x7f,
  0x7f, 0x7f, 0x7f, 0x7f, 0x7f, 0x7f, 0x7f, 0x7f, 0x7f, 0x7f, 0x7f, 0x7f,
  0x7f, 0x7f, 0x7f, 0x7f, 0x7f, 0x7f, 0x7f, 0x7f, 0x7f, 0x7f, 0x7f, 0x7f,
  0x7f, 0x7f, 0x7f, 0x7f, 0x7f, 0x7f, 0x7f, 0x7f, 0x7f, 0x7f, 0x7f, 0x7f,
  0x7f, 0x7f, 0x7f, 0x7f, 0x7f, 0x7f, 0x7f, 0x7f, 0x7f, 0x7f, 0x7f, 0x7f,
  0x7f, 0x7f, 0x7f, 0x7f, 0x7f, 0x7f, 0x7f, 0x7f, 0x7f, 0x7f, 0x7f, 0x7f,
  0x7f, 0x7f, 0x7f, 0x7f, 0x7f, 0x7f, 0x7f, 0x7f, 0x7f, 0x7f, 0x7f, 0x7f,
  0x7f, 0x7f, 0x7f, 0x7f, 0x7f, 0x7f, 0x7f, 0x7f, 0x7f, 0x7f, 0x7f, 0x7f,
  0x7f, 0x7f, 0x7f, 0x7f, 0x7f, 0x7f, 0x7f, 0x7f, 0x7f, 0x7f, 0x7f, 0x7f,
  0x7f, 0x7f, 0x7f, 0x7f, 0x7f, 0x7f, 0x7f, 0x7f, 0x7f, 0x7f, 0x7f, 0x7f,
  0x7f, 0x7f, 0x7f, 0x7f, 0x7f, 0x7f, 0x7f, 0x7f, 0x7f, 0x7f, 0x7f, 0x7f,
  0x7f, 0x7f, 0x7f, 0x7f, 0x7f, 0x7f, 0x7f, 0x7f, 0x7f, 0x7f, 0x7f, 0x7f,
  0x7f, 0x7f, 0x7f, 0x7f, 0x7f, 0x7f, 0x7f, 0x7f, 0x7f, 0x7f, 0x7f, 0x7f,
  0x7f, 0x7f, 0x7f, 0x7f, 0x7f, 0x7f, 0x7f, 0x7f, 0x7f, 0x7f, 0x7f, 0x7f,
  0x7f, 0x7f, 0x7f, 0x7f, 0x7f, 0x7f, 0x7f, 0x7f, 0x7f, 0x7f, 0x7f, 0x7f,
  0x7f, 0x7f, 0x7f, 0x7f, 0x7f, 0x7f, 0x7f, 0x7f, 0x7f, 0x7f, 0x7f, 0x7f,
  0x7f, 0x7f, 0x7f, 0x7f, 0x7f, 0x7f, 0x7f, 0x7f, 0x7f, 0x7f, 0x7f, 0x7f,
  0x7f, 0x7f, 0x7f, 0x7f, 0x7f, 0x7f, 0x7f, 0x7f, 0x7f, 0x7f, 0x7f, 0x7f,
  0x7f, 0x7f, 0x7f, 0x7f, 0x7f, 0x7f, 0x7f, 0x7f, 0x7f, 0x7f, 0x7f, 0x7f,
  0x7f, 0x7f, 0x7f, 0x7f, 0x7f, 0x7f, 0x7f, 0x7f, 0x7f, 0x7f, 0x7f, 0x7f,
  0x7f, 0x7f, 0x7f, 0x7f, 0x7f, 0x7f, 0x7f, 0x7f, 0x7f, 0x7f, 0x7f, 0x7f,
  0x7f, 0x7f, 0x7f, 0x7f, 0x7f, 0x7f, 0x7f, 0x7f, 0x7f, 0x7f, 0x7f, 0x7f,
  0x7f, 0x7f, 0x7f, 0x7f, 0x7f, 0x7f, 0x7f, 0x7f, 0x7f, 0x7f, 0x7f, 0x7f,
  0x7f, 0x7f, 0x7f, 0x7f, 0x7f, 0x7f, 0x7f, 0x7f, 0x7f, 0x7f, 0x7f, 0x7f,
  0x7f, 0x7f, 0x7f, 0x7f, 0x7f, 0x7f, 0x7f, 0x7f, 0x7f, 0x7f, 0x7f, 0x7f,
  0x7f, 0x7f, 0x7f, 0x7f, 0x7f, 0x7f, 0x7f, 0x7f, 0x7f, 0x7f, 0x7f, 0x7f,
  0x7f, 0x7f, 0x7f, 0x7f, 0x7f, 0x7f, 0x7f, 0x7f, 0x7f, 0x7f, 0x7f, 0x7f,
  0x7f, 0x7f, 0x7f, 0x7f, 0x7f, 0x7f, 0x7f, 0x7f, 0x7f, 0x7f, 0x7f, 0x7f,
  0x7f, 0x7f, 0x7f, 0x7f, 0x7f, 0x7f, 0x7f, 0x7f, 0x7f, 0x7f, 0x7f, 0x7f,
  0x7f, 0x7f, 0x7f, 0x7f, 0x7f, 0x7f, 0x7f, 0x7f, 0x7f, 0x7f, 0x7f, 0x7f,
  0x7f, 0x7f, 0x7f, 0x7f, 0x7f, 0x7f, 0x7f, 0x7f, 0x7f, 0x7f, 0x7f, 0x7f,
  0x7f, 0x7f, 0x7f, 0x7f, 0x7f, 0x7f, 0x7f, 0x7f, 0x7f, 0x7f, 0x7f, 0x7f,
  0x7f, 0x7f, 0x7f, 0x7f, 0x7f
};
unsigned int output_pcm_len = 48305;
